label,title,text
0,,If anyone has a list of companies doing data visualization (software or hardware) I would like to hear from them. Thanks. -- krs --
3,,"I saw a Lifetime Medical Television show a few months back on travel medicine. It briefly mentioned some drugs which when started two or three days before getting to altitude could assist in acclimitazation. Unfortunately all that I can recall is that the drug stimulated breathing at night??? I don't know if that makes sense, it seems to me that the new drug which stimulates red blood cell production would be a more logical approach, erythropoiten (sp?). Alas, I didn't record the program, but wish I had, since I live at over 7000ft. and my mother gets sick when visiting. Please let me know if you get more informative responses."
2,,"Bunker & McNally were later. Pappas, Estrada, Steve Barber, and . . . ?"
3,,"I agree. Adding layers of managers and bureaucrats simply eat up money that could be spent on those who actually are doing the work such as doctors and nurse, and supplies. The most efficient system is probably one that has limited management and a fixed budget such as England's or even Canada's. I'm afraid we are on the wrong track. The problem may be that the insurance lobby is too powerful. -- ---------------------------------------------------------------------------- Gordon Banks N3JXP | ""Skepticism is the chastity of the intellect, and geb@cadre.dsl.pitt.edu | it is shameful to surrender it too soon."""
1,,"I understand Caddy is working on one, double battery, super high perf engine, more gauges, a bit 'stretched', etc, lots of communication equipment, the works. Color selection is limited though. The problem is that the guy at 1600 Penn. Avenue is about to get it (Pres. Clinton) (Last time it was a Lincoln, this time a Caddy). Not to my knowledge; I know GM does conversion work for things like hot climates (i.e. the Chevy Caprices sold to the Middle East) but things like that are always done by third parties, NOT the manufacturer. Maybe you will need to buy a specific package that has beefed-up everything, perhaps the police cruiser package on the Caprice/Crown Vic and start from there. ""And I wuz drivin' along in my armored Seville STS and this punk pulls out of nowhere with an RPG (Rocket Propelled Grenade) but the bulletproof windshield stopped him"" :-) Don't think many people on the net have a need for bulletproof cars. Check with local armored service companies/security/bodyguard places. They'd know best. I think your average luxury car dealer will have a coronary if you told them ""I'll take the blue Caprice, with options FZ01 (Fuzzy Dice), PR11 (power everything), and AR007 (Armor). I believe an article on the conversion process appeared in the car press within the last few months. Spiros"
4,,"Does anyone know ifthe STS-56 email press kit was ever released? -Tony Ryan, ""Astronomy & Space"", new International magazine, available from: Astronomy Ireland, P.O.Box 2888, Dublin 1, Ireland. 6 issues (one year sub.): UK 10.00 pounds, US$20 surface (add US$8 airmail). ACCESS/VISA/MASTERCARD accepted (give number, expiration date, name&address)."
3,,"Short of changes by the feds, there is no way. Codeine alone is very difficult to prescribe without a lot of hassles. Tylenol #3 is the best compromise. That way he can get refills. The amount of acetominophen he is getting with his codeine won't hurt him any. -- ---------------------------------------------------------------------------- Gordon Banks N3JXP | ""Skepticism is the chastity of the intellect, and geb@cadre.dsl.pitt.edu | it is shameful to surrender it too soon."""
2,,"A guy who threw 240 innings with about .6 run lower ERA would have saved the bullpen even more. Say, somebody like Frank Viola (238 innings). Nice audition tape. Send it to: Baseball Tonight ATTN: Ray Knight ESPN Bristol, CT Have you, by chance, taken a look at the boxscores from last year to determine the accuracy of your account? I seem to recall Morris getting at least 3 or 4 wins last year when the Jays came back from behind after they had decided to pull Morris at the end of an inning. Mike Jones | AIX High-End Development | mjones@donald.aix.kingston.ibm.com"
1,,"(I deleted your name because I don't want to sound accusative in my remark) I'm not going to argue the issue of carrying weapons, but I would ask you if you would have thought seriously about shooting a kid for setting off your alarm? I can think of worse things in the world. Glad you got out of there before they did anything to give you a reason to fire your gun. We can all ask ""what's happening to society these days"", but don't forget to ask another important question too: What effort am I expending to make it any different than it is?"
3,,"Archive-name: typing-injury-faq/changes Version: $Revision: 1.3 $ $Date: 1993/04/13 04:12:33 $ This file details changes to the soda.berkeley.edu archive and summarizes what's new in the various FAQ (frequently asked questions) documents. This will be posted monthly, along with the full FAQ to the various net groups. The various mailing lists will either receive the full FAQ every month, or every third month, but will always get this file, once per month. Phew! ============================================================================ Changes to the Typing Injuries FAQ and soda.berkeley.edu archive, this month ============================================================================ a few new files on the soda.berkeley.edu archive the TidBITS ""Caring for your wrists"" document RSI Network #11 Advice about ""adverse mechanical tension"" More details about the new Apple keyboard more info about carpal tunnel syndrome (carpal.explained) more general info about RSI (rsi.details, rsi.physical) marketing info on the Vertical MacWeek article the Bat new details on hooking a normal PC keyboard to an RS/6000 updated pricing info on the DataHand and Comfort Half-QWERTY now available for anonymous ftp on explorer.dgp.toronto.edu new GIF picutures! The Apple Adjustable Keyboard The Key Tronic FlexPro another picture of the Kinesis The Vertical The Tony! ============================================================================ If you'd like to receive a copy of the FAQ and you didn't find it in the same place you found this document, you can either send e-mail to dwallach@cs.berkeley.edu, or you can anonymous ftp to soda.berkeley.edu (128.32.149.19) and look in the pub/typing-injury directory. Enjoy!"
1,,"I know it's a long shot, but maybe someone went through this and will have some comments to share. The story is this: I bought a car out of state, and I'm trying to get the safety inspection in Pennsylvania. The problem is that the car has aftermarket tint on all windows except the windshield. The tint is rather weak, and you can clearly see the inside of the car through the tint. The inspection garage said that they won't pass it unless I get a waiver from the state police. So I went to the state police - the officer told me that aftermarket tint is illegal, and I can get a waiver only for a pre-84 car or for a medical reason. I asked him to show me the section of the vehicle code that says it's illegal. He showed it to me and the paraghaph said that you can't have tint, if you can't see the inside of the car because of the tint. When I told him that you can in fact see the inside very well, he shut the book and said ""It's just illegal, and in fact we can have someone give you a ticket for it right now."" Well, won't argue with that... Since the vehicle code says it's OK as long as you can see through the tint, I'd like to keep it (I'll re-read the vehicle code in the library). I'd also like to get some sort of paper from the police that says it's OK, so I can get the inspection, and so that I won't get in trouble for the tint later on. I also wouldn't mind registering a complaint against that officer - he really pissed me off. So does anyone have any experience getting that sort of a paper from the police, especially in Pennsylvania? Does anyone have any experience registering a complaint against an officer? I called the station later on today, but they basically said there is no place where I could register a complaint against an officer... And if I do decide to keep the tint and get a ticket anyway, how much of a chance do I stand to succesfully appeal the ticket in court? Any comments about it will be welcome!"
5,,/>/:/g j:Maybe they WANTED it to look like murder. He had 50+ days. I think this was :>coming the whole time. He didn't even put the children in the buried bus or :>the underground bunker during the CS seige. He put them up into the tower :>to die. : : Is CS gas lighter or heavier than air? Do you know? If the CS is heavier than air... most chemical weapons are...
4,,"SPECIFIC: Basically to be able to do the things the big dadies can do.. Monitor, and control if need be the Shuttle... Such as the one in Australia and such...."
4,,"Archive-name: space/controversy Last-modified: $Date: 93/04/01 14:39:06 $ CONTROVERSIAL QUESTIONS These issues periodically come up with much argument and few facts being offered. The summaries below attempt to represent the position on which much of the net community has settled. Please DON'T bring them up again unless there's something truly new to be discussed. The net can't set public policy, that's what your representatives are for. WHAT HAPPENED TO THE SATURN V PLANS Despite a widespread belief to the contrary, the Saturn V blueprints have not been lost. They are kept at Marshall Space Flight Center on microfilm. The problem in re-creating the Saturn V is not finding the drawings, it is finding vendors who can supply mid-1960's vintage hardware (like guidance system components), and the fact that the launch pads and VAB have been converted to Space Shuttle use, so you have no place to launch from. By the time you redesign to accommodate available hardware and re-modify the launch pads, you may as well have started from scratch with a clean sheet design. WHY DATA FROM SPACE MISSIONS ISN'T IMMEDIATELY AVAILABLE Investigators associated with NASA missions are allowed exclusive access for one year after the data is obtained in order to give them an opportunity to analyze the data and publish results without being ""scooped"" by people uninvolved in the mission. However, NASA frequently releases examples (in non-digital form, e.g. photos) to the public early in a mission. RISKS OF NUCLEAR (RTG) POWER SOURCES FOR SPACE PROBES There has been extensive discussion on this topic sparked by attempts to block the Galileo and Ulysses launches on grounds of the plutonium thermal sources being dangerous. Numerous studies claim that even in worst-case scenarios (shuttle explosion during launch, or accidental reentry at interplanetary velocities), the risks are extremely small. Two interesting data points are (1) The May 1968 loss of two SNAP 19B2 RTGs, which landed intact in the Pacific Ocean after a Nimbus B weather satellite failed to reach orbit. The fuel was recovered after 5 months with no release of plutonium. (2) In April 1970, the Apollo 13 lunar module reentered the atmosphere and its SNAP 27 RTG heat source, which was jettisoned, fell intact into the 20,000 feet deep Tonga Trench in the Pacific Ocean. The corrosion resistant materials of the RTG are expected to prevent release of the fuel for a period of time equal to 10 half-lives of the Pu-238 fuel or about 870 years [DOE 1980]. To make your own informed judgement, some references you may wish to pursue are: A good review of the technical facts and issues is given by Daniel Salisbury in ""Radiation Risk and Planetary Exploration-- The RTG Controversy,"" *Planetary Report*, May-June 1987, pages 3-7. Another good article, which also reviews the events preceding Galileo's launch, ""Showdown at Pad 39-B,"" by Robert G. Nichols, appeared in the November 1989 issue of *Ad Astra*. (Both magazines are published by pro-space organizations, the Planetary Society and the National Space Society respectively.) Gordon L Chipman, Jr., ""Advanced Space Nuclear Systems"" (AAS 82-261), in *Developing the Space Frontier*, edited by Albert Naumann and Grover Alexander, Univelt, 1983, p. 193-213. ""Hazards from Plutonium Toxicity"", by Bernard L. Cohen, Health Physics, Vol 32 (may) 1977, page 359-379. NUS Corporation, Safety Status Report for the Ulysses Mission: Risk Analysis (Book 1). Document number is NUS 5235; there is no GPO #; published Jan 31, 1990. NASA Office of Space Science and Applications, *Final Environmental Impact Statement for the Ulysses Mission (Tier 2)*, (no serial number or GPO number, but probably available from NTIS or NASA) June 1990. [DOE 1980] U.S. Department of Energy, *Transuranic Elements in the Environment*, Wayne C. Hanson, editor; DOE Document No. DOE/TIC-22800; Government Printing Office, Washington, D.C., April 1980.) IMPACT OF THE SPACE SHUTTLE ON THE OZONE LAYER From time to time, claims are made that chemicals released from the Space Shuttle's Solid Rocket Boosters (SRBs) are responsible for a significant amount of damage to the ozone layer. Studies indicate that they in reality have only a minute impact, both in absolute terms and relative to other chemical sources. The remainder of this item is a response from the author of the quoted study, Charles Jackman. The atmospheric modelling study of the space shuttle effects on the stratosphere involved three independent theoretical groups, and was organized by Dr. Michael Prather, NASA/Goddard Institute for Space Studies. The three groups involved Michael Prather and Maria Garcia (NASA/GISS), Charlie Jackman and Anne Douglass (NASA/Goddard Space Flight Center), and Malcolm Ko and Dak Sze (Atmospheric and Environmental Research, Inc.). The effort was to look at the effects of the space shuttle and Titan rockets on the stratosphere. The following are the estimated sources of stratospheric chlorine: Industrial sources: 300,000,000 kilograms/year Natural sources: 75,000,000 kilograms/year Shuttle sources: 725,000 kilograms/year The shuttle source assumes 9 space shuttles and 6 Titan rockets are launched yearly. Thus the launches would add less than 0.25% to the total stratospheric chlorine sources. The effect on ozone is minimal: global yearly average total ozone would be decreased by 0.0065%. This is much less than total ozone variability associated with volcanic activity and solar flares. The influence of human-made chlorine products on ozone is computed by atmospheric model calculations to be a 1% decrease in globally averaged ozone between 1980 and 1990. The influence of the space shuttle and Titan rockets on the stratosphere is negligible. The launch schedule of the Space Shuttle and Titan rockets would need to be increased by over a factor of a hundred in order to have about the same effect on ozone as our increases in industrial halocarbons do at the present time. Theoretical results of this study have been published in _The Space Shuttle's Impact on the Stratosphere_, MJ Prather, MM Garcia, AR Douglass, CH Jackman, M.K.W. Ko and N.D. Sze, Journal of Geophysical Research, 95, 18583-18590, 1990. Charles Jackman, Atmospheric Chemistry and Dynamics Branch, Code 916, NASA/Goddard Space Flight Center, Greenbelt, MD 20771 Also see _Chemical Rockets and the Environment_, A McDonald, R Bennett, J Hinshaw, and M Barnes, Aerospace America, May 1991. HOW LONG CAN A HUMAN LIVE UNPROTECTED IN SPACE If you *don't* try to hold your breath, exposure to space for half a minute or so is unlikely to produce permanent injury. Holding your breath is likely to damage your lungs, something scuba divers have to watch out for when ascending, and you'll have eardrum trouble if your Eustachian tubes are badly plugged up, but theory predicts -- and animal experiments confirm -- that otherwise, exposure to vacuum causes no immediate injury. You do not explode. Your blood does not boil. You do not freeze. You do not instantly lose consciousness. Various minor problems (sunburn, possibly ""the bends"", certainly some [mild, reversible, painless] swelling of skin and underlying tissue) start after ten seconds or so. At some point you lose consciousness from lack of oxygen. Injuries accumulate. After perhaps one or two minutes, you're dying. The limits are not really known. References: _The Effect on the Chimpanzee of Rapid Decompression to a Near Vacuum_, Alfred G. Koestler ed., NASA CR-329 (Nov 1965). _Experimental Animal Decompression to a Near Vacuum Environment_, R.W. Bancroft, J.E. Dunn, eds, Report SAM-TR-65-48 (June 1965), USAF School of Aerospace Medicine, Brooks AFB, Texas. HOW THE CHALLENGER ASTRONAUTS DIED The Challenger shuttle launch was not destroyed in an explosion. This is a well-documented fact; see the Rogers Commission report, for example. What looked like an explosion was fuel burning after the external tank came apart. The forces on the crew cabin were not sufficient to kill the astronauts, never mind destroy their bodies, according to the Kerwin team's medical/forensic report. The astronauts were killed when the more-or-less intact cabin hit the water at circa 200MPH, and their bodies then spent several weeks underwater. Their remains were recovered, and after the Kerwin team examined them, they were sent off to be buried. USING THE SHUTTLE BEYOND LOW EARTH ORBIT You can't use the shuttle orbiter for missions beyond low Earth orbit because it can't get there. It is big and heavy and does not carry enough fuel, even if you fill part of the cargo bay with tanks. Furthermore, it is not particularly sensible to do so, because much of that weight is things like wings, which are totally useless except in the immediate vicinity of the Earth. The shuttle orbiter is highly specialized for travel between Earth's surface and low orbit. Taking it higher is enormously costly and wasteful. A much better approach would be to use shuttle subsystems to build a specialized high-orbit spacecraft. [Yet another concise answer by Henry Spencer.] THE ""FACE ON MARS"" There really is a big rock on Mars that looks remarkably like a humanoid face. It appears in two different frames of Viking Orbiter imagery: 35A72 (much more facelike in appearance, and the one more often published, with the Sun 10 degrees above western horizon) and 70A13 (with the Sun 27 degrees from the west). Science writer Richard Hoagland has championed the idea that the Face is artificial, intended to resemble a human, and erected by an extraterrestrial civilization. Most other analysts concede that the resemblance is most likely accidental. Other Viking images show a smiley-faced crater and a lava flow resembling Kermit the Frog elsewhere on Mars. There exists a Mars Anomalies Research Society (sorry, don't know the address) to study the Face. The Mars Observer mission will carry an extremely high-resolution camera, and better images of the formation will hopefully settle this question in a few years. In the meantime, speculation about the Face is best carried on in the altnet group alt.alien.visitors, not sci.space or sci.astro. V. DiPeitro and G. Molenaar, *Unusual Martian Surface Features*, Mars Research, P.O. Box 284, Glen Dale, Maryland, USA, 1982. $18 by mail. R.R. Pozos, *The Face of Mars*, Chicago Review Press, 1986. [Account of an interdisciplinary speculative conference Hoagland organized to investigate the Face] R.C. Hoagland, *The Monuments of Mars: A City on the Edge of Forever*, North Atlantic Books, Berkeley, California, USA, 1987. [Elaborate discussion of evidence and speculation that formations near the Face form a city] M.J. Carlotto, ""Digital Imagery Analysis of Unusual Martian Surface Features,"" *Applied Optics*, 27, pp. 1926-1933, 1987. [Extracts three-dimensional model for the Face from the 2-D images] M.J. Carlotto & M.C. Stein, ""A Method of Searching for Artificial Objects on Planetary Surfaces,"" *Journal of the British Interplanetary Society*, Vol. 43 no. 5 (May 1990), p.209-216. [Uses a fractal image analysis model to guess whether the Face is artificial] B. O'Leary, ""Analysis of Images of the `Face' on Mars and Possible Intelligent Origin,"" *JBIS*, Vol. 43 no. 5 (May 1990), p. 203-208. [Lights Carlotto's model from the two angles and shows it's consistent; shows that the Face doesn't look facelike if observed from the surface]"
3,,"We're about to have our first baby, and have a few questions that we dont seem to be able to get answered to our satisfaction. Reguarding having a baby boy circumsized, what are the medical pros and cons? All we've heard is 'its up to the parents'. How about the pregnant woman sitting in a tub of water? We've heard stories of infection, etc. How about after the water has broken?"
1,,"As I recall from reading posts here a while back, Rovax (Rovacs?) died because it was larger and noisier than the competing cheap R12 systems of it day. Probably a case of bad timing. I think the system would have a better chance today now that R12 systems are on death row, but investors may be hard to come by a second time."
1,,"You can also just put the detector off to the side on the dash so the cop doesn't see it right away...Valentine is the best detector by far (as stated by Car and Driver) and even tells you what direction the radar is coming from. It also gives the amount of ""threats"" it is picking up, so if you go through the same place everyday, and it always goes off there, you can glance at the number of ""threats"" the Valentine is detecting to see if it is a genuine cop. It's about $300 and you can only get it factory direct..one problem. Rob Fusi rwf2@lehigh.edu"
3,,"Can anybody out there provide me with any advice concerning the following two health problems: First, I was recently diagnosed (using a UGI series) as having a Schatzki ring and small sliding hiatal hernia. As I understand it, the hernia is a relatively minor problem, though I do occasionally have some nasty heartburn that is probably related to it. The Schatzki ring, on the other hand, is causing swallowing difficulty. In particular, if I'm not careful about eating slowly, and thoroughly chewing food, food occasionally gets ""stuck"" before reaching my stomach. This results in a period of painful spasms as the food attempts to pass the obstruction. Fortunately, the food has always managed to pass, but this is annoying, and causes frequent discomfort. My doctor wants to ""dilate"" the ring using the following procedure: use an endoscope to examine the esophagus and stomach for any inflammation, then cut through the ring and dilate it by passing some kind of balloon or something thru the esophagous. I would like to know if anyone out there has had this (or a similar) procedure done-if so, was it painful, successful, etc. Also, can anyone comment on safety, advisability, and success rate of this procedure? Has it become a common procedure? I am kind of leery of having such an invasive-sounding procedure performed for a (currently) non-threatening condition such as this, especially considering the possible side effects (bleeding, perforation, reaction to anesthesia). The second issue: for the past 3-4 years I have had a large number of ""extra"" heartbeats. In particular, during the past month or so there has been a dramatic increase-a Holter monitor recently showed 50 PVC's in 24 hrs, along with a few PAC's. (Many days, there are far more than this, however-five to ten per hour). All of them were isolated, and the cardiologist indicated that such a number was ""normal"". It certainly doesn't feel normal. In the past there have also been a couple of episodes of extended ""runs"" of these beats, one of which lasted long enough to cause severe light-headedness. I am relatively young (30-ish), thin and in good health (recent bloodtests were all normal), and do not smoke, use drugs or caffeine, etc. I'm willing to accept the extra beats as ""normal"", but don't want to ignore them if they might be some kind of warning symptom. The number of PVC's seems to increase throughout the day, and with exercise (or something as simple as climbing some stairs). Also, if I get up after sitting or lying down for a while, I tend to get a couple of extra beats. Could they possibly be related to the esophagous problems? Both seemed to develop at about the same time. Thanks for any help/advice!"
4,,"Henry, didn't the Little Joe and Big Joe get built in under a year? 6 months for little Joe, and 12 Months for Big Joe? i thought i saw something on that for a old mercury film."
1,,"89' Toyota Camry LE 4 dr sedan AC AT power windows and locks 53k miles, asking $9000. Pls call 510-526-8248 or send e-mail to this account."
2,,"+> +> Recently, I heard the Red Sox on WROL a Spanish-speaking radio station. +>I thought it was so unreal. The Red Sox in Spanish? Anyway, I want to find +>out how widespread this is? Being a NY native, I know the scMets are on in +>Spanish but not the Yankmes. I wuold think that LA,SD,Texas and Fla are on +>in Spanish. Are there any Spanish-speaking networks or is this a local The braves day games are broadcast is Spanish on a station called ""La Favorita"". (the station has a daytime liscence only)."
4,,Let us hope that the performance of the spacecraft follows the sentiments of the first verse (miner) rather than the second (lost and gone forever).
5,,"^^^^^ ^^^^^^^^^^^^^^^^^^ ^^^^^^^^^^^^^^^^^^^^ Sorry, but I really can't figure out what you're trying to say, above. Not exactly: ""An unconstitutional act is not law; it confers no rights; it imposes no duties; affords no protection; it creates no office; it is in legal contemplation, as inoperative as though it had never been passed."" Norton vs. Shelby County, 118 US 425 p.442 ""The general rule is that an unconstitutional statute, though having the form and name of law, is in reality no law, but is wholly void, and ineffective for any purpose; since unconstitutionality dates from the time of it's enactment, and not merely from the date of the decision so branding it."" ""No on is bound to obey an uncontitutional law, and no courts are bound to enforce it."" 16 Am Jur 2d, Sec 177 late 2d, Sec 256 Automatic weapons? No. The Supreme Court has never heard such a case. --"
4,,"Archive-name: space/acronyms Edition: 8 Acronym List for sci.astro, sci.space, and sci.space.shuttle: Edition 8, 1992 Dec 7 Last posted: 1992 Aug 27 This list is offered as a reference for translating commonly appearing acronyms in the space-related newsgroups. If I forgot or botched your favorite acronym, please let me know! Also, if there's an acronym *not* on this list that confuses you, drop me a line, and if I can figure it out, I'll add it to the list. Note that this is intended to be a reference for *frequently seen* acronyms, and is most emphatically *not* encyclopedic. If I incorporated every acronym I ever saw, I'd soon run out of disk space! :-) The list will be posted at regular intervals, every 30 days. All comments regarding it are welcome; I'm reachable as bradfrd2@ncar.ucar.edu. Note that this just tells what the acronyms stand for -- you're on your own for figuring out what they *mean*! Note also that the total number of acronyms in use far exceeds what I can list; special-purpose acronyms that are essentially always explained as they're introduced are omitted. Further, some acronyms stand for more than one thing; as of Edition 3 of the list, these acronyms appear on multiple lines, unless they're simply different ways of referring to the same thing. Thanks to everybody who's sent suggestions since the first version of the list, and especially to Garrett A. Wollman (wollman@griffin.uvm.edu), who is maintaining an independent list, somewhat more verbose in character than mine, and to Daniel Fischer (dfi@specklec.mpifr-bonn.mpg.de), who is maintaining a truly HUGE list (535 at last count) of acronyms and terms, mostly in German (which I read, fortunately). Special thanks this time to Ken Hollis at NASA, who sent me a copy of NASA Reference Publication 1059 Revised: _Space Transportation System and Associated Payloads: Glossary, Acronyms, and Abbreviations_, a truly mammoth tome -- almost 300 pages of TLAs. Special Bonus! At the end of this posting, you will find a perl program written by none other than Larry Wall, whose purpose is to scramble the acronym list in an entertaining fashion. Thanks, Larry! A&A: Astronomy and Astrophysics AAO: Anglo-Australian Observatory AAS: American Astronomical Society AAS: American Astronautical Society AAVSO: American Association of Variable Star Observers ACE: Advanced Composition Explorer ACRV: Assured Crew Return Vehicle (or) Astronaut Crew Rescue Vehicle ADFRF: Ames-Dryden Flight Research Facility (was DFRF) (NASA) AGN: Active Galactic Nucleus AGU: American Geophysical Union AIAA: American Institute of Aeronautics and Astronautics AIPS: Astronomical Image Processing System AJ: Astronomical Journal ALEXIS: Array of Low Energy X-ray Imaging Sensors ALPO: Association of Lunar and Planetary Observers ALS: Advanced Launch System ANSI: American National Standards Institute AOA: Abort Once Around (Shuttle abort plan) AOCS: Attitude and Orbit Control System Ap.J: Astrophysical Journal APM: Attached Pressurized Module (a.k.a. Columbus) APU: Auxiliary Power Unit ARC: Ames Research Center (NASA) ARTEMIS: Advanced Relay TEchnology MISsion ASA: Astronomical Society of the Atlantic ASI: Agenzia Spaziale Italiano ASRM: Advanced Solid Rocket Motor ATDRS: Advanced Tracking and Data Relay Satellite ATLAS: Atmospheric Laboratory for Applications and Science ATM: Amateur Telescope Maker ATO: Abort To Orbit (Shuttle abort plan) AU: Astronomical Unit AURA: Association of Universities for Research in Astronomy AW&ST: Aviation Week and Space Technology (a.k.a. AvLeak) AXAF: Advanced X-ray Astrophysics Facility BATSE: Burst And Transient Source Experiment (on CGRO) BBXRT: Broad-Band X-Ray Telescope (ASTRO package) BEM: Bug-Eyed Monster BH: Black Hole BIMA: Berkeley Illinois Maryland Array BNSC: British National Space Centre BTW: By The Way C&T: Communications & Tracking CCAFS: Cape Canaveral Air Force Station CCD: Charge-Coupled Device CCDS: Centers for the Commercial Development of Space CD-ROM: Compact Disk Read-Only Memory CFA: Center For Astrophysics CFC: ChloroFluoroCarbon CFF: Columbus Free Flyer CFHT: Canada-France-Hawaii Telescope CGRO: (Arthur Holley) Compton Gamma Ray Observatory (was GRO) CHARA: Center for High Angular Resolution Astronomy CIRRIS: Cryogenic InfraRed Radiance Instrument for Shuttle CIT: Circumstellar Imaging Telescope CM: Command Module (Apollo spacecraft) CMCC: Central Mission Control Centre (ESA) CNES: Centre National d'Etude Spatiales CNO: Carbon-Nitrogen-Oxygen CNSR: Comet Nucleus Sample Return COBE: COsmic Background Explorer COMPTEL: COMPton TELescope (on CGRO) COSTAR: Corrective Optics Space Telescope Axial Replacement CRAF: Comet Rendezvous / Asteroid Flyby CRRES: Combined Release / Radiation Effects Satellite CSM: Command and Service Module (Apollo spacecraft) CSTC: Consolidated Satellite Test Center (USAF) CTIO: Cerro Tololo Interamerican Observatory DCX: Delta Clipper eXperimental DDCU: DC-to-DC Converter Unit DFRF: Dryden Flight Research Facility (now ADFRF) DMSP: Defense Meteorological Satellite Program DOD: Department Of Defense (sometimes DoD) DOE: Department Of Energy DOT: Department Of Transportation DSCS: Defense Satellite Communications System DSN: Deep Space Network DSP: Defense Support Program (USAF/NRO) EAFB: Edwards Air Force Base ECS: Environmental Control System EDO: Extended Duration Orbiter EGRET: Energetic Gamma Ray Experiment Telescope (on CGRO) EJASA: Electronic Journal of the Astronomical Society of the Atlantic ELV: Expendable Launch Vehicle EMU: Extravehicular Mobility Unit EOS: Earth Observing System ERS: Earth Resources Satellite (as in ERS-1) ESA: European Space Agency ESO: European Southern Observatory ET: (Shuttle) External Tank ETLA: Extended Three Letter Acronym ETR: Eastern Test Range EUV: Extreme UltraViolet EUVE: Extreme UltraViolet Explorer EVA: ExtraVehicular Activity FAQ: Frequently Asked Questions FAST: Fast Auroral SnapshoT explorer FFT: Fast Fourier Transform FGS: Fine Guidance Sensors (on HST) FHST: Fixed Head Star Trackers (on HST) FIR: Far InfraRed FITS: Flexible Image Transport System FOC: Faint Object Camera (on HST) FOS: Faint Object Spectrograph (on HST) FRR: Flight-Readiness Review FTP: File Transfer Protocol FTS: Flight Telerobotic Servicer FUSE: Far Ultraviolet Spectroscopic Explorer FWHM: Full Width at Half Maximum FYI: For Your Information GAS: Get-Away Special GBT: Green Bank Telescope GCVS: General Catalog of Variable Stars GEM: Giotto Extended Mission GEO: Geosynchronous Earth Orbit GDS: Great Dark Spot GHRS: Goddard High Resolution Spectrograph (on HST) GIF: Graphics Interchange Format GLOMR: Global Low-Orbiting Message Relay GMC: Giant Molecular Cloud GMRT: Giant Meter-wave Radio Telescope GMT: Greenwich Mean Time (also called UT) GOES: Geostationary Orbiting Environmental Satellite GOX: Gaseous OXygen GPC: General Purpose Computer GPS: Global Positioning System GRO: Gamma Ray Observatory (now CGRO) GRS: Gamma Ray Spectrometer (on Mars Observer) GRS: Great Red Spot GSC: Guide Star Catalog (for HST) GSFC: Goddard Space Flight Center (NASA) GTO: Geostationary Transfer Orbit HAO: High Altitude Observatory HD: Henry Draper catalog entry HEAO: High Energy Astronomical Observatory HeRA: Hermes Robotic Arm HF: High Frequency HGA: High Gain Antenna HLC: Heavy Lift Capability HLV: Heavy Lift Vehicle HMC: Halley Multicolor Camera (on Giotto) HR: Hertzsprung-Russell (diagram) HRI: High Resolution Imager (on ROSAT) HSP: High Speed Photometer (on HST) HST: Hubble Space Telescope HUT: Hopkins Ultraviolet Telescope (ASTRO package) HV: High Voltage IAPPP: International Amateur/Professional Photoelectric Photometry IAU: International Astronomical Union IAUC: IAU Circular ICE: International Cometary Explorer IDA: International Dark-sky Association IDL: Interactive Data Language IGM: InterGalactic Medium IGY: International Geophysical Year IMHO: In My Humble Opinion IOTA: Infrared-Optical Telescope Array IOTA: International Occultation Timing Association IPS: Inertial Pointing System IR: InfraRed IRAF: Image Reduction and Analysis Facility IRAS: InfraRed Astronomical Satellite ISAS: Institute of Space and Astronautical Science (Japan) ISM: InterStellar Medium ISO: Infrared Space Observatory ISO: International Standards Organization ISPM: International Solar Polar Mission (now Ulysses) ISY: International Space Year IUE: International Ultraviolet Explorer IUS: Inertial Upper Stage JEM: Japanese Experiment Module (for SSF) JGR: Journal of Geophysical Research JILA: Joint Institute for Laboratory Astrophysics JPL: Jet Propulsion Laboratory JSC: Johnson Space Center (NASA) KAO: Kuiper Airborne Observatory KPNO: Kitt Peak National Observatory KSC: Kennedy Space Center (NASA) KTB: Cretaceous-Tertiary Boundary (from German) LANL: Los Alamos National Laboratory LaRC: Langley Research Center (NASA) LDEF: Long Duration Exposure Facility LEM: Lunar Excursion Module (a.k.a. LM) (Apollo spacecraft) LEO: Low Earth Orbit LeRC: Lewis Research Center (NASA) LEST: Large Earth-based Solar Telescope LFSA: List of Frequently Seen Acronyms (!) LGA: Low Gain Antenna LGM: Little Green Men LH: Liquid Hydrogen (also LH2 or LHX) LLNL: Lawrence-Livermore National Laboratory LM: Lunar Module (a.k.a. LEM) (Apollo spacecraft) LMC: Large Magellanic Cloud LN2: Liquid N2 (Nitrogen) LOX: Liquid OXygen LRB: Liquid Rocket Booster LSR: Local Standard of Rest LTP: Lunar Transient Phenomenon MB: Manned Base MCC: Mission Control Center MECO: Main Engine CutOff MMH: MonoMethyl Hydrazine MMT: Multiple Mirror Telescope MMU: Manned Maneuvering Unit MNRAS: Monthly Notices of the Royal Astronomical Society MOC: Mars Observer Camera (on Mars Observer) MOL: Manned Orbiting Laboratory MOLA: Mars Observer Laser Altimeter (on Mars Observer) MOMV: Manned Orbital Maneuvering Vehicle MOTV: Manned Orbital Transfer Vehicle MPC: Minor Planets Circular MRSR: Mars Rover and Sample Return MRSRM: Mars Rover and Sample Return Mission MSFC: (George C.) Marshall Space Flight Center (NASA) MTC: Man Tended Capability NACA: National Advisory Committee on Aeronautics (became NASA) NASA: National Aeronautics and Space Administration NASDA: NAtional Space Development Agency (Japan) NASM: National Air and Space Museum NASP: National AeroSpace Plane NBS: National Bureau of Standards (now NIST) NDV: NASP Derived Vehicle NERVA: Nuclear Engine for Rocket Vehicle Application NGC: New General Catalog NICMOS: Near Infrared Camera / Multi Object Spectrometer (HST upgrade) NIMS: Near-Infrared Mapping Spectrometer (on Galileo) NIR: Near InfraRed NIST: National Institute for Standards and Technology (was NBS) NLDP: National Launch Development Program NOAA: National Oceanic and Atmospheric Administration NOAO: National Optical Astronomy Observatories NRAO: National Radio Astronomy Observatory NRO: National Reconnaissance Office NS: Neutron Star NSA: National Security Agency NSF: National Science Foundation NSO: National Solar Observatory NSSDC: National Space Science Data Center NTR: Nuclear Thermal Rocket(ry) NTT: New Technology Telescope OAO: Orbiting Astronomical Observatory OCST: Office of Commercial Space Transportation OMB: Office of Management and Budget OMS: Orbital Maneuvering System OPF: Orbiter Processing Facility ORFEUS: Orbiting and Retrievable Far and Extreme Ultraviolet Spectrometer OSC: Orbital Sciences Corporation OSCAR: Orbiting Satellite Carrying Amateur Radio OSSA: Office of Space Science and Applications OSSE: Oriented Scintillation Spectrometer Experiment (on CGRO) OTA: Optical Telescope Assembly (on HST) OTHB: Over The Horizon Backscatter OTV: Orbital Transfer Vehicle OV: Orbital Vehicle PAM: Payload Assist Module PAM-D: Payload Assist Module, Delta-class PI: Principal Investigator PLSS: Portable Life Support System PM: Pressurized Module PMC: Permanently Manned Capability PMIRR: Pressure Modulated InfraRed Radiometer (on Mars Observer) PMT: PhotoMultiplier Tube PSF: Point Spread Function PSR: PulSaR PV: Photovoltaic PVO: Pioneer Venus Orbiter QSO: Quasi-Stellar Object RCI: Rodent Cage Interface (for SLS mission) RCS: Reaction Control System REM: Rat Enclosure Module (for SLS mission) RF: Radio Frequency RFI: Radio Frequency Interference RIACS: Research Institute for Advanced Computer Science RMS: Remote Manipulator System RNGC: Revised New General Catalog ROSAT: ROentgen SATellite ROUS: Rodents Of Unusual Size (I don't believe they exist) RSN: Real Soon Now RTG: Radioisotope Thermoelectric Generator RTLS: Return To Launch Site (Shuttle abort plan) SAA: South Atlantic Anomaly SAGA: Solar Array Gain Augmentation (for HST) SAMPEX: Solar Anomalous and Magnetospheric Particle EXplorer SAO: Smithsonian Astrophysical Observatory SAR: Search And Rescue SAR: Synthetic Aperture Radar SARA: Satellite pour Astronomie Radio Amateur SAREX: Search and Rescue Exercise SAREX: Shuttle Amateur Radio Experiment SAS: Space Activity Suit SAS: Space Adaptation Syndrome SAT: Synthetic Aperture Telescope S/C: SpaceCraft SCA: Shuttle Carrier Aircraft SCT: Schmidt-Cassegrain Telescope SDI: Strategic Defense Initiative SDIO: Strategic Defense Initiative Organization SEI: Space Exploration Initiative SEST: Swedish ESO Submillimeter Telescope SETI: Search for ExtraTerrestrial Intelligence SID: Sudden Ionospheric Disturbance SIR: Shuttle Imaging Radar SIRTF: Space (formerly Shuttle) InfraRed Telescope Facility SL: SpaceLab SLAR: Side-Looking Airborne Radar SLC: Space Launch Complex SLS: Space(lab) Life Sciences SMC: Small Magellanic Cloud SME: Solar Mesosphere Explorer SMEX: SMall EXplorers SMM: Solar Maximum Mission SN: SuperNova (e.g., SN1987A) SNR: Signal to Noise Ratio SNR: SuperNova Remnant SNU: Solar Neutrino Units SOFIA: Stratospheric Observatory For Infrared Astronomy SOHO: SOlar Heliospheric Observatory SPAN: Space Physics and Analysis Network SPDM: Special Purpose Dextrous Manipulator SPOT: Systeme Probatoire pour l'Observation de la Terre SPS: Solar Power Satellite SRB: Solid Rocket Booster SRM: Solid Rocket Motor SSF: Space Station Fred (er, Freedom) SSI: Solid-State Imager (on Galileo) SSI: Space Studies Institut SSME: Space Shuttle Main Engine SSPF: Space Station Processing Facility SSRMS: Space Station Remote Manipulator System SST: Spectroscopic Survey Telescope SST: SuperSonic Transport SSTO: Single Stage To Orbit STIS: Space Telescope Imaging Spectrometer (to replace FOC and GHRS) STS: Shuttle Transport System (or) Space Transportation System STScI: Space Telescope Science Institute SWAS: Submillimeter Wave Astronomy Satellite SWF: ShortWave Fading TAL: Transatlantic Abort Landing (Shuttle abort plan) TAU: Thousand Astronomical Unit (mission) TCS: Thermal Control System TDRS: Tracking and Data Relay Satellite TDRSS: Tracking and Data Relay Satellite System TES: Thermal Emission Spectrometer (on Mars Observer) TIROS: Television InfraRed Observation Satellite TLA: Three Letter Acronym TOMS: Total Ozone Mapping Spectrometer TPS: Thermal Protection System TSS: Tethered Satellite System UARS: Upper Atmosphere Research Satellite UBM: Unpressurized Berthing Mechanism UDMH: Unsymmetrical DiMethyl Hydrazine UFO: Unidentified Flying Object UGC: Uppsala General Catalog UHF: Ultra High Frequency UIT: Ultraviolet Imaging Telescope (Astro package) UKST: United Kingdom Schmidt Telescope USAF: United States Air Force USMP: United States Microgravity Payload UT: Universal Time (a.k.a. GMT, UTC, or Zulu Time) UTC: Coordinated Universal Time (a.k.a. UT) UV: UltraViolet UVS: UltraViolet Spectrometer VAB: Vehicle Assembly Building (formerly Vertical Assembly Building) VAFB: Vandenberg Air Force Base VEEGA: Venus-Earth-Earth Gravity Assist (Galileo flight path) VHF: Very High Frequency VLA: Very Large Array VLBA: Very Long Baseline Array VLBI: Very Long Baseline Interferometry VLF: Very Low Frequency VLT: Very Large Telescope VMS: Vertical Motion Simulator VOIR: Venus Orbiting Imaging Radar (superseded by VRM) VPF: Vertical Processing Facility VRM: Venus Radar Mapper (now called Magellan) WD: White Dwarf WFPC: Wide Field / Planetary Camera (on HST) WFPCII: Replacement for WFPC WIYN: Wisconsin / Indiana / Yale / NOAO telescope WSMR: White Sands Missile Range WTR: Western Test Range WUPPE: Wisconsin Ultraviolet PhotoPolarimter Experiment (Astro package) XMM: X-ray Multi Mirror XUV: eXtreme UltraViolet YSO: Young Stellar Object #!/usr/bin/perl # 'alt', An Acronym Scrambling Program, by Larry Wall $THRESHOLD = 2; srand; while (<>) { next unless /^([A-Z]\S+): */; $key = $1; $acro{$key} = $'; @words = split(/\W+/,$'); unshift(@words,$key); $off = 0; foreach $word (@words) { next unless $word =~ /^[A-Z]/; *w = $&; vec($w{$word}, $off++ % 6, 1) = 1; } } foreach $letter (A .. Z) { *w = $letter; @w = keys %w; if (@w < $THRESHOLD) { @d = `egrep '^$letter' /usr/dict/words`; chop @d; push(@w, @d); } } foreach $key (sort keys %acro) { $off = 0; $acro = $acro{$key}; $acro =~ s/((([A-Z])[A-Z]*)[a-z]*)/ &pick($3, $2, $1, ++$off) || $& /eg; print ""$key: $acro""; } sub pick { local($letter, $prefix, $oldword, $off) = @_; $i = 0; if (length($prefix) > 1 && index($key,$prefix) < 0) { if ($prefix eq $oldword) { $prefix = ''; } else { $prefix = $letter; } } if (length($prefix) > 1) { local(*w) = substr($prefix,0,1); do { $word = $w[rand @w]; } until $word ne $oldword && $word =~ /^$prefix/i || ++$i > 30; $word =~ s/^$prefix/$prefix/i; $word; } elsif (length($prefix) == 1) { local(*w) = $prefix; do { $word = $w[rand @w]; } until $word ne $oldword && vec($w{$word}, $off, 1) || ++$i > 10; $word = ""\u\L$word"" if $word =~ tr/a-z/A-Z/; $word; } else { local(*w) = substr($oldword,0,1); do { $word = $w[rand @w]; } until $word ne $oldword && $word =~ tr/a-z/A-Z/ == 0 || ++$i > 30; $word; } }"
4,,"They have a few problems. The biggest technical problem is the need to find two satellites going to the same rough orbit for a luanch. They also don't show much interest in commercial launches. There is more money to be made churning out Titan IV's for the government. After all, it isn't every day you find a sucker, er, customer who thinks paying three times the commercial rate for launch services is a good idea! Allen"
5,,"Down to 170-some odd lines. We must be making progress! On an ironic note, where I deleted lines Emacs continually gave me the message ""Garbage collecting... Done."" Think it's trying to tell me something? You lurkers can join in at any time, you know! Ahhh.. Talk.politics.guns -- the kindler, gentler newsgroup. Who would have thought? I remind you of shrapnel. I consider 5' a reasonable space limitation, but make no mistake a gun blowing up is a hazard to those nearby, say in the next lane at the range. My point was at what distance, or level of threat, we draw the line. Is it the endangerment of others, so we do a 5' restriction, or the possibility of being shot, hence we draw a 1.5 mile restriction, or a nuke and draw a 5 mile restriction? To me they al suffer from the fundamental flaw that they restrict based upon the instrument rather than placing the responsibility for usage squarely upon the shoulders of the user. Perhaps Sen. Metzenbaum declaring the Barrett Light Fifty an assault rifle has made this more apparent to me, since the Barrett has only range and acurracy going for it. I disagree, on the grounds that a house can be rebuilt much more easily than my family once I have died. I assume that word would get to the citizens that such an attack was planned. If this is not the case, the tactical and strategic implications change quite a bit. Personally, my home is worth, say, twenty Martians intent on taking over the world. My family? All of them. The balancing act here is hard to judge sitting at my desk. That seems to be the case already, given that heavy weapons aren't commonly owned by the citizenry. With such low numbers, obviously due to cost, I don't think the superior weapons are going to be of great effect against a numerically superior foe. Furthermore, it is even more doubtful their training includes proper tactical movements that best utilize tanks, whereas the commonly rifleman is not so hampered in effectiveness. I had envisioned that the armorer, perhaps the officers of a select group, and the like would exercise control over the heavier, more complex weapons. But, if Joe Bob owns an old Sherman tank I certainly wouldn't ask him to give it up. Follow orders from the officers, yes. Since the expense of a tank is so large, though, chances are it would be jointly purchased and should therefore be jointly maintained and operated. This I'll agree with to a point. The State having control over the heavy weapons should not be justification for the state to have them centrally located. Keep them spread out, such that the ability of the State to lock them up isn't so easy. Otherwise, I would have to assume that State control would rest on the authority of the Governor and militia officers. I'm having a hard time seeing how these heavy weapons, fairly few in numbers, could not be easily wielded by a few people with government support. Just as you argued above that the weapons should be divvied up and under democratic control so one side doesn't have all of them, I can't see where this situation is alleviated in having the select militia holding all the weapons and the unorganized militia being the infantry. I think a better mix is called for. But, I would argue that the Federal army should rely upon the select militia and the unorganized militia for the bulk of its infantry units. We have to assume that there would be those who would side with the government-controlled forces, and if they've all the equipment an infantry force 3x the size would be in trouble. I'd like to see that heavy stuff, say tanks, offset by the local troups having a few 105's and anti-tank weapons in their armory. These would be much more useful to infantry than the tank would be when cost and training requirements are figured in. I suppose I'm quibbling over what constitutes heavy equipment. So would I, but the resources often aren't available to outfit local units well enough. Thus, we will certainly have to call in others, and a mechanized unit carries more stuff faster than anything else. Perhaps our ideas of heavy weapons are different? I think main battle tanks, self-propelled artillery, and 155mm and up field pieces are heavy stuff. M113 troop carriers, 2 1/2 ton trucks, HumVee's, old M60 tanks, 105 Howitzers, are more the stuff of a mechanized infantry. Actually, this is what the Guard units in Iowa are currently fielding in some units. Perhaps it is just my innate fear of having the real heavy equipment under State control, with little but numbers and light stuff to act as a deterrent. Allowing main battle tanks to the states should be balanced with anti-tank capability in the local ranks. Similarly, local units would need to band together quickly, hence small and fast response means mechanized infantry. Finally, the militia is more than just fighting. Equipment is needed for other responses. The Federal army, I'm convinced, should have a very minumum of infantry, relying on the state and local militias for these functions."
2,,"Hi all, I got tired of waiting for a mailing list so I am going to make one.... just send me your complete e-mail address on your message and I'll send you a confirmation and the Yankee mailing list address -john"
5,,"It's truly unfortunate that we don't have the Japanese tradition of Hari-Kari for public officials to salvage some tatters of honor after they commit offenses against humanity like were perpetrated in Waco, Texas today. -- Dave Feustel N9MYI <feustel@netcom.com>"
3,,"Nutrasweet is a synthetic sweetener a couple thousand times sweeter than sugar. Some people are concerned about the chemicals that the body produces when it degrades nutrasweet. It is thought to form formaldehyde and known to for methanol in the degredation pathway that the body uses to eliminate substances. The real issue is whether the levels of methanol and formaldehyde produced are high enough to cause significant damage, as both are toxic to living cells. All I can say is that I will not consume it. Phenylalanine is nothing for you to worry about. It is an amino acid, and everyone uses small quantities of it for protein synthesis in the body. Some people have a disease known as phenylketoneurea, and they are missing the enzyme necessary to degrade this compound and eliminate it from the body. For them, it will accumulate in the body, and in high levels this is toxic to growing nerve cells. Therefore, it is Only a major problem in young children (until around age 10 or so) or women who are pregnant and have this disorder. It used to be a leading cause of brain damage in infants, but now it can be easily detected at birth, and then one must simply avoid comsumption of phenylalanine as a child, or when pregnant."
5,,Politicians want to eliminate private ownership of guns before the general public starts violently resisting the tax increases needed to fund the federal government as an ever higher percentage of tax revenue goes to pay interest on the national debt (currently 57 cents out of every tax dollar collected and rising). -- Dave Feustel N9MYI <feustel@netcom.com>
2,,"^^^^^^ Sure they might. If an error is recorded on, for example, a ground ball, ie the batter would otherwise be out, it is officially a hitless at bat. If it's some other type of error (Greenwell lets a single go by), it doesn't effect the OBP. But, most errors are counted."
3,,"Absolutely. Unfortunately, most of them have had 3 weeks of neurology in medical school and 1 month (maybe) in their residency. Most of that is done in the hospital where migraines rarely are seen. Where are they supposed to learn? Those who are diligent and read do learn, but most don't, unfortunately. We are the only ones, sometimes, who have enough interest in headaches to spend the time to get enough history to diagnose them. Too often, the primary care physician hears ""headache"" and loses interest in anything but giving the patient analgesics and getting them out of the office so they can get on to something more interesting. I hope you meant ""inarguably"". -- ---------------------------------------------------------------------------- Gordon Banks N3JXP | ""Skepticism is the chastity of the intellect, and geb@cadre.dsl.pitt.edu | it is shameful to surrender it too soon."""
5,,"========================================================================== Yes, we do have a beautiful country. And I enjoy it. Most of all, I enjoy the thought that I have the means and can exercise my rights to defend me and mine. And I want to thank all of you good folks, like Prescod, who remind me of what I have. Along this line, I watched a documentary on one of the Nazi concentration camps. Stacks and stacks of bodies. There were scenes of Hitler speechifying, and what struck me, was the reverence and adoration on the faces of the people in the crowds. I guess they were happy that Hitler had implemented full gun control and was taking care of the Jewish problem all at the same time."
3,,"can anyone give me more information regarding endometriosis? i heard it's a very common disease among women and if anyone can provide names of a specialist/surgeon in the north carolina research triangle park area (raleigh/durham/chapel hill) who is familiar with the condition, i would really appreciate it. thanks. --Naomi"
5,,"fcrary@ucsu.Colorado.EDU (Frank Crary @ University of Colorado, Boulder): These stats are invalid; we're talking BACKCOUNTRY. These stats for rapes/assaults/deaths do not represent the backcountry singularly; the great majority represent urban incidents. You should have pointed this out."
5,,"Relay of coverage seen: ---------------------- There was a press conference by authorities at the compound on CNN earlier today (Wednesday). It was explained that two news photographers were found on the compound earlier this morning without permission. It was explained to the press corps. that this is dangerous and that an unknown photographer turning around with a long lens camera could be mistaken for someone dangerous by a Texas Ranger surveying the site. (!) The two photographers were said to be currently in jail and the press were warned to follow the authorities' guidelines. It was also emphasized that the survey of the ""crime"" scene at this point was crucial and that the press could not be allowed to interfere. The press will not be allowed in until the bodies are removed and the site has been completely surveyed for evidence for a court case. That is the gist of the beginning of the conference to the best of my memory. I bring this up because I haven't seen anyone else note it and I haven't seen the regular newscasts mention it. It will probably be mentioned in the papers tomorrow. My opinions: ----------- I find this disturbing. While I believe that Koresh is largely responsible for not ending this standoff in a peacable manner during the last 51 days of patient opportunity, I find the secrecy surrounding the aftermath more damaging to the authorities' position than they realize. Since the vast majority of potential defendents in a court case are already dead, the emphasis on the importance of building the court case seems overblown to me. It will be interesting to see the hearings on this affair. I have also heard congressional calls for a review and possible overhaul of government enforcement agencies which you will recall I have stated would be a good idea in previous months. Please also note that I by no means endorse or agree with the many conspiracy-type theories I have read here and in other groups. As usual, I am basing my opinions on info gathered from various media and filtered by my own common sense and consideration of plausibility, IMHO. As such, my opinion is subject to change as more information is made available. Scott Roby Standard Disclaimer"
0,,"Does anybody have an algorithm for ""flattening"" out a globe, or any other parametric surface, that is definied parametrically. That is, I would like to take a sheet of paper and a knife and to be able to calculate how I must cut in the paper so I can fold it to a globe (or any other object)."
5,,"And another survivor claims he heard someone shouting ""The fire's started!"". Odd terminology. That's what one says when you know a fire is planned, not when one occurs by accident. We will have to wait and see what the evidence shows, assuming one is willing to believe any evidence offered by the ""distrustful ones"". Neither. Again I was merely addressing the sanity level of the players. I agree that the BATF handled the affair badly from day one. BTW, I heard on the news today that the affadavit behind the no-knock warrant was unsealed today. Grenade launcher was the only thing on the list that I found unusual. Ambitious news reporters could use the documentary filmed by an Australian in 1992 on the compound grounds to help identify survivors. I, for one, will check their stories for consistency with what I learned in a long news story about that documentary. Certainly there is some room for doubt. I certainly reserve the right to change my opinions when new evidence warrants such a change. If I were conspiratorially minded, however, I would never be able to change my mind, because any evidence I disliked would have to be a lie fabricated by the ""distrustful ones""."
0,,: I've only had the computer for about 21 months. Is that a reasonable life : cycle for a LCD display?
0,,"Article 31 of alt.graphics: Newsgroups: alt.graphics Path: news.nd.edu!moliere!rmalayte From: rmalayte@moliere.helios.nd.edu (ryan malayter) Subject: GeoSphere images via ftp? Message-ID: <1993Apr26.213648.26856@news.nd.edu> Sender: news@news.nd.edu (USENET News System) Organization: University of Notre Dame, Notre Dame Date: Mon, 26 Apr 1993 21:36:48 GMT Does anyone know if a digitized version of the GeoSphere image is available via ftp? For those of you who don't know, it is a composite photograph of the entire earth, with cloudcover removed. I just think it's really cool. It was created with government funds and sattelites as a research project, so I would assume it's in the public domain. Thanks for any info, Ryan"
4,,"My information shows that the last San Marco launch was 1988. There seem to have been a total of seven before that. I seem to recall that someone, either ASI or the University of Rome (?) includes money in their annual budget for maintainance of the platforms (there are actually two). The Italians have been spending money to develop an advanced Scout. However, recent events in the Italian space program, and the Italian government overall make me skeptical that this will get off the ground in the near future."
1,,"Sounds more like an Opel GT. Neat cars, fun to drive. Sold through Buick from 196? through 1973 (if I remember correctly). I believe it was in '72 that there were some engine mods made such that parts were not interchangeable with the older models. Parts are thus much harder to come by for the later models. Parts in general are not too difficult to find. At one time JC Whitney carried some stuff including a brand new (not remfg) long block. Either a GT or a Kharman Ghia (hmm that spelling looks hosed) will be my next project."
1,,"One thing that everyone is forgetting in this argument over the pricing of the SC1 vs. the Japanese cars is the Saturns ""no-dicker sticker"". This makes the Saturn's price low in comparison to the inflated base prices of the Japanese competition on paper, but in reality, one could dicker several hundred dollars off the price of the Japanese cars. Admittedly, though, here in Canada, at least, the SC2 is in the same price class as the Civic Si, not the SC1."
2,,"I know. You have this fucked up idea that anybody who prefers Alomar to Baerga must be a Jay-Lover and Indian-Hater. Sorry, you got that one wrong! I hate the Jays and don't care one way or the other about the Indians. But objectively, Alomar had the better offensive year last year, so I have to pick him. You admit T&P as a reliable(?), objective source? Then you will note that they rated Alomar as the better offensive player, chosing Baerga over Alomar only because of his defense. That's a joke! (Alomar might not be a gold-glover, but he's certainly no worse than Baerga defensively.)"
3,,"What can be done, short of circumcision, for an adult male whose foreskin will not retract?"
5,,"------------------------- Original Article ------------------------- The Colorado Daily recently reprinted the Wall Street Journal's article on Paxton Quigley, including the nefarious little paragraph the Journal tacked onto the end. After recieving much assistance from various T.P.G. type folks, I wrote a letter to the editor criticizing this last paragraph, and surprise, surprise, surprise, they published it. The text follows. The Colorado Daily, btw, is the University of Colorado (Boulder) student (I think) newspaper... not exactly a big coup, but every little bit, i guess... (The title was the only thing they changed/added) ""Gun Stats"" The Daily recently reprinted an article from the Wall Street Journal, primarily concerned with Paxton Quigley, author of ""Armed and Female."" The article, in turn, cites a misleading statistic that was originally reported in the New England Journal of Medicine. The article states, ""A study... found that a gun in the home was 43 times more likely to be used to kill its owner, spouse, a friend, or child than to kill an intruder."" This is an often-quoted statistic, and it is misleading for sev- eral reasons, outlined below: The study gives the impression that, if you own a gun, the likelihood that you will successfully use it to defend yourself is less than that of the gun being turned against you. The study, however, fails to take into account cases where a law-abiding citizen uses a gun to thwart a crime, without actually killing the perpe- trator. The study actually refers to 'acquaintances' rather than 'friend'. This would include the friendly neigh- borhood thug who shows up like clockwork, every month, the second your grandmother cashes her social security check. Possibly an acquaintance, but hardly a friend. The NEJM study is based on the immediate dis- position of cases and fails to take into account cases originally filed as homicides that were later ruled to be self-defense. Especially considering the small sample size (396), taking these events into account has a sub- stantial effect on the 43:1 ratio quoted. Criminologist Gary Kleck gives us a slightly dif- erent statistic: a gun is 33 times more likely to be used, successfully, by a private citizen against an aggressor than it is to kill anyone at all. Further, per- sons defending themselves from aggression by using a gun fare better than those who resist vicimization by some other means, or who offer no resistance at all. Statistics available from the FBI and other agencies also show that a gun is 245 times more likely to be used by a non-criminal to defend against criminal threat than to be used to commit criminal homicide, 535 times more likely to be used to defend against a criminal threat than to accidentally kill anybody, and 50 times more likely to defend against criminal threat than to be used to commit suicide. It is well to keep in mind that nearly anything can be proved by uncritical quotation of statistics. One has to consider carefully what questions were asked by those gathering the data before one can draw an accu- rate conclusion from them. D.F. Taylor CU Department of Chemistry and Biochemistry -- Spooksmoke: Revolution, Assasination, Thorium, Cobalt-60, Clintin, CIA, NSA, SHC DoD #202 / loki@acca.nmsu.edu / liberty or death / taylordf@ucsu.colorado.edu Send me something even YOU can't read... -----BEGIN PGP PUBLIC KEY BLOCK----- Version: 2.2"
1,,I'm thinking of buying a new Dodge Intrepid - Has anyone had any experiences that they'd like to share? Thanks.
0,,"Greetings this is a general call for information regarding Image Processing. I am looking for any material related to the field, and am also trying to get my hands on some easy to use packages related to the field. In particular source code for general use packages. I already have several texts on the subject, but would appreciate more input from people more knowledgable in the field than myself. I'm not mathematically literate (ie. I don't have a degree in mathematics), so any material that is suggested I would prefer that it was not mathematically intensive. The best book I have found on the subject at the moment is: ""Practical Digital Image Processing"" by Rhys Lewis ISBN: 0-13-683525-2 Published by Ellis Horwood (c)1990. Likewise I am trying to get a fair sample of programs that demonstrate Image Processing techniques. So far I have 'xv', and 'khoros' for Unix. 'Dcview 2.1' for the IBM PC, and various related smatterings of C code to help describe topics like, contrasting, dithering, image enhancement via convolution etc. If anyone could kindly supply me with some public domain software pertinent to this area, or better still if they could tell me where I am most likely to find it on the AARNET (Internet). If I can I would prefer source code in C or Turbo Pascal that includes some Image Processing code/algorithms, that I can readily alter/manipulate for the purposes of demonstration it would be most helpful. All the above information will contribute to my post-graduate studies, and will be liberally used in my paper, and seminar on the subject. Thanks in advance Vance Ashlin Diploma Advanced Computing ------------------------------------------------------------------- Thinking is dangerous, subversive, mindnumbing and leads you astray ashlin@ironbark.ucnv.edu.au i880429@redgum.ucnv.edu.au"
1,,"Hey! What's this Hudson crap? Actually, the only place my car has ever been broken into was in Hudson at my in-laws (in their driveway). Took my Vuarnets and some change. Damn kids. Regards, Brian bqueiser@magnus.acs.ohio-state.edu ------------------------------------------------------------------------ I am the engineer, I can choose K."
1,,"Hey, I'm a ""Macho Real Man"" and I DO read it. So I can criticize it all I want, especially since I pay for the publication. (They accept no outside advertising, don't you know....) Relying on Consumer Reports to pick your automobiles is like letting Field & Stream select your living room furniture."
3,,"I originally posted this to alt.suicide.holiday but it was recommended that I try you guys instead: My friend insists that Ny-Quil can be deadly if enough is taken -- he suggested something like 20-30 of the Night-time gelcaps would do someone in. Being a NORMAL user of Ny-Quil :), I checked the 'ingredients' and have a very hard time believing it. They are: 250 g acetaminophen 30 mg Pseudoephedrine HCl 10 mg Dextromethorphan HBr 6.25 mg Doxylamine Succinate (per softgel) Can someone settle our bet (a package of Ny-Quil of course :) -- what effect would 20-30 of these babies have? *-Nathan-* --"
0,,"Yeah, of course... The term 'mach banding' was not the correct one, it should've been 'color quantization effect'. Although a bad color quantization effect could result in some visible mach-bands on a picture that was smooth before it was quantizised."
2,,"Their phone number is 1-800-377-9777. The last catalog shows three Oaks jerseys: 36 Home, 42 Home, 39 Home - they're each $165.00. All their merchandise is handmade and is an authentic replica. I own a couple - and they are excellent. They also have wool caps and jackets. You should call to get on their mailing list even if you can't afford their prices."
5,,"I will join the ranks here. If someone has the ability to actually put this thing together and get enough support, I'll also contribute $1000 to the effort. And jeeze, people, I'm a *student*, with *no job* yet, and I will put up my own hard-earned savings if it means we have a shot at getting the truth told on the airwaves. Count me in. Mike Ruff"
2,,"Could somebody please tell me if there is a Dodgers newsletter on the Net, and if so how to subscribe? Thanks, Joel"
1,,"Alright, beat this automobile sighting. Driving along just a hair north of Atlanta, I noticed an old, run down former car dealership which appeared to deal with, and repair, older rare or exotic foreign sports cars. I saw: Ford GT-40 (!), the famous model from Ford, that seemed to win most of its races in the late 60s, including Le-Mans 4 or 6 times. Two Jensen Interceptors, one a convertable, one a hatchback? Porsche 911 (boring compared to the rest) THREE Ferarries, a Mondial, a 308 prepared for racing, and a red 60s model that I couldn't identify. And at the bottom, a late 70s MG convertable. Outside there was a rotting Rover 3500 saloon, which was never regularly sold in the U.S. And in the showroom, there was a small italian body, either an Alpha Romeo or a Lancia. It was about the size of an Austin Mini. The trunklid was missing, exposing a boot with a voltage regulator in the upper left corner of the wall, and a chunk of metal removed from the floor on the right hand side as if something would leave the trunk and go to the outside from here. The taillights looked like they would be the round type (if they were there). Does anyone know what the make of this one is? Certainly made my day..."
3,,"I noticed several years ago that when I took analgesics fairly regularly, (motrin at the time), I seemed to get a lot of migraines. But had forgotten about that until I started reading some of the posts here. I generally don't take NSAIDS or Tylenol for headaches, because I've found them to be ineffective. However, I have two other pain sources that force me to take NSAIDS (currently Naprosyn). First, is some pelvic pain that I get at the beginning of my period, and then much worse at midcycle. I have had surgery for endometriosis in the past (~12 years ago), so the Drs. tell me that my pain is probably due to the endometriosis coming back. I've tried Synarel, it reduced the pain while I took it (3 mos), but the pain returned immediately after I stopped. Three doctors have suggested hysterectomy as the only ""real solution"" to my problem. Although I don't expect to have any more children, I don't like the idea of having my uterus and one remaining ovary removed (the first ovary was removed when I had the surgery for endometriosis). One of the Drs that suggested I get a hysterectomy is an expert in laser surgery, but perhaps thinks that type of procedure is only worthwhile on women who still plan to have children. So basically all I'm left with is toughing out the pain. This would be impossible without Naprosyn (or something similar - but not aspirin, that doesn't work, and Motrin gave me horrible gastritis a few years ago, so I'm through with it). In fact, Naprosyn works very well at eliminating the pain if I take it regularly as I did when I had severe back pain (and pain in both legs) as I'll discuss in a moment. Generally though, I wait until I have the pain before I take the Naprosyn, but then it takes several hours for it reduce the pain (it's actually quite effective at reducing the pain, it just takes quite a while). In the meantime I'm frequently in severe pain. The other pain source I have is chronic lower back pain resulting in bilateral radiculopathy. I've had MRIs, Xrays, CT scan, and EMGs (I've had 2 of them, and don't intend to ever do that again) with nerve conduction tests. The tests have not been conclusive as to what is causing my back and leg pain. The MRI reports both say I have several bulging, degeneratig disks, and from the Xrays (and MRI, I think) it is apparent that I have arthritis. The reading on the CT scan was that there are two herniations (L3-L4, and L4-L5), but others hav looked at the films and concluded that there are no herniations. The second EMG and nerve conduction studies shows significant denervation compared to the first EMG. Oh yeah, I had some other horrible test, called something like Somatic Evoked Response which showed that the ""internal nerves"" are working fine. Anyway, the bottom line is that I sometimes have severe pain in both legs and back pain. The back pain is there all the time, but I can live with it. When the leg pain is there, I need some analgesic/anti-inflammatory medication to reduce the pain to a level where I can work. So I took Naprosyn regulary for 6-9 months (every time I tried to stop the leg pain got worse, so I'd always resume). Since last November I have taken it much less frequently, and primarily for the pelvic pain. I have been going to physical therapy for the last 8 months (2-3 times a week). After the first month or so, my therapist put me on pelvic traction (she had tried it earlier, but it had caused a lot of pain in my back, this time she tried it at a lower weight). After a month or two, the pain in my legs began going away (but the traction aways caused discomfort in my lower back, which could be reduced with ultrasound and massage). So now, I don't have nearly as much pain in my legs, in fact my therapist took me off traction about 2 weeks ago. Getting back to my original reason for this post... Even if I can avoid taking analgesic for headaches, I really can't avoid them entirely because I have other pain sources, that ""force"" me to use them (Oh, I forgot to mention that it has been suggested to me that I have back surgery, but I'm avoiding that too). I find the migraines difficult to deal with, occassionally I have to take off work, but usually I can work, but at a reduced capacity (I'm a systems engineer and do a lot of reading and writing). When the pelvic pain is bad, I can't concentrate much, I usually end up jumping out of my chair every few minutes, because the pain is so bothersome. When the pain in my back is bad, it can cause severe burning in both legs, shooting pains in my legs, electric shock type of pain in my feet and toes, and basically when it gets bad I can't really sit at all. Then I end up spending most of my time home and in bed. So even if the analgesics contribute to the migraines, the migraines are more tolerable than the other pain sources. I get a lot of migraines, an average of 3 to 4 a month, which last 1-3 days. I've taken cafergot (the first time the caffiene really got to me so I reduced the dosage), but I don't like the side effects (if I take more than two I get diahrea). If I get a very bad headache, I will eventually take the cafergot. My neurologist wasn't very helpful when I told him my problems with cafergot, he said that when sumatriptan becomes available, I should try that. I've tried several other medications (fiornal, midrin, fiornal with codeine, tegretol, and inderal) but they either didn't work, or I couldn't tolerate them. So what can I do? My doctor's seem to be satisfied with me just trying to tolerate the pain, which I agree with most of the time, but not when I have a lot of pain. I've had some bad experiences with surgery (my heart stopped once from the anesthesia - I was told that it was likely the succinylcholine), and I've already had surgery several times. Anyway, the point of what I'm saying is that even if analgesics can contribute to migraines, some people NEED to take them to tolerate other pain."
5,,"Title 18, 241 and/or 242 seem to apply. 241 is conspiracy (two or more persons) against rights of citizens. 242 is deprivation of rights under color of law. Both call for up to life in prison if death occurs. Reno, Bentsen, and Clinton are probably all principals to the crime (as they are responsible for authorized actions on the part of their subordinates). You forgot one detail, they should be turned over to the Texas authorities for trial, as the crime was committed there (Article 4, section 2). -- Charles Scripter * cescript@phy.mtu.edu Dept of Physics, Michigan Tech, Houghton, MI 49931"
4,,"The SEI. Software Engineering Institute, a DoD funded part of Carnegie Mellon University. You can read about part of it in Ed Yourdon's The Decline and Fall of the American Programmer (Yourdon Press). Just passing thru....."
0,,"For better worse, the source on this on is Michael Barnsley. His article in The Science of Fractal Images (Peitgen et al) is a fair-to-middling intro. Barnsley's book Fractals Everywhere is a more thorough treatment. The book covers Iterated Function Systems in general, and their application to image compression is clear from the text."
5,,"Interesting that Janet Reno has publically announced that we need steal ourselves for more Wacos. I wonder if I can get the gasoline concession. Yup. Kill that bastard! Ah, yes. The ILLEGAL helicopter, searchign for the non-existent PCP lab. I remember it well, even if the media ( and y'all ) tell me I don't. Call me Winston. Ahhh, yes. The ""non-existent"" canisters. Call me Winston again. I did too, but for different reasons. The FBI has a habit of burning up people in fortified areas. Yup. Good. Dead. YEAH! Maybe Janet will do some more, just like she's promis, er, WARNED us about. Like I told y'all before. I would SERIOUSLY consider the following:"
4,,"This is not quite right. The differential arrival time techinique requires interplanetary baselines to get good positions. The differential arrival at the eight detectors differ by 10's of nanoseconds. This is smaller than BATSE's microsecond timing capabilities. BATSE, Ulysses, and Mars Obsverver are used for this technique. Each BATSE detector does not have a full sky field of view. The sensitivity of each detector decreases with increasing angle of incidence. The burst position on the sky is determined by comparing the count rates in different detectors."
3,,"I've had PRK. I would suggest asking a doctor about contacts. Mine said yes to contacts. I think the scars from RK would preclude contacts. No. RK makes radial cuts around the circumference of the cornea, up to 8 I think, and these change the curvature of the cornea through stress chages. PRK vaporizes (burns) away a thin layer from the front of the cornea making the optical axis of the eye shorter. The laser doesn't cut in PRK, it vaporizes. In RK, the eye is cut into. I find my vision is more clear for some things, and less clear for others, only at night. I notice a definite haloing at night in the darkness when I look at automobile headlamps, though this is not something I spend inordinate amounts of time doing. For ordinary things, my vision, in particular having a fully-operating peripheral vision, is clearer than with glasses, or contacts."
2,,"Alan ""All in all, it's just another"" Sepinwall writes... I agree. However, I have to object. Growing up in the early 1980's and playing 2 years of Mario Mendoza-esque Little League, I was told that since my hitting, well, sucked, I would do best to either ""Walk, or take one in the face for the team"". I did both. And, my Yankee fan father would say, ""Bat like Oscar Gamble"". So I did. And my career OBP was about .550. Not only was Oscar a fun guy to watch, but he had some pretty cool baseball cards and helped me become one of the best little league players in history."
1,,"Although, others have in the past and will continue to disagree i think that it is worthwhile to get an alarm. I think that it is important to protect your trunk, engine bay, all doors. I'd get flashing lights, LED's mounted on the drivers and passenger door and a relay to disable engine operation. Toss in a glass break sensor, and shock sensor. Door lock and unlock, two remotes and panic feature are also nice to have. Most important is where you have the installation done! Some places may cost a little more, but a poorly installed alarm (no matter how much it cost) will be a major burden. IMO, things like engine starters, voice alarms, window/sunroof open and close, and most other conveniences. . / Larry __/ _______/_ keys@csmes.ncsl.nist.gov / \ _____ __ _____ \------- === ----------- / ____/ / / /__ __/ \ / ___ / / ___ / / / / ____ | | / \/ /__ / | / /__ __/ /__ / \ / /___ \_______/ /_____/ /______/ ====OO \ / \ / - 1990 2.0 16v - ---------------- FAHRVERGNUGEN FOREVER! -------------------- The fact that I need to explain it to you indicates that you probably wouldn't understand anyway!"
1,,"Having driven both, and having owned an SC300 for 14 months now, all I can say is ""it depends"". They're both great cars. In fact, my wife and I are saving our pennies so we can get her the 300ZX convertible in a year. The 300ZX handles like a dream, while the SC300 rides like a dream. Fit and finish on both are excellent, but the Lexus gets the nod in customer satisfaction. They're both very attractive, and hideously expensive. The resale value of the SC is better than the ZX. The 300ZX isn't available with traction control, which makes it a handful on slippery surfaces."
4,,"According to this reasoning there are no rights, at least none that I can think of.... Let's see. Do I have a right to unpolluted air? No, because the majority drive cars and use goods that create air pollution in the manufacturing process. Do I have the right to clean water? I guess not, by the same reasoning. I could go on with these examples for a long time.... Look at Nazi Germany. Because of the majority, Jews, homosexuals, blacks, and others that were different had no rights. In fact they were terrorized, imprisoned, and slaughtered. In this country did blacks have the right to be free from slavery? I guess not, because the majority said that slavery was good for them. I think that a right has a moral imperative. If a law, imposed by the majority, is immoral, one should not follow it. In fact, one should do everything in his/her power to stop it. Of course, that doesn't mean that I would lose all common sense to break the law, just because I thought it was immoral. I pay my Federal Income Tax even though I am morally opposed to the U.S. Government taking my money and spending it on weapons of mass destruction and terrorism. This is precisely the point I am trying to make. We should _persude_ people by logic, pointing out that it is in their self-interest to let all have equal rights in all aspects of life, including adequate housing, food, and medical care. I just happen to think that for a full life the aesthetic of beauty and joy is also necessary. That is why I consider an uncluttered night sky a right. Have you ever been out in the desert, away from local lights, and most people? The sky is dark and transparent. The Milky Way is ablaze with more detail than you thought possible. The beauty and wonder takes your breath away. Now imagine you live in the worst ghetto, say in L.A. Due to light pollution you have never seen a dark sky. You might in fact never, not in your whole life, ever see the majesty of the night sky. Every where around you, you see squalor, and through your life runs a thread of dispair. What is there to live for? I admit these two scenarios are extreme examples, but I have seen both. I, for one, need dreams and hopes, and yes, beauty, as a reason for living. That is why I consider an uncluttered night sky a right. George"
2,,"I've been saying that for at least 2 years now and even the A's conditioning guru told Jose he was carrying too much weight and losing some would help his back.Although I don't for one second believe Jose used steroids,his back problems are very similar to problems alot of steroid users experience because they are simply carrying too much weight on their frame(see Jeff Bregel ex 49er as a textbook example), and IMHO Jose is too big for his frame. I can't imagine how to estimate bat speed, but its pretty obvious that Jose is missing fastballs he used to hit, likely due to his back. I don't know, he had an even more open stance when he first came up with the A's, and had no problems with it then. It might be that pre-back problems, he was quick enough to cover up any deficiencies the stance caused, but now he's lost just enough bat speed that the stance hurts him. The old saying if you're hot its a trigger mechanism, if you're cold, its a hitch. The biggest problem IMHO is he never has found a stance he's comfortable with for more than a few months. He changes his stance so much, he loses track of where the strike zone is. In Wednesday's night game, he was clearly mad at strike calls on both corners that looked pretty good to me. I think he no longer knows where the strike zone really is because he's changed his stance so much. I'm also a bit concerned that because he's got Palmer and Gonzalez hitting all the homeruns, he'll become competitive, swing even harder and screw himself up even worse. LaRussa always said that Canseco's famous batting practice homer shows did him more harm than good as they encouraged bad hitting habits."
0,,"[ ..see previous article on this debate for the rests.. ] I can see XV-3.00 agree with my view in cases you don't -- even I say my personal opinion (as above), it doesn't mean that it is not most obvious thing. Please, if you use my previous writings as contradicting argument, please do read them -- you have not saw them at all; you just refered to text from which I wrote 'something' -- and you make hard decisions from that, without reading what exactly I have written. It is really hard read when one writes a reply line by line method and don't understand include previously written material with the new sentences to give them meaning. You seem to be one such. You also start replying to my articles, even you don't understand what is going on; you ask me repeatedly to decsribe my views what were wrong with XV 2.21 even I posted them within the article you did reply to. Believe me, it is not nice to get flamed specially when I know that you have not read my article carefully in the first place. XV-3.00 and JPEG FAQ and users I have written to agree me with the places you didn't; I'm sure you just didn't undertand what about I wrote. We can blame my writing skills (in English?) for that, or? Better stop the discussion and check what new ideas XV-3.00 gives; I allready mailed one to Bradley..."
4,,"[Stuff deleted] I'm glad to see that someone is working on this. However, it would be nice if he got his units right."
2,,Does anybody else think that WS stats should become part of a player's career stats? Why not?
5,,"Very likely possible. Reminds me of the movie ""The Rapture""."
0,,": I'm trying out the C++ graphics package InterViews. Besides the man pages : on the classes, I haven't got any documentation. Is there anything else : around? Furthermore, can anyone send me a (small!) example program : which shows how to use these classes together ? I would be very gratefull..."
2,,"Interesting article, Craig. It's amazing how hard it is to get baseball teams to understand how to properly market their teams and treat their customers. No other business could ever get away with the 19th century attitudes that most current owners display in running their clubs. I guess the owners look at baseball's high growth rate and ask why it's necessary to bring 20th century business practices into the game, but they don't realize how much more growth the game is capable of and how much they pay in terms of long-term popularity by not doing better by the game and its fans."
5,,"April 19, 1993 As William O. Douglas noted, ""If a powerful sponsor is lacking, individual liberty withers -- in spite of glowing opinions and resounding constitutional phrases."" The legislative scorecard outlined below resulted from subcommittee, committee, and floor action. Many important victories, however, come from coordinating with legislators to ensure anti-gun/anti-hunting legislation is either amended favorably, rejected, or never voted. These quiet victories are no less impressive in protecting our fundamental civil liberties guaranteed by the Second Amendment to the U.S. Constitution. **** Arizona - SB 1233, NRA-supported legislation concerning minors in criminal possession of firearms passed the House 36-18, is currently awaiting action by the Governor. Arkansas - HB 1447, Firearms Preemption Legislation was signed by the Governor making this the forty-first state to pass preemption. Preemption had passed twice in previous sessions only to be vetoed by then Gov. Bill Clinton. HB 1417, mandatory storage of firearms, amended and then killed in committee. Colorado - SB 42, mandating the storage of firearms with a trigger-lock, killed in committee. SB 104, prohibiting the sale of certain semi-auto firearms was killed in committee. SB 108, so-called Colorado Handgun Violence Prevention Act, including a provision for a 10-day waiting period, killed in committee. Connecticut - Substitute Bill No. 6372, imposing a 6% tax on all firearms, ammunition, and archery equipment killed in Environment Committee. Florida - A bill to require a 3-year license at a cost of $150 to own or possess semi-automatic firearms with a second degree felony provision (15 years in prison) died in committee along with numerous other anti-gun owner bills. No anti-gun legislation passed in Florida this year. Georgia - SB 12, supposed instant check with provision allowing for up to a 7-day ""waiting period,"" defeated in House Public Safety Committee and sent to Interim Study committee. Mandatory storage bill -- SB 247 -- was defeated 39-15 in the Senate. The same bill passed the upper-House 52-2 in 1992. Illinois - HB 90, prohibiting the sale, possession, manufacture, purchase, possession, or carrying of certain semi-auto firearms, was defeated in House Judiciary II Subcommittee on Firearms. HB 91, mandatory storage legislation, failed in House Judiciary Subcommittee on Firearms. HB 1550, repeals FOID and makes FTIP, point of sale check permanent, passed out of Judiciary Committee by a 10-4-2 vote. Presently on the calendar for third reading in the House. SB 40, mandatory storage bill, defeated in committee. SB 265, imposing a handgun excise tax, failed in Senate committee on Revenue's Subcommittee on Tax Increases. SB 272,imposing a tax on all persons engaged in the business of selling firearms, failed in Senate Revenue Committee's Subcommittee on Tax Increases. Indiana - SB 241, Statewide Firearms Preemption, passed in the Senate 34-16, and in the House 77-22. Twelve amendments were introduced on the House floor to SB 241. Among these amendments were a ban on certain semi-auto firearms, Mandatory Storage, Trigger-Lock, a ban on ""Saturday Night Specials"" (Similar to 1988 Maryland Bill), and Handgun Rationing (one handgun per month). All were defeated. [I read this morning (4/20) S.B. 241 was defeated -- lvc] Kansas - HB 2435, providing for a 72-hour waiting period on all firearms was defeated in committee. HB 2458, presently on the Governor's desk, HB 2459 and SB 243 and 266 all relating to victims' rights, are expected to be enacted into law. Maine - Funding for the Department of Fish and Wildlife 1993-94 budget, was restored following severe reductions in the Governor's proposed budget. LD 612, an anti-hunting bill which included reverse posting and 1000 yard safety zones, killed in committee. Maryland - SB 6-(Firearms Incendiary ammunition) died in committee on a 8-3 vote, SB 41 (Reckless Endangerment - Firearms - Sale or Transfer) died in committee on a 11-0 vote, SB 126 (Gun Control - ""Assault Weapons"") died in committee on 9-2 vote, SB 182 (Weapons -Free School Zone) was withdrawn, SB 185 (Weapons on School Property- Driver's License Suspension was withdrawn, SB 265 (""Assault Pistols"" - Sale, Purchase or Transport) died in committee on 8-3 vote, SB 328 (""Assault Pistols"" Act of 1993) died in committee on a 8-3 vote, SB 682 (Baltimore City-Firearms-Rifles and Shotguns) died in committee on a 9-2 vote. HB 274 (Pistol and Revolver Dealers Licenses - compliance with zoning laws) was withdrawn, HB 366 (Regulated Firearms-sales and transfer) died on the Senate Floor, HB 374 (Handguns and ""assault weapons"" - Advertising for sale or transfer) died in committee, HB 384 (Handguns and ""Assault Weapons"" - Exhibitors) died in committee, HB 495 (""Assault Pistols"" Act of 1993) died in committee on a 14-9 vote, HB 496 (Gun Shows-Sale, Trade, or Transfer of regulated firearms) died in committee on a 19-6 vote, HB 601 (Firearms - Handguns - ""Assault Pistols"" - Handgun Roster Board) was withdrawn, HB 683 (Rifles and Shotguns - Registration) was withdrawn, HB 945 (Pistols and Revolvers - Private sales or transfers- required notice) died in committee, and HB 1128 Prince Georges County - Weapons - Free School Zone) was withdrawn. Mississippi - HB 141, closing a loophole allowing felons to possess firearms, passed both Houses and signed by the Governor. The bill codifies into law mechanism for certain felons to have their Second Amendment liberties reinstated. Nebraska - LB 83 and LB 225, mandatory trigger-lock bills, killed in committee. New Hampshire - H.B. 363, providing for reciprocity for concealed carry licenses passed. H.B. 671, increasing the term of a License to Carry Loaded Handguns passed. New Mexico - SB 762, imposing a 7-day ""waiting period,"" defeated in Senate committee (0-5) and then on floor of the Senate (15-24). HB 182, mandatory storage legislation, was killed by a vote of 1-8 in committee. HB 230, legislation safeguarding sportsmen in the field from harassment by animal rights extremists, signed into law by the Governor on March 30. New York - Seven-day waiting period was defeated in the City of Buffalo. Ban on certain semi-autos was defeated in Monroe County. The tax and fee bills to be imposed on guns and ammo were not included in the 1993-94 budget. SB 207, making pistol licenses provides for validity of pistol license throughout the state, passed Senate. Currently awaiting action in Assembly committee. North Dakota - HB 1484, granting victims compensation in certain circumstances, was signed into law by the Governor on April 8. Oregon - SB 334, banning firearms on school grounds and in court buildings, withdrawn as a result of gun owners opposition. Rhode Island - HB 5273, mandatory firearms storage legislation, defeated in committee by a vote of 8-5. HB 6347, an act prohibiting aliens from owning firearm; defeated by unanimous vote in committee. HB 5650, excepting NRA instructors from the firearms safety requirement, reported favorably. HB 5781, exempting persons with an Attorney General's permit from the 7-day waiting period, reported to the floor by a vote of 11-1. HB 6917, extending the term of a permit to carry from two years to three years, reported to the floor unanimously. Utah HB 290, reforming the state's concealed carry statute, passed out of House committee. SB 32, creating civil liability for so-called negligent storage of a firearm, and SB 33 creating the offense of ""reckless endangerment"" with a firearm, killed on Senate floor. Virginia: S.B. 336, and S.B. 803, requiring proof of state residence to obtain Virginia Driver's License passed. S.B. 804, which increases the penalty and imposes a mandatory minimum sentence for ""straw man"" purchases of multiple firearms passed. S.B. 858, allowing possession of ""sawed-off"" rifles and shotguns in compliance with federal law passed. S.B. 1054, making it a felony for first offense of carrying a concealed firearm without a license (which the NRA opposes until law-abiding citizens can acquire a concealed carry license for self-defense), was defeated. H.B. 1900, increasing the penalty for use of a firearm in committing a felony was passed. H.B. 2076, requiring proof of residence to obtain a driver's license passed. H.B. 2272, providing for a referendum on the imposition of a statewide three- day ""waiting period"" in handgun purchases was defeated. Washington: SB 5160, calling for waiting periods and licensing for all semi-automatic firearms, died in committee. West Virginia - S.C.R. 18, which calls for a study to control transfers of handguns and ""Assault Weapons"" was defeated in the Senate 24-10. Wisconsin - In a referendum up against all odds, the determined efforts of the Madison Area Citizens Against Crime paid off on April 6 when a nonbinding referendum banning the possession of handguns in Madison, Wisconsin, was defeated. Despite opposition to the ban -- aired largely by firearms owners at a series of public meetings on the issue -- the Common Council voted on February 17 to place the referendum on the ballot, allowing only seven weeks of campaigning to reverse public opinion on the controversial issue. An October 1992 poll conducted by the Wisconsin State Journal found 57% in support and 38% opposed, with 5% expressing no opinion. By election day, of the more than 56,000 voters who went to the polls, 51% cast ballots in opposition to the proposal while 49% voted to have the Madison Common Council enact such a ban. The campaign committee, spearheaded by the Wisconsin Pro-Gun Movement and NRA-ILA, relied on neighborhood canvassing, direct mail and radio/TV advertising to educate voters on the civil liberties implications raised by enforcement of the ban if the referendum was approved. Despite the surprising defeat, it is expected that the Madison initiative's chief proponent, Mayor Paul Soglin, will attempt to have the Common Council enact an ordinance banning handguns. Downloaded from GUN-TALK (703-719-6406) A service of the National Rifle Association Institute for Legislative Action Washington, DC 20036"
1,,"if you want to annoy geico, call them up...give fake name...but real car specs..get a quote and then tell them they are more expensive than your current state farm/allstate insurance. they will still send you quote etc. then you can tear up their quote and stuff it in the prepaid return envelope and mail it back to them. actually they were $12 more than my current state farm rates."
3,,"Depression can also have various chemical (environmental) components. I noticed that I became depressed in various buildings, and at home when the air conditioning was on. Subsequent testing revealed that I was allergic to stemphyllium, a mold commonly found in air conditioners. After I began taking antigens, that problem disappeared."
4,,"Well, I agree. I hope others chime in with suggestions on specific technologies which could be applied towards the maintenance of an Earth like atmosphere on a long-duration spacecraft. Tim et al: I think we should try looking at atmosphere first. This seems to be the single most fundamental issue in keeping anyone alive. We're all taught that when supporting a patient you look for maintaining airway. So, in keeping with my trauma training (and keeping my emergency medicine professor happy), I suggest that we look at the issues surrounding a regenerable atmospheric circuit. Howz that Tim?"
0,,"I am currently looking for a 3D graphics library that runs on MS Windows 3.1. Are there any such libraries out there other than Visuallib? (It must run on VGA and should not require any other add-on graphics cards). For Visuallib, will it run with Metaware High C compiler v3.0? Any email contact for the author of Visuallib? Any help would be much appreciated. Thanks."
2,,": >Compiled from the last five Defensive Average reports, here are the career : >DAs for the individual players in the reports. Stats are courtesy of : >Sherri Nichols. Players are listed in descending order. : And some comments, with some players deleted. : >Third Basemen : >------------- : >Leius, Scott ---- ---- ---- .653 .680 0.672 : Looks good. Too bad he's moving to short. : >Pagliarulo, Mike .631 ---- .575 .744 ---- 0.649 : This is an interesting line. His 1988 figure was slightly below average. : His 1990 was pathetic, and his 1991 was the next best year by anybody. Part of : that may be his mobility. 1988 was with the Yankees. 1990 was with the : Padres, who appear to have a rotten infield. 1991 was with the Twins, and : judging by Leius and Gaetti, the Metrodome may be a good place to play : third. Gaetti, Gary .616 .638 .655 .632 ---- 0.637 Apologies if I don't know what I'm talking about :-), but as a Twins fan, I like to think they have good players in any park. Not sure if I remember completely or not, but I think Gaetti played with the Twins in '87 for the world series, and again in '88 (note that's his lowest of the 4). I believe the next 3 (or at least the last two) were played with the Angels. Lots of factors make a player excell... I hate it when so many use the dome. It may not be ideal, but nice to comfortably enjoy baseball and football even when it's snowing and raining. -Craig"
2,,"These people were very silly. Any team that gets to the World Series can win the World Series, and anybody who ever expects a sweep is crazy. If you put the best team in baseball in the Series against the worst team in baseball, the worst team would win at least a game most of the time and very well could win the Series, though the odds would certainly be against them."
5,,"If you won't believe anything the government says, and the press is not reliable according to the same logic, then what do you base your statements on? Wild speculation laced with a healthy dose of paranoia?"
0,,"Toronto Siggraph ================ What: ``Chance's Art'': 2D Graphics and Animation on the Indigo. By: Ken Evans, Imagicians Artware, Inc. When: Tuesday 20 April 1993 7:00pm-9:00pm Where: The McLuhan Centre for Culture and Technology University of Toronto 39A Queen's Park Crescent Toronto Who: Members and non-members alike (non-members encouraged to become members...) Abstract: Imagicians Artware, Inc. is entering into early beta site testing on Silicon Graphics workstations of a new 2D abstract artwork and animation package called Chance's Art. The package will be described and demonstrated, and some of the technical issues will be discussed. Marketing plans will be outlined. The talk will also present some of the technical and business problems increasingly confronting small startup software companies today, and some of the opportunities this situation presents. Time after the event will be allocated for hands-on demonstrations to interested parties. Silicon Graphics is graciously providing an Indigo for this event. Myck Kupka will also be demonstrating his computerized interactive reflective stereoscope, which is installed upstairs in the McLuhan Centre, so feel free to drop by for a demonstration before or after the event. BTW, be sure to sing ""Happy Birthday, Myck""... The names of nominees for our Siggraph executive offices will be announced at this meeting. Nominations will still be open until the election at our May 18th event; call Myck Kupka at 465-0943 or fax to 465-0729. Directions: The McLuhan Coachhouse is on the east side of Queen's Park Crescent, just NORTH of Wellesley, SOUTH of St. Joseph St., BEHIND (EAST of) 39 Queen's Park Crescent, which is the centre for Mediaeval Studies."
2,,Sez Dave Kingman when he used to take off for Rosh Hashanna and Yom Kippur on days they coincided with the season.
1,,"^^^^^^^^ Gee, you really make me confused. What is radiator? Where is it located? What does it look like? Will it release any radiation (since it sounds like radia-tion genera-tor) when you punch holes?"
3,,"has any one heard of a sedative called ""Rhoepnol""? Made by LaRouche, I believe. Any info as to side effects or equivalent tranquillizers? thanks.... --"
2,,"Maybe I'm just a child of the 80's, but I really liked the Marlins' uniforms. The helmets shine nicely in the sun. It's enough to make me a fan."
1,,That's pretty good. A friend had an Audi that he named Murphy.
5,,[stuff deleted] ^^^ I think you mean HCI here. [snip] Joe
1,,"one i saw had vented rears too...it was on a lot. of course, the sales man was a fool...""titanium wheels""..yeah, right.. then later told me they were ""magnesium""..more believable, but still crap, since Al is so m uch cheaper, and just as good.... i tend to agree, tho that this still doesn't take the SHO up to ""standard"" for running 130 on a regular basis. The brakes should be bigger, like 11"" or so...take a look at the ones on the Corrados.(where they have braking regulations)."
4,,":>... Also, as implied by other posters, why :>do you need to boost the orbit on this mission anyway? ... :You don't *need* to, but it's desirable. HST, like all satellites in :low Earth orbit, is gradually losing altitude due to air drag. It was :deployed in the highest orbit the shuttle could reach, for that reason. :It needs occasional reboosting or it will eventually reenter. (It has :no propulsion system of its own.) Has any thought been given as to how they are going to boost the HST yet? Give it a push? I can see the push start cartoons now :-)."
2,,"Newsgroups: rec.sport.baseball Harry talks about this ""incident"" in his autobiography ""Holy Cow."" Unfortunately, I can not clarify on this since (1) I read the book a couple of years ago and (2) I do not have my book with me. Anyway, It is a pretty interesting book if you are a Harry or Cubs fan."
3,,"I'll drink to that. Nice to see Steve still has his high and almighty intellectual prowess in tact. Yawn... Exactly my question to you, Steve. What's your point? This person had one, you didn't Nice to see that some things never change, Steve, if you aren't being ignorant in one group [*.alternative] you're into another. One positive thing came out of it, you are no longer bothering the folks in *.alternative, it's just a shame that these people have to suffer so that others may breath freely."
0,,"Well, I am placing a file at my ftp today that contains several polygonal descriptions of a head, face, skull, vase, etc. The format of the files is a list of vertices, normals, and triangles. There are various resolutions and the name of the data file includes the number of polygons, eg. phred.1.3k.vbl contains 1300 polygons. In order to get the data via ftp do the following: 1) ftp taurus.cs.nps.navy.mil 2) login as anonymous, guest as the password 3) cd pub/dabro 4) binary 5) get cyber.tar.Z Once you get the data onto your workstation: 1) uncompress data.tar.Z 2) tar xvof data.tar If you have any questions, please let me know. george dabro dabro@taurus.cs.nps.navy.mil -- george dabrowski Cyberware Labs"
1,,"Yeah, diesels are cleaner than petrol powered cars. They even have catalysts fitted to disels now! Oh and Citroen have even launched the 'First sports diesel car in the world'. Which is probably true if you assume if its for production purposes (Merc-Benz had a prototype which runs on diesel back in around 1968..... it did - and read this! - 200 MPH!!!) ....Shaz...."
5,,"Such a measure would also have another benefit. It would relieve the various states of the thorny problem of what to do with the hundreds of millions of dollars hunters pour into the economy annually. I'm sure that, to attain sure a lofty, humane, liberal and ecologically (not to mention politically) correct goal, the environmental and animal rights groups/individuals supporting such a measure would be more than willing to add their names to a list of supporters seeking increased taxation to replace these lost revenues. I am equally confident that these same entities, given their noteworthy record in the area of social responsibility and respect for private property, would feel morally and ethically bound to raise the necessary funds to acquire the hundreds of thousands of acres of land now held in private hands solely for use as private hunting preserves by the landowner(s). To do less than this would place these same groups/individuals in the ethically untenable (to say nothing of environmentally and politically incorrect) position of sanctioning the logging and subsequent development and urbanization of these former private hunting lands, which would no longer be useable by, or of any benefit to, the landowner(s) in such a capacity."
1,,"Does anyone know how to reset the service indicator of a BMW after changing the oil yourself? Also, I have about 3,000 miles on my 525i and so far only one of the five yellow service indicators went out. That means I don't need oil service until it reach approximatly 15,000 miles which doesn't make sense to me. Any idea? PS of cause I did my first oil change at 1,200 miles"
5,,"Just want to back this up with a personal anecdote. My grandparents have a Navajo rug made in the 1920's, which they received in trade from the weaver while living in Flagstaff, Arizona. The decorative motif consists of 4 large black swastikas, one in each corner. What's more, the color scheme is black, white, and red. To the casual glance it would undoubtedly appear to be a Nazi relic of some kind. Yet they owned it ten years before Hitler and the National Socialists came to power. As I recall, they took it down in the 30's, and didn't feel quite right about putting it back up until the 60's. It still draws comments from those who don't know what it is. --ccm -- Christopher C. May * U. of Ariz. Coll. of Medicine '93 * cmay@ccit.arizona.edu +=============================================================================+ +-----------------------------------------------------------------------------+"
1,,"Yeah. I don't use the clutch all the time either. I've done it with Fords, BMW, Datsun, and Chevy and it works fine. I can't think of any reason that it would damage the tranny. Essentially you are just doing what the synchros do anyhow - match the engine speed with the tranny speed and slip it into gear. Sounds about right. I usually slip it out during throttle-down and then blip the throttle and wait until it feels like things are right (usually about a second) and then slip it into gear... -- -------------------------------------------------------------------- Jon ""You obviously don't know who you're dealing with"" Gross jong@halcyon.com"
4,,"Tell that to the people who run the 10-meter Keck telescope, or the astronomers and engineers working on the Gemini twin 8-meter telescope project. It took 7 years to build Keck I and now they are building Keck II. According to the December 1992 Sky & Telescope, ""This second 10-meter eye will convert the facility into a binocular telescope with double the light-gathering power and the ability to resolve the headlights of a car some 25,000 kilometers away."" Japan's 8.3-meter Subaru telescope will soon join Keck on Mauna Kea. All these telescopes will work in the infrared, yes, but they are _visible light_ telescopes! And haven't you heard anything about adaptive optics? A lot of research was done with ""Star Wars"" funding, and some is now being shared with astronomers. This shows great promise. Soon, probably within a few years, even the largest telescopes will be able to resolve to their theoretical limit _despite_ the distortions of the atmosphere. To say that ""visible light astronomy is already a dying field"" is pure hokum. To use the ""logic"" that things are already bad, so it doesn't matter if it gets worse is absurd. Maybe common sense and logic are the dying fields. George Krumins"
2,,I am just wondering whether the official MLB stats includes Intentional Walks in the BB category or not?
4,,"Introducing the Back to the Moon in Congress: The Next Step The next key hurdle for the Lunar Resources Data Purchase Act is introduction of the Act in Congress. At this point, many congresspersons have been approached about the bill. However, for a successful effort to pass the bill, we need the best possible congressperson to introduce the bill. Due to his position as Chair of the House Committee on Space and Science, Congressman George Brown is the logical choice. He has a long record of support and interest in space development, and helped pass the Launch Services Purchase Act and the Space Settlements Act. There is a small group of activists in southern California who have assisted George Brown in his recent re-election campaigns. We are mobilizing this group to have them tell Congressman Brown about the Back to the Moon bill. We are also asking pro-space constituents to let him know that they care about getting America back to the Moon. Finally, there is a good chance that a nationwide alert for space activists to call or write George Brown to have him introduce the Back to the Moon bill may be staged during late spring, 1993. All this should produce a positive reaction from Brown's office. As more is known, it will be passed on. However, even if we are successful in getting him to support the bill, this alone will not ensure passage of the bill. For any bill to become law, one of three conditions must exist: either the bill must reflect widespread national support for an issue (such as extension of unemployment insurance benefits); be propelled by high-priced lobbyists (we're out of luck there); or have widespread support within Congress, due to small, but widespread, constituent support. The latter is the path that we, by necessity, must choose. This means that the introduction of the Lunar Resources Data Purchase Act must be immediately accompanied by a large number of congresspersons' sponsorship of the bill. To accomplish this, we need activists to ask their congressperson to support the Lunar Resources Data Purchase Act - now. To wait until the bill is introduced is simply too late - it takes time to have a congressperson's staff review a bill. If your congressperson mentions that the bill is not yet introduced, please elicit their opinion of the bill as currently written. We appreciate all comments on the bill from activists and politicians. If you have yet to see the Back to the Moon bill, please request a copy by Email (please include your U.S. postal service address), or contact your local chapter of the National Space Society)."
2,,"Is there a Chicago Cubs mailing list?? If so, I'd like to join. Any help appreciated...."
1,,= = = = = = The only thing about the 300ZX turbo and new Supra is they're about $10K or more over his budget...
4,,"We`ve had the the Great Western, the [ dunno ] and the Great Northern postulated as Brunel`s masterpiece. Keep boxing the compass chaps, you`ll get round to it eventually. The Great Western was a highly successful transatlantic mail ship, with hybrid sail and steam propulsion. The Great Eastern, which broke the 'Little Giant' financially and otherwise, was a revolutionary leap forward in ship design. A thirty thousand ton all steel vessel, with primary steam propulsion, it was at the time easily the biggest ocean going vessel ever built. Brunel took advantage of the fact that cargo and / or fuel capacity rose with the cube of scale, while drag rose with the square, so a really big ship could steam thousands of miles without coaling. Unfortunately, there was no real market for such a beast at the time, and it was eventually sold off at scrap values. As another poster said, it then went on to a successful career as a telegraph cable laying ship. It was in fact the only ship of its day capable of laying a transatlantic cable in one go, with the endurance and capacity to carry the huge reel all the way, and the manoeuverabilty to dredge for defective sections. See Arthur C Clarke`s book ""How the World was One"" [ I think that`s right ] If that`s how the Shuttle goes down in history, as a technical triumph and a financial disaster for the builder, it would not be entirely ignoble, but I doubt if history will be so charitable. Its true the Shuttle can do things no other launch system can do, but are they worth doing? With low cost access to space, you could have an affordable space station for doing shuttle-like extended manned missions. As it is, the shuttle is not so much a space-truck as a space-RV, ( only not so cheap to run :-( )"
5,,"I don't know about the paranoia and irrationality, but the rest is pretty close, all though you left out the inability to breath. Of course you can make a claim that people will do some fairly deranged things to get away from it. I've seen teenagers flatten 200lb. drill sergeants to get out of tents full of it. Which raises another issue.... What they didn't mention is that IN THE OPEN, it probably wouldn't do TOO MUCH harm to children, although I wouldn't use it in close proximity to infants. On the other hand, IN CONFINED spaces, the effects are GREATLY intensified, to the point of LETHALITY, since a sufficient quantity of CS will displace OXYGEN. When running a CS chamber CAREFUL attention is paid to ventilation. I wonder if they checked to see if any of the BDs were asthmatics or suffered from other respiratory diseases. I doubt it."
5,,"From: ""Preston K. Covey"" <covey+@andrew.cmu.edu> Subject: Gun Stats & Mortal Risks Date: Mon, 15 Feb 1993 18:35:05 -0500 (EST) Folks, Hail from the nether world. On February 4th, the Wall Street Journal carried a front-page article by Erik Larson entitled ""Armed Force."" I felt a reply was in order to his citation of the notorious scare stat that ""A Gun is 43 times more likely to kill than to protect."" I sent the following to the WSJ. ----- Gun Stats & Mortal Risks Preston K. Covey Erik Larson~s even-handed article on Paxton Quigley (~Armed Force,~ 2/4/93, WSJ) cites the world~s most notorious ~statistic~ regarding guns in the home: ~A pioneering study of residential gunshot deaths in King County, Washington, found that a gun in the home was 43 times more likely to be used to kill its owner, spouse, a friend or child than to kill an intruder.~ The ~43 times~ stat is everywhere these days; it has grown in media lore like the proverbial urban myth: it was inflated by one pugilistic talk-show pundit to ~93.~ Given the shock value of the finding, the conclusion of the 1986 New England Journal of Medicine (NEJM) study is remarkably understated: ~The advisability of keeping firearms in the home for protection must be questioned.~ Responsible people should indeed question the risks and benefits of bringing a firearm into their home. But what we need to know is this: What exactly are the risks and benefits? The NEJM testimony is neither the whole truth about the benefits nor nothing but the truth about the risks. Further, as with motor vehicles, we want to know: What control do we have over the risks and benefits? And, as with the risks of cancer or heart disease or auto accidents: How can we minimize the risks? Like raw highway death tolls, the NEJM stat is not very helpful here. The NEJM finding purports to inform us, but it is framed to warn us off. It is widely promulgated in the media as a ~scare stat,~ a misleading half-truth whose very formulation is calculated to prejudice and terrify. The frightful statistic screams for itself: The risks far outweigh the benefits, yes? What fool would run these risks? If your car were 43 times more likely to kill you, a loved one, a dear friend or an innocent child than to get you to your destination, should you not take the bus? Uncritical citation puts the good name of statistics in the bad company of lies and damned lies. Surely, we can do better where lives are at stake. Let~s take a closer look at this risky business: The ~43 times~ stat of the NEJM study is the product of dividing the number of home intruders/aggressors justifiably killed in self-defense (the divisor) into the number of family members or acquaintances killed by a gun in the home (the dividend). The divisor of this risk equation is 9: in the study~s five-year sample there were 2 intruders and 7 other cases of self-defense. The dividend is 387: in the study there were 12 accidental deaths, 42 criminal homicides, and 333 suicides. 387 divided by 9 yields 43. There were a total of 743 gun-related deaths in King County between 1978 and 1983, so the study leaves 347 deaths outside of homes unaccounted. The NEJM~s notorious ~43 times~ statistic is seriously misleading on six counts: 1. The dividend is misleadingly characterized in the media: the ~or acquaintances~ of the study (who include your friendly drug dealers and neighborhood gang members) is equated to ~friends.~ The implication is that the offending guns target and kill only beloved family members, dear friends, and innocent children. Deaths may all be equally tragic, but the character and circumstance of both victims and killers are relevant to the risk. These crucial risk factors are masked by the calculated impression that the death toll is generated by witless Waltons shooting dear friends and friendly neighbors. This is criminological hogwash. 2. The study itself does not distinguish households or environs populated by people with violent, criminal, or substance-abuse histories -- where the risk of death is very high -- versus households inhabited by more civil folk (for example, people who avoid high-risk activities like drug dealing, gang banging and wife beating) -- where the risk is very low indeed. In actuality, negligent adults allow fatal but avoidable accidents; and homicides are perpetrated mostly by people with histories of violence or abuse, people who are identifiably and certifiably at ~high risk~ for misadventure. To ignore these obvious risk factors in firearm accidents and homicides is as misleading as ignoring the role of alcohol in vehicular deaths: by tautology, neither gun deaths nor vehicular deaths would occur without firearms or vehicles; but the person and circumstance of the gun owner or driver crucially affect the risk. 3. One misleading implication of the way the NEJM stat is framed is that the mere presence of a gun in the home is much more likely to kill than to protect, and this obscures -- indeed, disregards -- the role of personal responsibility. The typical quotation of this study (unlike Larson~s) attributes fatal agency to the gun: ~A gun in the home is 43 times as likely to kill . . . .~ (The Center to Prevent Handgun Violence, a major promulgator of the NEJM statistic, uses this particular formulation.) We can dispense with the silly debate about whether it~s people or guns that accomplish the killing: again, by tautology, gun deaths would not occur without the guns. The question begged is how many deaths would occur anyway, without the guns. In any case, people are the death-dealing agents, the guns are their lethal instruments. The moral core of the personal risk factors in gun deaths are personal responsibility and choice. Due care and responsibility obviate gun accidents; human choice mediates homicide and suicide (by gun or otherwise). The choice to own a gun need not condemn a person to NEJM~s high-risk pool. The gun does not create this risk by itself. People have a lot to say about what risk they run with guns in their homes. For example, graduates of Paxton Quigley~s personal protection course do not run the touted ~43 times~ risk any more than skilled and sober drivers run the same risks of causing or suffering vehicular death as do reckless or drunk drivers. Undiscriminating actuarials disregard and obscure the role of personal responsibility and choice, just as they disregard and obscure the role of socio-economic, criminological and other risk-relevant factors in firearm-related death. This is why we resent insurance premiums and actuarial consigment to risk pools whose norms disregard our individualities. Fortunately, nothing can consign us to the NEJM risk pool but our own lack of choice or responsibility in the matter. 4. Suicide accounts for 84% of the deaths by gun in the home in the NEJM study. As against the total deaths by gun in King County, including those outside the home, in-house suicides are 44% of the total death toll, which is closer to the roughly 50% proportion found by other studies. Suicide is a social problem of a very different order from homicide or accidents. The implication of the NEJM study is that these suicides might not occur without readily available guns. It is true that attempted suicide by gun is likely to succeed. It is not obviously true that the absence of a gun would prevent any or all of these suicides. This is widely assumed or alleged, but the preponderance of research on guns and suicide actually shows otherwise, that this is wishful thinking in all but a few truly impulsive cases. (See: Bruce L. Danto et al., The Human Side of Homicide, Columbia University Press, 1982; Charles Rich et al., ~Guns and Suicide,~ American Journal of Psychiatry, March 1990.) If suicides were removed from the dividend of the NEJM study~s risk equation, the ~43 times~ stat would deflate to ~six.~ The inclusion of suicides in the NEJM risk equation -- like the causes, durability, or interdiction of suicidal intent itself -- is a profoundly debatable matter. Quotations of the NEJM study totally disregard this issue. 5. Citations of the NEJM study also mislead regarding the estimable rate of justifiable and excusable homicide. Most measures, like the NEJM homicide rate, are based on the immediate disposition of cases. But many homicides initially ruled criminal are appealed and later ruled self-defense. In the literature on battered women, immediate case dispositions are notorious for under-representing the rate of justifiable or excusable homicide. Time~s January 18, 1993, cover story on women ~Fighting Back~ reported one study~s finding that 40% of women who appeal have their murder convictions thrown out. Time~s July 17, 1989, cover story on a week of gun deaths reported 51% of the domestic cases as shootings by abuse victims; but only 3% of the homicides were reported as self-defense. In a May 14, 1990, update, Time reported that 12% of the homicides had eventually been ruled self-defense. In Time~s sample, the originally reported rate of self-defense was in error by a factor of four. The possibility of such error is not acknowledged by promulgators of the NEJM statistic. 6. While both the dividend and the product of the NEJM risk equation are arguably inflated, the divisor is unconscionably misleading. The divisor of this equation counts only aggressors who are killed, not aggressors who are successfully thwarted without being killed or even shot at. The utility of armed self-defense is the other side of the coin from the harms done with guns in homes. What kind of moral idiocy is it to measure this utility only in terms of killings ? Do we measure the utility of our police solely in terms of felons killed -- as opposed to the many many more who are otherwise foiled, apprehended, or deterred? Should we not celebrate (let alone count ) those cases where no human life is lost as successful armed defenses? The question posed to media that cite the NEJM scare stat is this: Why neglect the compendious research on successful armed defense, notably by criminologist Gary Kleck (Point Blank: Guns and Violence in America , Aldine de Gruyter, 1992)? Kleck~s estimations of the rate and risk of defensive firearm use are based on victimization surveys as well as other studies: the rate is high (about one million a year) and the risk is good (gun defenders fare better than anyone, either those who resort to other forms of resistance or those who do not resist). Dividing one million gun defenses a year by 30,000 annual gun deaths (from self-defense, homicides, suicides, and accidents) yields 33. Thus, we can construct a much more favorable statistic than the NEJM scare stat: A gun is 33 times more likely to be used to defend against assault or other crime than to kill anybody. Of course, Kleck~s critics belittle the dividend of this calculation; what is good news for gun defenders is bad news for gun control. We should indeed question the basis and method of Kleck~s high estimation of defensive firearm use, as I have questioned the NEJM statistic. Clearly, the issue of how to manage mortal risks is not settled by uncritical citation of statistics. One thing troubles me still: we can hardly escape the unquestioned NEJM scare stat in our media, but we hardly ever find Kleck~s good work mentioned, even critically."
1,,"I think the Blue Book is the NADA handbook for used car prices, no? Is the Blue Book value given the retail or wholesale value??? The Blue Book value isn't set in stone, though. Low milage, extra addons and stuff like that there can increase the resale price of the car, you may want to head on over to the local library or borrow your friends Blue Book and read up on that sort of stuff. I paid ~$400 under BB (retail) for my '87 Civic in 1990, and it was in perfect condition and had only ~14.5K miles on it. The guy was desparate to sell, new kid on the way, etc., but it was a good price. Remeber, both you and the buyer, if he has any sort of brains at all, are using the Blue Book, so you should pick a fair price. Chintan Amin llama@uiuc.edu"
5,,"So far, the medical examiner (according to the news) has found NO EVIDENCE of gunshot wounds in bodies so far examined. If this continues to be the case, it will sort of shoot holes (pun intended) in the FBI story, wouldn't it? And cartridges going off outside a firearm do not launch a bullet like they do when fired from a gun. The bullet hardly moves, it is the brass casing that goes flying, and then with less than lethal force. It will hurt, yes, but not KILL you - I doubt if it wil penetrate a coat, for example. How about an INDEPENDENT investigation, with full subpoena powers, and powers to prosecute on felony charges, to investigate for any possible illegal/criminal activity on the part of both the BATF and FBI? I cannot see any reason why not - to use the phrase they like to use so often, ""if they have nothing to hide..."" they should welcome it, and vigorously support it. Note that an internal investigation by the Dept of Justice is NOT an independent investigation..."
2,,"O.K. It would be a shame for Cards fans on the net to go through the 1993 championship season without a mailing list to talk on so I would be willing to look at starting one. Except there's one little problem... I don't know the first thing about how to do it or what it requires in terms of resources or time. So if some kind soul could e-mail me the particulars of getting starting and managing a mail list, I'd see if it would be feasible for me to start a Cards mailing list. Thanks in advance, Dick Detweiler"
0,,"I need a complete list of all the polygons that there are, in order. I'll summarize to the net. -------------------------------------------------------- ""If only I had been compiled with the '-g' option."""
4,,"Mike Adams suggested discussions on long-term effects of spaceflight to the human being. I love this topic, as some of you regulars know. So, having seen Henry's encouraging statement about starting to talk about it; I shall. I feel that we as a community of people have unique resources to deliver to the world a comprehensive book which can elaborate on the utility of spaceflight to fields which are as divergent as medical intensive care, agriculture, environmental protection, and probably more. I do not believe that the general public understands the impact of spaceflight on the whole of society. In the absence of such knowledge, we see dwindling support of the world's space effort. I believe that we as a group have the responsibility to not only communicate amongst ourselves, but also with others through print media. A well-orchestrated and technically oriented analysis of life science variables required to support long-duration spaceflight (like long expenditions to the moon or Mars) would be entertaining and educational to the general public. The objective of such an effort would be to compile resources and publications from accepted scientific and technical journals which would address each major life science area. In addition, ideas for further research and development could be put forward for the general public to ponder...allowing the general public to take part in the excitement of exploration. Individuals interested should be willing to devote an hour per week to running literature searches and finding journal articles. In addition, we need to obtain the assistance of personnel from within the halls of NASA and industry. I have appreciated the positive responses to date and I am personally eager to start this project. Perhaps we could start with debate regarding how best to grade the viability of various technologies for application to spaceflight."
4,,"If all of these things have been detected in space, has anyone looked into possible problems with the detectors? That is, is there some mechanism (cosmic rays, whatever) that could cause the dector to _think_ it was seeing one of these things?"
4,,"Why must it be a US Government Space Launch Pad? Directly I mean.. I know of a few that could launch a small package into space. Not including Ariadne, and the Russian Sites.. I know ""Poker Flats"" here in Alaska, thou used to be only sounding rockets for Auroral Borealous(sp and other northern atmospheric items, is at last I heard being upgraded to be able to put sattelites into orbit. Why must people in the US be fixed on using NASAs direct resources (Poker Flats is runin part by NASA, but also by the Univesity of Alaska, and the Geophysical Institute). Sounds like typical US cultural centralism and protectionism.. And people wonder why we have the multi-trillion dollar deficite(sp). Yes, I am working on a spell checker.."
3,,"Gordon Banks: This certainly describes my situation perfectly. For me there is a constant dynamic between my tendency to eat, which appears to be totally limitless, and the purely conscious desire to not put on too much weight. When I get too fat, I just diet/exercise more (with varying degrees of success) to take off the extra weight. Usually I cycle within a 15 lb range, but smaller and larger cycles occur as well. I'm always afraid that this method will stop working someday, but usually I seem to be able to hold the weight gain in check. This is one reason I have a hard time accepting the notion of some metabolic derangement associated with cycle dieting (that results in long-term weight gain). I have been cycle- dieting for at least 20 years without seeing such a change. I think a vigorous exercise program can go a long way toward keeping the cycles smaller and the baseline weight low."
0,,"I need help in creating my 4x4 perspective matrix. I'd like to use this for transforming x, y, z, w in some texture mapping code I got from Graphics Gems I. I have many books which talk about this, but none of them in simple plain english. If you have Graphics Gems I, I'm talking about page 678. I'd like to have a perspective matrix that handles different field-of-views and aspect of course. Thank's for your help. ca2 = cos(alpha / 2) Horizontal sa2 = sin(alpha / 2) cb2 = cos(beta / 2) Vertical sb2 = sin(beta 7 2) Zf = Far clipping value Zn = Near clipping value Matrix: [[ca2/sa2 0 0 0] [0 cb2/sb2 0 0] [0 0 Zf/(Zf-Zn) 1] [0 0 -Zn*Zf/(Zf-Zn) 0]]"
1,,"Unfortunately, I've got another story to add to this. My girlfriend and I were driving through west L.A., and got pelted by a rock just as we were pulling away from a stoplight. The scary thing was that the rock was heavy enough to put a decent-sized dent in the door of my '72 Riviera which is pretty much solid ""Detriot Iron."" Couple of inches higher and it would have gone through the window. Chris -- --------------------------------------------------------------------------- Chris Barrus --- chrisb@lynx.ps.uci.edu --- kallista@aol.com 1972 Buick Riviera boattail, peace through superior automotive power! Sacred cows make the best hamburger - Abbie Hoffman"
2,,"Ok all you trivia buffs, I have a good one for you. 1. Prior to the foul bunt rule what is the record for the most foul balls by 1 batter during one at bat? 2. Total pitches? 3. Who was the batter? 4. Who was the pitcher? 5. Same as 1-4 except after the foul bunt rule. Associated data would be nice too (such as date, location, teams, etc.)"
3,,"There's a chiropractor who has a stand in the middle of a shopping mall, offering free examinations. Part of the process involves a multiple-jointed sensor arm and a computer that says in a computer- sounding voice ""digitize left PSIS"" ""digitize right PSIS"" ""digitize C7"" ""please stand with spine in neutral position"". I'm wondering whether this doesn't really measure anything and the computer voice is to impress the victims, or whether it is measuring something that chiropractors think is useful to measure. -- haynes@cats.ucsc.edu haynes@cats.bitnet"
0,,"Hi I am looking for an algorithm or pointers to any papers on how to convert Quadratic Splines to Cubic Splines or Beizeirs. If source is available in the public domain, please let me know. Thanks very much -ks"
5,,"Even better, let's pass a law making it illegal to kill people with bombs of *any* sort. --henry schaffer"
4,,"This is, shall we say, an overly-broad statement. In particular, are you referring to the native American culture that existed in 1400, or the one that existed in 1800? (Simplify things by assuming we're talking about the eastern US rather than the whole continent.) Given that those were *radically* different cultures, which one are you referring to? Note that the pre-Columbian native Americans, east of the Mississippi, did all of these things. (Well, maybe not ""on Sunday"", but they did have organized religions, not to mention cities and governments.) If you are judging the native Americans by the tribal culture that existed in 1800, you might want to read an account of the De Soto expedition to find out what pre-Columbian native American culture, at least in the more civilized parts of the continent, was like."
2,,"I grew up listening to Harry Carey call the Cardinals' games and really liked him--then. But, as I recall, he was fired because he was too critical (read: honest) when he was announcing. He dared to point out the Cards' miscues and such. At least, this is what I remember from when I was a kid."
2,,"No, no no. The Ack man is apparently an alien life-form, much like the pod people from planet Mars, who can take on any form (the ability remains the same, however). The Ack-people have been spotted on many teams to date, but it appears that the Orioles staff (mentioned above) and the Expos bullpen (Barnes, Walton, Fassero, Gardiner and Rojas) have been the prime target. Apparently John Wetteland was roughed up by the Ack-people during spring training due to the fact that his system rejected the takeover, and has been on the DL ever since. Contact the authorities! This evil plot must be stopped! (the Ack-people can keep Jack Morris and Juan Guzman, though. I enjoy watching Toronto fans suffer too much to want these guys returned to normal ;-) Scot. -- ----------------------------------------------------------------------------- Scot Hughes | Department of Chemical Engineering | Expos in '93! falcon@cs.mcgill.ca| McGill University, Montreal, Quebec| {witty saying here}"
5,,"Money orders operate pretty much like checks, with both parties being supposed to sign them. I assume you'd have to show the buy-back people an ID, and you'd then have a money order made out to that ID. As far as traceable as a practical matter, I don't know, it would depend on whether they bother to computerize who the recipient's name is on the money order and bother keying that sort of thing in. I'd say certainly the police and the buyback people would keep a record of who they gave money orders out to. There might be some questions asked, I suppose, if somebody brought in a number of weapons each time over a series of ""buy back"" programs."
4,,"The main effect of the spherical aberration problems with the primary mirror was to drive the computer engineers to develop the image processing software that much faster. When they use the _same_ deconvolution software on the images from the fixed Hubble, be ready for some incredible results! There is every reason to believe that the results will _exceed_ the original specs by a fair margin. Adaptive optics is a combination of hardware and software. It works realtime, not after the fact, as is the case with Hubble. You might be interested to know this technology has made it to the amateur market, in the form of the AO-2 Adaptive Optics System. Starting on page 52 of the April, 1993 Sky & Telescope is a three page review of this new product. It lists for $1,290. The article states: ""The AO-2 Adaptive Optics System comes in a handy soft-plastic case that a three-year-old could carry around."" Even though this device is really only good for the brightest objects, ""it could cope with image movements of up to 0.8 millimeter in the telescope's focal plane."" Now just imagine how well this infant technology will do in a few years, especially in a dedicated system that has hundreds of thousands of dollars, and many man-hours invested in its development. George Krumins"
4,,"I think if there is to be a prize and such.. There should be ""classes"" such as the following: Large Corp. Small Corp/Company (based on reported earnings?) Large Government (GNP and such) Small Governemtn (or political clout or GNP?) Large Organization (Planetary Society? and such?) Small Organization (Alot of small orgs..) The organization things would probably have to be non-profit or liek ?? Of course this means the prize might go up. Larger get more or ?? Basically make the prize (total purse) $6 billion, divided amngst the class winners.. More fair? There would have to be a seperate organization set up to monitor the events, umpire and such and watch for safety violations (or maybe not, if peopel want to risk thier own lives let them do it?)."
4,,"Batse alone isn't always used to determine position. WHen a particularly bright burst occurs, There are a couple of other detectors that catch it going off. Pioneer 10 or 11 is the one I'm getting at here. This puppy is far enough away, that if a bright burst happens nearby, the huge annulus created by it will hopefully intersect the line or general circle given by BATSE, and we can get a moderately accurate position. Say oh, 2 or 3 degrees. That is the closest anyone has ever gotten with it. Actually, my advisor, another classmate of mine, and me were talking the other day about putting just one detector on one of the Pluto satellites. THen we realized that the satellite alone is only carrying something like 200 pounds of eq. Well, a BATSE detector needs lead shielding to protect it, and 1 alone weighs about 200 pounds itself."
1,,"In response to a post about SUV's, I got several unsolicited recommendations to check out the Land Cruiser, despite its astronomical price. The Toyota dealer told me it's a ""cult car"". If a car is good enough to create a passionate and loyal following, there must be something really extraordinary about it. So, all you Land Crusher Cultists - here is your chance to convert me."
0,,"Howdy all, Where could I find a screen-grabber program for MS-Windows? I'm writing up some documentation and it would be VERY helpful to include sample screens into the document. Please e-mail as I don't usualy follow this group. Thanks a lot, Grant"
4,,"No. I estimate a 99 % probability the Gehrels referred to is Thomas Gehrels of the Spacewatch project, Kitt Peak observatory. Maybe in the 24th century they could do gamma ray spectroscopy on distant asteroids with an orbiting observatory, but here in the primitive 20th we have to send a probe there to get gamma ray spectroscopy done. You have the info on Mayan Television yet?"
2,,"boxscores. Beware. The original poster looks to be from Louisville, and chances are Louisville gets the edition of the NYTimes that is printed in Chicago for the MidWest. This edition has boxscores only on Monday (and Sunday) and an extremely skimpy sports section (few game summaries, mostly just color stories)."
0,,"RIX's files with the extension .sci and .scf are just a RAW file with a 256 color palette. The first 10 bytes is a kind of header, with the name RIX among 7bytes unknown stuff. The you have 768 bytes of palette info (3*256 for the colors RGB) and then you have the picture in raw format. If you dont know how to make a viewer of of this description you can get VPIC it is able to read the files!"
5,,"Proper counter to this claim: ""Forensic analysis of the WTC bomb by means of taggants would have been as impossible as semantic analysis of NYT editorials by means of taggants -- the difficulty in both cases being to have persuaded the bull to consume the taggants before production of either item."" --"
1,,I've heard *unconfirmed* rumours that there is a new Integra being released for '94. Does anybody have any info on this? The local sales people know as much as I can throw them. --Parms.
2,,"This talk about the Phillies winning the NL East is scary. VERY scary! Don't get me wrong, Im a Phillies fan but as late as last year they looked helpless. The funny thing was they did have a lot of injuries in '92 spring training that basically killed their chances. Of course, don't forget the Dykstra wrist injury in the first or second game?"
0,,"Hi, I'm looking for an algorithm that would generate a good cross-section of RGB colours given a limited colour map size. The problem: I'm writing an application for the PC that may have at most 256 colors. I want to use one colormap (palette) for the application but I'd like it to contain an even spread of colours of the visible spectrum. I could use a 6x6x6 RGB cube but the problem is that a lot of those colours are almost identical to the human eye."
2,,"MLB Standings and Scores for Friday, April 23rd, 1993 (including yesterday's games) NATIONAL WEST Won Lost Pct. GB Last 10 Streak Home Road San Francisco Giants 10 06 .625 -- 7-3 Won 1 05-02 05-04 Houston Astros 08 06 .571 1.0 7-3 Won 1 02-04 06-02 Atlanta Braves 09 08 .529 1.5 4-6 Lost 1 04-03 05-05 San Diego Padres 06 08 .429 3.0 5-5 Won 1 03-04 03-04 Los Angeles Dodgers 06 10 .375 4.0 3-7 Lost 3 03-03 03-07 Colorado Rockies 05 09 .357 4.0 3-7 Lost 1 03-03 02-06 Cincinnati Reds 05 10 .333 4.5 4-6 Lost 1 02-04 03-06 NATIONAL EAST Philadelphia Phillies 10 04 .714 -- 7-3 Lost 1 06-02 04-02 Montreal Expos 09 06 .600 1.5 7-3 Won 4 06-03 03-03 St. Louis Cardinals 09 06 .600 1.5 6-4 Won 1 06-03 03-03 Pittsburgh Pirates 08 07 .533 2.5 5-5 Won 1 04-04 04-03 Chicago Cubs 07 07 .500 3.0 5-5 Lost 1 04-04 03-03 New York Mets 07 07 .500 3.0 5-5 Lost 1 03-05 04-02 Florida Marlins 05 10 .333 5.5 3-7 Won 1 03-06 02-04 AMERICAN WEST Won Lost Pct. GB Last 10 Streak Home Road California Angels 09 04 .692 -- 7-3 Won 3 06-02 03-02 Texas Rangers 08 05 .615 1.0 5-5 Lost 2 04-02 04-03 Minnesota Twins 08 06 .571 1.5 6-4 Won 1 05-04 03-02 Chicago White Sox 07 07 .500 2.5 5-5 Won 2 02-03 05-04 Seattle Mariners 07 08 .467 3.0 4-6 Won 2 05-03 02-05 Oakland Athletics 05 08 .385 4.0 3-7 Lost 2 05-04 00-04 Kansas City Royals 05 10 .333 5.0 5-5 Lost 1 03-06 02-04 AMERICAN EAST Boston Red Sox 11 05 .688 -- 7-3 Lost 2 06-01 05-04 Detroit Tigers 09 05 .643 1.0 8-2 Won 2 07-01 02-04 New York Yankees 08 07 .533 2.5 5-5 Won 2 03-03 05-04 Toronto Blue Jays 08 07 .533 2.5 5-5 Won 1 04-02 04-05 Milwaukee Brewers 05 07 .417 4.0 4-6 Lost 1 02-02 03-05 Cleveland Indians 05 11 .313 6.0 2-8 Lost 4 04-03 01-08 Baltimore Orioles 04 09 .308 5.5 4-6 Lost 2 02-05 02-04 YESTERDAY'S SCORES (IDLE teams listed in alphabetical order) NATIONAL LEAGUE AMERICAN LEAGUE San Diego Padres 2 Boston Red Sox 0 Philadelphia Phillies 1 Seattle Mariners 7 Los Angeles Dodgers 1 Chicago White Sox 3 Montreal Expos 3 Baltimore Orioles 2 Cincinnati Reds 4 Milwaukee Brewers 4 Pittsburgh Pirates 5 Minnesota Twins 5 Atlanta Braves 3 Toronto Blue Jays 6 Florida Marlins 4 Kansas City Royals 3 Colorado Rockies 2 Cleveland Indians 0 St. Louis Cardinals 5 California Angels 8 San Francisco Giants 13 New York Yankees 5 New York Mets 4 Oakland Athletics 1 Chicago Cubs IDLE Detroit Tigers IDLE Houston Astros IDLE Texas Rangers IDLE -- ------------------------------------------------------------------------------- Joseph Hernandez | RAMS | | /.\ ******* _|_|_ / | LAKERS jtchern@ocf.Berkeley.EDU | KINGS | |__ | | DODGERS _|_|_ | | RAIDERS jtcent@soda.Berkeley.EDU | ANGELS |____||_|_| ******* | | |___| CLIPPERS"
2,,"Well, no. Although I admit that's more exciting than a rat killer. -- Dale J. Stephenson |*| (steph@cs.uiuc.edu) |*| Baseball fanatic"
1,,"Archive-Name: rec-autos/part2 Automotive Mailing Lists (Electronic Mail, that is): [last updated 3/17/93; new lotus, exotic cars list subscription info; added Portland, OR motorsports list, Corvair list, Triumph TR8 list -- rpw] There are a number of electronic mailing lists on the network devoted to various special automotive topics. To the best of my knowledge, all the lists appearing here have open membership policies. It is my policy not to list `closed' mailing lists here. Most mailing lists provide separate addresses for administrative queries and for general mail; where separate administrative addresses exist, I have listed those below, as the general addresses are not appropriate for inquirys and requests. Audi (send requests to quattro-request@aries.east.sun.com) Autocross/Solo (send requests to autox-request@hoosier.cs.utah.edu) BMW (send requests to bmw-request@balltown.cma.com both regular and digest forms available) British Cars (send requests to british-cars-request@hoosier.cs.utah.edu) Buick Grand National/Regal/GNX (send requests to gnttype-request@srvsn2.monsanto.com) Camaro/Firebird (GM F-body) (send requests to f-body-request@boogie.EBay.Sun.COM) Corvair (send requests to bryan@pegasus.mitre.org) Corvettes there are two lists; the first is more of a competition oriented list, and the second is more general in nature (or so i am told) Competition: (send requests to vettes-request@cimage.com) General: (send requests to vettes-request@compaq.com) Datsun/Fairlady Roadsters (send requests to datsun-roadsters-request@hoosier.cs.utah.edu) Dodge Stealth/Mitsubishi 3000GT (send requests to stealth-req%jim.uucp@wupost.wustl.edu) Eclipse/Talon/Laser (send requests to diginst!talon-request@radius.com) Electric Vehicles (send requests to info-ev-request@ymir.claremont.edu) Exotic-Cars (send requests to exotic-cars-request@sol.asl.hitachi.com) Fabrication (race cars) (send requests to racefab-request@pms706.pms.ford.com) International Harvester (discussion of Scouts, pickups, etc.) (send requests to ihc-request@balltown.cma.com) Italian Cars (send requests to italian-cars-request@balltown.cma.com; both regular and digest forms available) Hondas listserv@brownvm.brown.edu; use standard listserv subscription procedure: the mail message body to listserv should be ""sub HONDA-L your-real-name"" with no subject line in the header Hot rods (send requests to hotrod-request@dixie.com) Land Rovers (send requests to land-rover-owner-request@stratus.com) Lotus (send requests to lotus-cars-request@netcom.com) Mazdas (send requests to mazda-list-request@ms.uky.edu) Miata listserv@jhunix.hcf.jhu.edu; use standard listserv subscription procedure: the mail message body to listserv should be ""sub miata your-real-name"" with no subject line in the header Merkurs (send requests to merkur-request@pcad.UUCP) Mopar (mostly high performance Chrysler, Dodge, Plymouth products. send requests to mopar@casbah.acns.nwu.edu) MR2 (send requests to mr2-interest-request@validgh.com) Mustangs There are two lists, the first is for Mustangs through 1973, the second for Mustangs from 1980 on. nobody cares about the Mustang II, so don't ask. classic: (send requests to classic-mustangs-request@hpfctjc.fc.hp.com) modern: (send requests to mustangs-request@cup.hp.com) Offroad & 4X4 (send requests to offroad-request@ai.gtri.gatech.edu) Porsches (send requests to porschephiles-request@tta.com) Portland, Oregon Motorsports Activities (send requests to pdxracer-request@reed.edu) Rally (send requests to rally-request@stratus.com) RX7 (send requests to jjn@cblpf.ATT.COM) Saabs (send requests to saab@network.mhs.compuserve.com) Saturn (send requests to saturn-request@oar.net) School (high performance driving schools) (send requests to school-request@balltown.cma.com) Sentra SE-R, G20, N2000 (send requests to se-r-request@pencom.com) Supras (send requests to supras-request@vicor.com) Toyota (send requests to toyota-request@quack.sac.ca.us) Triumph TR7/V8, TR8 (send requests to jtc@ccwf.cc.utexas.edu) Volvos (requests to swedishbricks-request@me.rochester.edu) Wheel-to-Wheel Racing (forum for race drivers, workers, crew, and wannabes; send requests to wheeltowheel-request@abingdon.sun.com) Z-Cars (Nissan/Datsun) (send requests to z-car-request@dixie.com)"
0,,"It is for a business and the end product has to be a photograph. I take damaged black and whites, usually old, some very, and repair them by hand at present. I would like to do this by using a computer. I am just trying to find a vendor who can convert my computer stored images to negatives or thermal print. The customer will want his/her copy as much as possible like a brand new original photgraph. -- David"
5,,"I'd bet cash 90% of the people couldn't find the window after six minutes! Ask anybody who's taken basic training in the military. It is not at all uncommon for a few soldiers who have not properly attached and cleared their masks to require assistance exiting the chamber. Since that chamber has a door, not just a window, it's likely a hell of a lot easier to exit than a multi-room, damaged house."
0,,"Hello, We are looking for a graphics package (preferably complete with source code) that will run on our UNIX operating system (a Sequent running DYNIX 3.2). This graphics package must support a wide variety of character based graphics devices (PC's running a terminal emulator, primarily). At this point, X11 graphics is not an option. This graphics program should, if possible, support these sorts of graphics operations (minimum requirements): 1) Complicated axes (log, linear, etc.) with fairly precise axis labels (multi-line labels, etc.) Major and minor tickmarks on axes, etc. 2) It would be nice if some limited amount of color plotting were available, if the output device supported it. We have a copy of gnuplot and are currently using it, but gnuplot has some limitations. We are looking for something more robust than gnuplot. At this point, I'm looking for information about packages that might solve our problems. If you have any information, please contact me at the above email address. If the product you know about is a commercial software package, please send a phone number or email address so that I can contact them about pricing, etc."
0,,Why not use the PD C library for reading/writing TIFF files? It took me a good 20 minutes to start using them in your own app. Martin -- ---------------------------------------------------------------------------
2,,"} In article <1993Apr14.175545.3528@alleg.edu>, millits@yankee.org (Sam } } i'm telling you, sam, three l's. call up mom and ask. } } bob vesterman. } yeah, and in case even that isn't enough to prompt boy genius ""Sam"" to pick up a paper and see how ""his"" name is spelled, here's another hint: the single ""L"" comes between the two ""I""s..."
4,,": In article <1993Apr29.121501@is.morgan.com>, jlieb@is.morgan.com (Jerry Liebelson) writes... : > I want to know what weightlessness actually FEELS like. For example, is : >there a constant sensation of falling? Ron Baalke (baalke@kelvin.jpl.nasa.gov) replied: : Yes, weightlessness does feel like falling. It may feel strange at first, : but the body does adjust. The feeling is not too different from that : of sky diving. I'm no astronaut, but I've flown in the KC-135 several times. I'll tell you about my first flight. At the on-set of weightlessness, my shoulders lifted and my spine straightened. I felt a momentary panic, and my hands tried to grab onto something (like the strap keeping me firmly against the floor) to prevent me from falling; I remember conciously over-ruling my involuntary motions. My ears felt (not heard) a rush and I could feel fluid moving in my head (like when you get up from bed while you have a cold). At that point, I ceased to concentrate on my physiological response, since I had some science to do. I was busy keeping my experiment going and keeping track of all the parts during the ""return"" of gravity and subsequent 1.8-G pull-out, so I didn't really pay attention to physiology at that time. After about 5 parabolas, I discovered that I was performing one of the tricks I've discovered to keep myself from getting motion sickness; I was keeping my head very still and moving very slowly -- all except my hands and arms, which needed to be in rapid, concious motion for my experiment. During the pull-out to parabola 5, my queasiness finally started to get to me, and I had to use one of those air-sickness bags. I was basically useless for the rest of that flight, so I went to the seats in the back of the plane while my partner (whom I drafted for just this purpose) kept working on the experiment while I was ill. (He was a vetran Vomit Comet rider, one of those anomalous people who don't get sick on the thing.) I didn't think of it as a ""constant sensation of falling"" so much as like swimming in air. It's very close to the sensations I feel when I'm scuba diving and I turn my head down and fins up. Jerry: : >And what is the motion sickness : >that some astronauts occasionally experience? Ron: : It is the body's reaction to a strange environment. It appears to be : induced partly to physical discomfort and part to mental distress. : Some people are more prone to it than others, like some people are more : prone to get sick on a roller coaster ride than others. The mental : part is usually induced by a lack of clear indication of which way is : up or down, ie: the Shuttle is normally oriented with its cargo bay : pointed towards Earth, so the Earth (or ground) is ""above"" the head of : the astronauts. About 50% of the astronauts experience some form of : motion sickness, and NASA has done numerous tests in space to try to : see how to keep the number of occurances down. I'm a volunteer in JSC's Space Biomedical Laboratory where they do, among other things, some of the tests Ron mentions. I was in one called the Pre-flight Adaptation Trainer, which consisted of a chair on a several-degree-of-freedom motion base with moving geometric visual aids. The goal was to measure the victim's^H^H^H^H^H^H^H^H subject's responses and subjective physiological descriptions and see if repeated exposure to this environment could reduce future motion sickness symptoms. Jerry -- I don't know of any former or active-duty astronauts who personally read this group. I know that Bruce McCandless's office had been waiting anxiously for the Space Station Redesign option I posted last week, but I don't think Bruce reads the group himself. -- Ken Jenks, NASA/JSC/GM2, Space Shuttle Program Office kjenks@gothamcity.jsc.nasa.gov (713) 483-4368"
5,,"1. Make a new Newsgroup called talk.politics.guns.PARANOID or talk.politics.guns.THEY'R.HERE.TO.TAKE.ME.AWAY 2. Move all postings about waco and burn to (guess where).. 3. Stop posting #### on this newsgroup We are all SO glad you're trying to save us from the evil goverment, but would you mail this #### in regular mail to let's say 1000 people ???? This is not a .signature. It's merely a computergenerated text to waste bandwith and to bring down the evil Internet."
2,,"Tuesday's game of Beloved Yakult Swallows (At Jingu, 36,000) Hanshin Tigers 001 000 100 |2 Beloved Yakult 050 020 00x |7 W - Ito (1-0). L - Nakagomi (0-1). HR - Yakult, Arai 1st. ------------------------------------------------------------ CENTRAL LEAGUE STANDING ======================== W L T Pct. GB Hiroshima Carp 7 1 0 .875 -- Chunichi Dragons 6 3 0 .667 1.5 Hanshin Tigers 5 4 0 .667 2.5 Hated Giants 4 4 0 .500 3.0 Beloved Swallows 3 6 0 .333 4.5 Yokohama BayStars 1 8 0 .111 6.5 --------------------------------------------------------------- --"
0,,"Stone, DeRose: Geometric characterization of parametric cubic curves. ACM Trans. Graphics 8 (3) (1989) 147 - 163. Manocha, Canny: Detecting cusps and inflection points in curves. Computer aided geometric design 9 (1992) 1-24."
5,,"I just got through listening to the 10 o'clock news on Channel 4 here in Dallas. They trotted out a list of justifications produced by the ATF after ""months of investigation"" for their raid. I couldn't believe the junk on this list! For example, the BDs were accused of stockpiling a bunch of ""9mm and .223 ammunition that can be used in M15 and M16 assault rifles"". Imagine that--they had ammunition! They also had aluminum dust! (Yeah, it's a component of thermite, but so far I haven't heard that it's illegal to take a grinder to the aluminum lawn furniture...) The only thing on the list that could conceivably have been illegal was an M-79 grenade launcher. (Anybody know about this?) Months of investigation! For this 80+ people died!"
0,,"as far as simply mapping your logo or whatever onto a cube or sphere, it's quite easy. Just either copy the GIF you want mapped into the map directory or add a map path to the directory where it currently is. Then go into the materials editor and make a new material with that as the bit map, voila.. __________________________________________________________________________ | / |\ | H E \ Y B E R |/ E N [ zippy@cyberden.sf.ca.us ]"
2,,"I missed the original post, but aren't the Expos rushing alomost their entire team this year? I am from Montreal, and am a fan, but geez, the Expos rank 27th in salary (only the Rockies trail) and someone at the average age would probably be in first year University! CorelMARK!"
4,,"That may change next month; at least I hope it will. A couple of hundred journalists have requested press passes for the test flights. Sustaining that publicity however, will be a problem. Allen"
3,,"I love the FAQ. The comment about contact lenses not being an option for any remaining correction after RK and possibly after PRK is interresting. Why is this? Does anyone know for sure whether this applies to PRK as well? Also, why is it possible to get a correction in PRK with involvement of only about 5% of the corneal depth, while RK is done to a depth of up to 95%? Why such a difference? I thought the proceedures were simmilar with the exception of a laser being the cutting tool in PRK. I must not be understanding all of the differences. In the FAQ, the vision was considered less clear after the surgery than with glasses alone. If this is completly attributable to the intentional slight undercorrection, then it can be compensated for when necessary with glasses (or contacts, if they CAN be worn afterall!). It is important to know if that is not the case, however, and some other consequence of the surgery would often interfere with clear vision. The first thing that came to my mind was a fogging of the lense, which glasses couldn't help. would not help."
0,,"They need a hit software product to encourage software sales of the product, i.e. the Pong, Pacman, VisiCalc, dBase, or Pagemaker of multi-media. There are some multi-media and digital television products out there already, albeit, not as capable as 3DO's. But are there compelling reasons to buy such yet? Perhaps someone in this news group will write that hit software :-)"
4,,"Astronomy & Space magazine's UK telephone newsline carries the times to see the Russian Space Station Mir which will be visible every EVENING (some time between 9 o'clock and midnight) from April 27 to May 7. It's about as bright as Jupiter at its best. There are two cosmonuats on board. For the time to watch, tel. 0891-88-19-50 (48p/min peak 36p/min all other times, but prediction is at start of the weekly message so it only costs a few pence). E-mail reports of sightings would be appreciated: give lat/long and UT (a few seconds accuracy if possible) when it passes ABOVE or BELOW any bright star (say brighter than mag. 3), planet or Moon. With Moon in evening sky also, note that from somewhere in U.K. Mir will pass in front of the Moon each night! Please alert local clubs to the telephone newsline, and general public as Mir can cause quite a stir! -Tony Ryan, ""Astronomy & Space"", new International magazine, available from: Astronomy Ireland, P.O.Box 2888, Dublin 1, Ireland. 6 issues (one year sub.): UK 10.00 pounds, US$20 surface (add US$8 airmail). ACCESS/VISA/MASTERCARD accepted (give number, expiration date, name&address)."
1,,"-- : I want only two things from this world, a 58 Plymouth and a small : : OPEC nation with which to fuel it. This would be a good and just : : thing. Car Smashers can just go home and sulk. : : Jacques Brouillette --- Manufacturing Engineering :"
4,,"Uh, why do they have to ask a state commision? Unless the state's buying... Such a process will only increace the overhead to the power company of selling different types of light, and will decreace the likleihood that they will do so. And any efficient lights they might have been planning in the future, go down the drain..... You could order it special. If enough people did so, it would be low cost. Last I checked, you could use UPS to buy stuff in Arizona before going there. Finally, I'm sure your state has things like small factories and machine shops. You could go into business making lights that are cheaper to use (thanks to their higher efficiency and the fact that they aren't wasting energy on broadcasting to space) and therefore _better_ than the old style... Five year plans have to be enacted or the planning for the economy will fall apart. As if the clean air act really cleaned up the air... _MY_ *experience* seems to suggest that you're trying too hard to *educate* them (with the same methods used in American schools to make any subject whatsoever as relevant and boring as Proto-Ugric) instead of *selling* them on the idea. ... Well, wake up. Space is becoming a field of human endeavor instead of just something we can look at from a long long way away. There are practical space projects that could conceivably (although probably not) cause lots of light pollution, and have been argued against on those grounds, even though they might open up such possibilities, that people could vacation on Mars if they wanted really dark skies..."
4,,Wanna bet ??? You must be too young to remember Bob Askin :-) Read the Costigan commision report if you want to know about corruption in OZ.
4,,"Sterrenkundig symposium 'Compacte Objecten' op 26 april 1993 In het jaar 1643, zeven jaar na de oprichting van de Universiteit van Utrecht, benoemde de universiteit haar eerste sterrenkundige waarnemer. Hiermee ontstond de tweede universiteitssterrenwacht ter wereld. Aert Jansz, de eerste waarnemer, en zijn opvolgers voerden de Utrechtse sterrenkunde in de daaropvolgende jaren, decennia en eeuwen naar de voorhoede van het astronomisch onderzoek. Dit jaar is het 350 jaar geleden dat deze historische benoeming plaatsvond. De huidige generatie Utrechtse sterrenkundigen en studenten sterrenkunde, verenigd in het Sterrekundig Instituut Utrecht, vieren de benoeming van hun 'oervader' middels een breed scala aan feestelijke activiteiten. Zo is er voor scholieren een planetenproject, programmeert de Studium Generale een aantal voordrachten met een sterrenkundig thema en wordt op de Dies Natalis aan een astronoom een eredoctoraat uitgereikt. Er staat echter meer op stapel. Studenten natuur- en sterrenkunde kunnen op 26 april aan een sterrenkundesymposium deelnemen. De onderwerpen van het symposium zijn opgebouwd rond een van de zwaartepunten van het huidige Utrechtse onderzoek: het onderzoek aan de zogeheten 'compacte objecten', de eindstadia in de evolutie van sterren. Bij de samenstelling van het programma is getracht de deelnemer een zo aktueel en breed mogelijk beeld te geven van de stand van zaken in het onderzoek aan deze eindstadia. In de eerste, inleidende lezing zal dagvoorzitter prof. Lamers een beknopt overzicht geven van de evolutie van zware sterren, waarna de zeven overige sprekers in lezingen van telkens een half uur nader op de specifieke evolutionaire eindprodukten zullen ingaan. Na afloop van elke lezing is er gelegenheid tot het stellen van vragen. Het dagprogramma staat afgedrukt op een apart vel. Het niveau van de lezingen is afgestemd op tweedejaars studenten natuur- en sterrenkunde. OOK ANDERE BELANGSTELLENDEN ZIJN VAN HARTE WELKOM! Tijdens de lezing van prof. Kuijpers zullen, als alles goed gaat, de veertien radioteleskopen van de Radiosterrenwacht Westerbork worden ingezet om via een directe verbinding tussen het heelal, Westerbork en Utrecht het zwakke radiosignaal van een snel roterende kosmische vuurtoren, een zogeheten pulsar, in de symposiumzaal door te geven en te audiovisualiseren. Prof. Kuijpers zal de binnenkomende signalen (elkaar snel opvolgende scherp gepiekte pulsen radiostraling) bespreken en trachten te verklaren. Het slagen van dit unieke experiment staat en valt met de technische haalbaarheid ervan. De op te vangen signalen zijn namelijk zo zwak, dat pas na een waarnemingsperiode van 10 miljoen jaar genoeg energie is opgevangen om een lamp van 30 Watt een seconde te laten branden! Tijdens het symposium zal er niet zo lang gewacht hoeven te worden: de hedendaagse technologie stelt ons in staat live het heelal te beluisteren. Deelname aan het symposium kost f 4,- (exclusief lunch) en f 16,- (inclusief lunch). Inschrijving geschiedt door het verschuldigde bedrag over te maken op ABN-AMRO rekening 44.46.97.713 t.n.v. stichting 350 JUS. Het gironummer van de ABN-AMRO bank Utrecht is 2900. Bij de inschrijving dient te worden aangegeven of men lid is van de NNV. Na inschrijving wordt de symposiummap toegestuurd. Bij inschrijving na 31 maart vervalt de mogelijkheid een lunch te reserveren. Het symposium vindt plaats in Transitorium I, Universiteit Utrecht. Voor meer informatie over het symposium kan men terecht bij Henrik Spoon, p/a S.R.O.N., Sorbonnelaan 2, 3584 CA Utrecht. Tel.: 030-535722. E-mail: henriks@sron.ruu.nl. ******* DAGPROGRAMMA ************************************** 9:30 ONTVANGST MET KOFFIE & THEE 10:00 Opening Prof. dr. H.J.G.L.M. Lamers (Utrecht) 10:10 Dubbelster evolutie Prof. dr. H.J.G.L.M. Lamers 10:25 Radiopulsars Prof. dr. J.M.E. Kuijpers (Utrecht) 11:00 Pulsars in dubbelster systemen Prof. dr. F. Verbunt (Utrecht) 11:50 Massa & straal van neutronensterren Prof. dr. J. van Paradijs (Amsterdam) 12:25 Theorie van accretieschijven Drs. R.F. van Oss (Utrecht) 13:00 LUNCH 14:00 Hoe zien accretieschijven er werkelijk uit? Dr. R.G.M. Rutten (Amsterdam) 14:35 Snelle fluktuaties bij accretie op neutronensterren en zwarte gaten Dr. M. van der Klis (Amsterdam) 15:10 THEE & KOFFIE 15:30 Zwarte gaten: knippen en plakken met ruimte en tijd Prof. dr. V. Icke (leiden) 16:05 afsluiting 16:25 BORREL"
1,,"Exactly. You took the words right out of my mouth, Ron :-) --"
3,,"[Newsgroups: m.h.a added, followups set to most appropriate groups.] In <1993Apr19.205615.1013@unlv.edu> todamhyp@charles.unlv.edu (Brian M. (It's ""Kirlian"". ""Krillean"" pictures are portraits of tiny shrimp. :) [...] I think it's safe to say that anything that's not at 0 degrees Kelvin will have its own ""energy signature"" -- the interesting questions are what kind of energy, and what it signifies. I'd check places like Edmund Scientific (are they still in business?) -- or I wonder if you can find ex-Soviet Union equipment for sale somewhere in the relcom.* hierarchy. Some expansion on Kirlian photography: From the credulous side: [Stanway, Andrew, _Alternative Medicine: A Guide To Natural Therapies_, ISBN 0-14-008561-0, New York: Viking Penguin, 1986, p211, p188. A not-overly critical but still useful overview of 32 alternative health therapies.] ...the Russian engineer Semyon Kirlian and his wife Valentina during the 1950s. Using alternating currents of high frequency to 'illuminate' their subjects, they photographed them. They found that if an object was a good conductor (such as a metal) the picture showed only its surface, while the pictures of poor conductors showed the inner structure of the object even if it were optically opaque. They found too that these high frequency pictures could distinguish between dead and living objects. Dead ones had a constant outline whilst living ones were subject to changes. The object's life activity was also visible in highly variable colour patterns. High frequency photography has now been practised for twenty years in the Soviet Union but only a few people in the West have taken it up seriously. Professor Douglas Dean in New York and Professor Philips at Washington University in St Louis have produced Kirlian photographs and others have been produced in Brazil, Austria and Germany. Using Kirlian photography it is possible to show an aura around people's fingers, notably around those of healers who are concentrating on healing someone. Normally, blue and white rays emanate from the fingers but, when a subject becomes angry or excited, the aura turns red and spotty. The Soviets are now using Kirlian photography to diagnose diseases which cannot be diagnosed by any other method. They argue that in most illnesses there is a preclinical stage during which the person isn't actually ill but is about to be. They claim to be able to foretell a disease by photographing its preclinical phase. But the most exciting phenomenon illustrated by Kirlian photography is the phantom effect. During high frequency photography of a leaf from which a part had been cut, the photograph gave a complete picture of the leaf with the removed part showing up faintly. This is extremely important because it backs up the experiences of psychics who can 'see' the legs of amputees as if they were still there. The important thing about the Kirlian phantoms though is that the electromagnetic pattern can't possibly represent a secondary phenomenon -- or the field would vanish when the piece of leaf or leg vanished. The energy grid contained in a living object must therefore be far more significant than the actual object itself. [...] Kirlian photography has shown how water mentally 'charged' by a healer has a much richer energy field around it than ordinary water... From the incredulous side: [MacRobert, Alan, ""Reality shopping; a consumer's guide to new age hokum."", _Whole Earth Review_, Autumn 1986, vNON4 p4(11). An excellent article providing common-sense guidelines for evaluating paranormal claims, and some of the author's favorite examples of hokum.] The crank usually works in isolation from everyone else in his field of study, making grand discoveries in his basement. Many paranormal movements can be traced back to such people -- Kirlian photography, for instance. If you pump high-voltage electricity into anything it will emit glowing sparks, common knowledge to electrical workers and hobbyists for a century. It took a lone basement crank to declare that the sparks represent some sort of spiritual aura. In fact, Kirlian photography was subjected to rigorous testing by physicists John O. Pehek, Harry J. Kyler, and David L. Faust, who reported their findings in the October 15, 1976, issue of Science. Their conclusion: The variations observed in Kirlian photographs are due solely to moisture on the surface of the body and not to mysterious ""auras"" or even necessarily to changes in mood or mental state. Nevertheless, television shows, magazines, and books (many by famous parapsychologists) continue to promote Kirlian photography as proof of the unknown."
4,,"In the April edition of ""One Small Step for a Space Activist"", Allen Sherzer & Tim Kyger write: ""Another problem is what are called 'wraps' (or sometimes the 'center tax'). When work for a large program like Freedom or Shuttle is performed at a NASA center, the center skims off a portion which goes into what amounts to a slush fund. This money is used to fund work the center manager wants to fund. This sum is estimated to be over a third of the funds allocated. Think about that: Of the $30 billion cost of Freedom, fully $10 billion won't be spent on anything having anything to do with Space Stations! Now, maybe that $10 billion was wisely spent (and maybe it wasn't), but the work done with it should stand on its own merits, not distorting the cost of other projects. Congress has no idea of the existense of these wraps; Congress has never heard the term 'center tax'. They look at the Station they are getting and the price they are paying and note that it doesn't add up. They wonder this blissfully unaware that a third of the money is going for something else."" My dear friends, your mixing fact and fiction here. A couple of weeks ago, when I first read this in your posting, I talked with one of the cost experts here in Space Station at Headquarters [if you wondering why I didn't post a response immediately, I do have a real job I'm supposed to be doing here at Headquarters, & digging up old 20 kHz data & looking into Sherzer/Kyger claims rates pretty low on the totem pole of priority. Also, I spent last weekend in Kansas City, at the National Science Teachers Association conference, extolling the virtues of SSF to 15,000 science teachers.] First off, yes, the concept of 'center tax', or 'wrap' does exist. If I recall the numbers correctly, the total 'tax' for the SSF program for this fiscal year is around $40 Million. This was computed by adding up the WP-1, WP-2, and WP-4 center 'taxes'. With the SSF budget for this fiscal year at $2.2 Billion, my calculater says the tax percentage is 04/2.2 = 1.8% Over the life of the SSF program, using your figure of $30 billion for the cost of SSF, a tax at a 1.8% rate comes to $540 million. This is alot less than $10 billion, but I will concede it's still an appreciable amount of pocket change. I should note that your estimate of the tax rate at 1/3 could be close to the actual rate. The tax is only charged on funds that are spent at the center (kind of like McDonalds at some states, where you do have to pay sales tax if you eat the food at the restaurant, but you don't if you get it take-out). For example, at WP-4, the vast bulk of the funds we receive go to the Rocketdyne Contract, and are *NOT* subject to the center tax (I don't have the numbers in front of me, but I'd guess at least 95% of the WP-4 funds go to Rocketdyne). So, you could be right about a tax rate of 1/3, but it's only applied to funds spent at the center, and not to the prime contracts. This leads to the obvious question ""What is the government doing with SSF funds that don't go to the prime contractors? (i.e. ok, WP-4 gets a slice of the $30 billion pie. A big portion of this slice goes to Rocketdyne. What happens to the balance of the funds, which aren't eaten up by the center tax?)"" At WP-4, we call these funds we spend in-house supporting development funds (as they are supporting the development work done by Rocketdyne). We have used these funds to setup our own testbed, to checkout the electrical power system architecture. Our testbed has a real life solar array field (left over from solar cell research research a few years back), with lead-acid car batteries (to simulate the Nickel-Hydrogen batteries on SSF), DC switchgear, DC-DC converter units, and simulated loads. Data from the testbed was used in a recent change evaluation involving concerns about the stability of the power system. We have also used the supporting development money to purchase Nickel Hydrogen batteries, which are on life testing at both Lewis and the Crane Naval facility in Indiana. As a side point, 6 of the battery cells on test recently hit the four year life test milestone. 38 cells have completed 18,552 to 23,405 cycles (the on-orbit batteries go through 5,840 cycles per year). As a final example, my 'home' division at Lewis used the supporting development funds to purchase personal computers and work stations, for performing system analyses (like modeling of the performance of the electrical power system, availability calculations using a Monte-Carlo simulation, setting up a database with information on weight of the power system elements). Finally, the money raised by the 'tax' does not all go into a 'slush fund.' At Lewis, the director does control a small discretionary fund. Each year, any individual at Lewis can submit a proposal to the director to get money from this fund to look at pretty much anything within the Lewis Charter. Most of the tax, however, goes to fund the 'general' services at the Center, like the library, the central computer services division, the Contractor who removes the snow, etc. Thus, it is rather difficult to determine what percentage of the SSF budget doesn't go for SSF activities. To get an accurate figure, you would have to take the annual expenditure for the library (for example), and then divide by the amount of the library funds used to support SSF (which would be hard to compute by itself - how would you figure out what percentage of the bill for Aviation Week for 1 year is 'billable' to SSF, would you base it on the person-hours SSF employees spend reading AV-week versus the rest of the center personnel). You would then have to compare this estimate of the SSF portion of the library expense with the portion of the tax that goes to support the library. Who knows, maybe SSF overpays on the tax to run the library, but we underpay for snow removal? Talk about a burecratic nightmare!"
1,,"Hello, I have a 92 Toyota 4X4 and in the last few weeks I have been getting quite a few ""dings"" :( in the paint on the hood from rocks and debris off of the road. I have never had any major problems with other car/trucks in the past (maybe a ding once in a while). I went to the dealer and he said that it happens all of the time and he recomended putting a bug deflector on the hood. He said that the trucks, for some unknown reason, seem to have this problem more than some cars.? It seems to me that either my luck is really bad or there might be a problem with the paint (painted on a monday morning perhaps?). How well do these bug deflectors work for small road debris on trucks? If anyone has any experiences/suggestions please let me know, thanks. --Greg"
1,,"^^^^ Rears also vented Then you shouldn't've done it. Try answering the damn question. I am well aware of the fact that there was no mention of the SC in there. Well, my point was that the SC and the SHO both have very similar characteristics (front and rear disks (ABS on the SHO?), high output V6, 4-wheel independent suspension, very good aerodynamics, 3-point harness, fat rubber, and 130mph+ top speed). If one of them is up to standard (and I think the SC is), but the other isn't, then why is that? No flamage, just curiousity. James"
5,,"For those who didn't figure it out, the below message was a reply to another in sci.crypt, for which the poster put t.p.g. in the Followup-To line. I didn't notice that. Apologies to those who were confused. The substance makes little sense unless one reads the prior messages. However, I don't wish to enter into this discussion here, as it will be yet another rehearsal of a long-tired set of arguments. Suffice it to say that I disagree both with the interpretation of ""well-regulated"" in the Second Amendment offered by gun lovers, and what I think to be their distortion of the same phrase in the associated Federalist papers. My Webster and my reading of the language convinces me that the word meant both under control, and disciplined, and not 'of good marksmanship'. I think the latter a special interest pleading. No one has yet shown a contemporateous reference in which ""well regulated"" unambiguously meant 'of good marksmanship', and not under control/disciplined, etc. Thus I continue to believe the Second Amendment is a militia clause and not an 'arming everyone' clause. Others are welcome to disagree (as I know many do) and little would be served by rehashing this topic in this particular forum. To avoid flames, or unproductive rehashings, I note that I've come in here to post this one message, just to clarify the one below. I'm now outta here again though I'm available via e-mail. David"
1,,"Oh come on, Silly, all you have to do is cut a hole in your hood and put a tube there so you can get to the oil fill hole. What do you think all those big air intake things are for on those hot-rod cars? They're just for looks only...little does anyone know, they provide access to the oil-fill hole."
3,,": As you know all ready, it is the pattern in the bioplasmic energy : field that is significant. No, I didn't already know that. I've never even heard of a ""bioplasmic energy field."" Care to explain it? It's been a few years since my last fields class so I may have forgotten (or maybe I skipped that day). Anyway, as Ross Perot said, I'm all ears. Well, eyes in this case."
5,,"Not to mention last year's Weaver affair. Anyway, here's how I see the Waco affair; I'd be interested in other peoples' interpretations... 1. Koresh and his people were basically minding their own business. 2. Some weapons violations may have been committed and I wouldn't have disapproved of prosecuting him for those violations. However, I think the BATF was criminal for starting negotiations with a military style assault and for firing into a house where there were children and other noncombatants. 3. I don't see they couldn't just leave a token guard on the place and wait the BDs out; I don't approve of the tear gas approach and, if it caused the fire to be started, I think the FBI agent responsible should spend 10-20 years in jail. 4. However, if Koresh's response to the tear gas was to kill everyone there, I hold him largely responsible for their deaths."
0,,":>re: majority of users not readding from floppy. :>Well, how about those of us who have 1400-picture CD-ROMS and would like to use :>CVIEW because it is fast and it works well, but can't because the moron lacked :>the foresight to create the temp file in the program's path, not the current :>didrectory? : Actually the most flexible way to create temp files is to check for a TEMP or : TMP environment variable and create the files on the drive and directory pointedto by the variable. This is pretty much a standard for DOS, Windows and OS/2 : applications. Unfortunately, cview does not pay attention to the temp environment variable."
3,,: Could somebody explain to me what a centrifuge is and what it is : used for? I vaguely remembre it being something that spins test tubes : around really fast but I cant remember why youd want to do that? Purely recreational. They get bored sitting in that rack all the time.
0,,can someone tell me where i could find ansi or ascii pics? I already found the gopher ascii pics. thanks Richard Mancsuo
4,,"Sounds liek what the FED has to do is sign a 50 or more year lease to use certain parts of a space station that is built and designed and such by a commerical company or consortium of companies (such as like Alyeska) for a small amount of rent in return for certain incentives and such.. Such as tax and other right off and also a monopoly on certain products.. The commerical builders would have certain perks given to them to make there end easier (taxes , contracts, regulatory concesions and such..) Is it workable, just might work.. After all, if China can lease out Hong Kong and the people of Hong Kong can make money, this could work.."
1,,"From article <1993Apr5.200048.23421@ucsu.Colorado.EDU>, by lorenzo@rintintin.Colorado.EDU (Eric Lorenzo): --Let me put it like this. The only similarity between the three models is the ""300"", or 3-liter engine displacement. Actually, the SC300 (the coupe) and the GS300 (the funky-looking new sedan) share the same 3.0 liter inline-six, and the ES300 (popular small sedan) uses 3.0 V6 shared with the Camry. The SC300 is a luxury/sports coupe, the GS300 is the new luxury sedan, and the ES300 is the base executive sedan. All three look completely different. --Aamir Qazi --"
2,,"Hey Valentine, I don't see Boston with any world series rings on their fingers. Damn, Morris now has three and probably the Hall of Fame in his future. Therefore, I would have to say Toronto easily made the best signing. And don't tell me Boston will win this year. They won't even be in the top 4 in the division, more like 6th."
5,,"According to WNCI 97.9 FM radio this morning, Dayton, Ohio is operating a gun ""buy back"". They are giving $50 for every functional gun turned in. They ran out of money in one day, and are now passing out $50 vouchers of some sort. They are looking for more funds to keep operating. Another media-event brought to you by HCI. Is there something similar pro-gun people can do ? For example, pay $100 to anyone who lawfully protects their life with a firearm ? Sounds a bit tacky, but hey, whatever works."
1,,"Because Greyhound has apparently gotten around to installing their RADAR collision-prevention system. They use RADAR to monitor how close other vehicles are and how fast their relative speeds are, and signals a warning to the driver if they're coming up on something too fast or are getting too close. This is all I remember from the news reports a few months back; at the time, they were only talking about the possibility of installing the system. (They didn't mention how it worked in bumper-to-bumper traffic, or how it discriminated between a Camaro approaching at 120mph and ye olde bridge support in the median being approached at 60mph on a curve.) I do recall something about progressive stages of warnings, from flashing lights to audible warnings--ie, it goes from a red ""Too close"" light to hysterically screaming ""WE'RE ALL GOING TO DIE!!!!"" :-) James"
4,,"What is the deal with life on Mars? I save the ""face"" and heard associated theories. (which sound thin to me) Are we going back to Mars to look at this face agian? Does anyone buy all the life theories?"
3,,"My wife had hives during the first two months of her pregnancy. My son (3 months old), breast-fed, now has the same symptoms. She has been to a skin-specialist, but he has merely prescribed various medicines (one each visit as though by trial and error :-)) Anti-histamines worked on both of them, but looks like becoming less effective. Are there other solutions? Thanks."
3,,"(WITH-COUNTERFLAME-ENABLED Columbus was indeed a crank, but not in the manner you think. The fact that the world was round was well known when he set sail. It was also well known that the circumference was about 25K miles, and that you could not reach Asia bo going west with current technology -- you would neither be able to carry enough supplies, nor get a long enough stretch of good sailing weather. Nobody thought he would fall off the edge of the world. Instead, they expected him to die at sea. Columbus thought for no good reason that the circumference was only 16K miles, making the trip practical. Unfortunately for Columbus and his shipmates, the Earth's circumference is indeed 25K miles. Fortunately for Columbus and his shipmates, there was a stopping place right about where Asia would have been had the circumference been 16K miles. My source is the recent PBS series on Columbus. )"
4,,"Yes! Just take money from the profitable commercial enterprises and give it to the government to ""redistribute."" Government is so much more efficient, trustworthy, and noble than self-serving businesses. :) Let's nip this redistributionist ignorance in the bud. If it were not for commercial enterprises, the whole world would be starving."
0,,"I am setting up a video-aid for a computer room for the teacher to share his display with the class. I have seen people using video projector, TV sets and large monitor to do presentations before. I am told that there are three ways to connect video projector: composite, Y/C & RGB. Can anyone explain to me the difference and their likely costs? Please reply to my INETNET E-mail account as well as posting in bulletin: u129008@sparc20.nuc.edu.tw I also like to know if there are TELNET or KERMIT for windows."
0,,I need triangulized data of some nice looking model with some texture mapping. It would be better if the parametric values of each vertex( for the surface before triangulized ) are avaliable along with the Euclidean points so that we could use them for texture mapping.
5,,"I don't know for sure if Winchester made any commemeratives. If I recall correctly, the rifle itself was a .44-40 Model 92 with an oversized loop lever. I don't think Winchester makes this rifle any more. Rossi make a Model 92 look-alike in .38 Special and .357 Magnum."
1,,"Talking about car alarms, there are certain cars in this country that are only insurable if they are fitted with a Vecta alarm. We're talking Coswoths and Porsches and stuff. Just before they (the insurance companies) decided to make this move, they insisted that the car be fitted with a Scorpion alarm ( now they've changed to the Vecta)... so everyone who's spent $$$ on fitting the Scorpion alarm have founbd themselves having to upgrade to the Vecta system."
3,,"As has been noted before, there is the distinction between _motivation_ and _method_. No experimental result should be accepted unless it is described in sufficient detail to be replicated, and the replications do indeed reproduce the result. No theoretical argument should be accepted unless it is presented in sufficient detail to be followed, and reasonable, knowlegeable, people agree with the force of the logic. But people try experiments, and pursue arguments, for all sorts of crazy reasons. Irrational motivations are not just curiousities; they are a large part of the history of science. There are a couple of negative points to make here: 1) A theory of qi could, conceivably, become accepted without direct verification of the existence of qi. For example, quarks are an accepted part of the standard model of physics, with no direct verification. What would be needed would be a theory, based on qi, that predicted medical reality better than the alternatives. The central theoretical claim could lie forever beyond experiment, as long as there was a sufficient body of experimental data that the qi theory predicted better than any other. (I wouldn't hold my breath waiting for the triumph of qi, though. I don't think that there is even a coherent theory based on it, much less a theory that explains anything at all better than modern biology. And it is hard to imagine a qi theory that would not predict some way of rather directly verifying the existence of qi.) 2) Science has not historically progressed in any sort of rational experiment-data-theory sequence. Most experiments are carried out, and interpreted, in pre-existing theoretical frameworks. The theoretical controversies of the day determine which experiments get done. Overall, there is a huge messy affair of personal jealousies, crazy motivations, petty hatreds, and the like that determines which experiments, and which computations, get done. What keeps it going forward is the critical function of science: results don't count unless they can be replicated. The whole system is a sort of mechanism for generate-and-test. The generate part can be totally irrational, as long as the test part works properly. Pasteur could believe whatever he liked about chemical activity and crystals; but even Mitscherlich had to agree that racemic acid crystals were handed; that when you separate them by handedness, you get two chemicals that rotate polarized light in opposite directions; and the right-rotating version was indistinguishable from tartaric acid. Pasteur's irrational motivation had led to a replicable, and important, result. This is where Lysenko, creationists, etc. fail. They have usually not even produced coherent theories that predict much of anything. When their theories do predict, and are contradicted by experiment, they do not concede the point and modify their theories; rather they try to suppress the results (Lysenko) or try to divert attention to other evidence they think supports their position (creationists)."
1,,I just saw a picture of the '94 Mustang in Popular Mechanics - what a disappointment after being bombarded with pictures of the Mach III...
1,,"Quoting Jeffrey J. Nucciarone's (nucci@microwave.gsfc.nasa.gov) article <C4G8Hv.Cs4@skates.gsfc.nasa.gov> of 04-06-93, in pertinent part: JJ> I am considering buying a used '90 Taurus SHO. The car in JJ> question has 37k miles. I took it for a test drive the other day JJ> and a few questions came up. JJ> JJ> . . . JJ> Second, is there anything I should specifically look for in an JJ> SHO of this vintage? Anything I should specifically ask abt? JJ> (Brakes, cluthch, etc.) I noticed on the drive the clutch engagemen JJ> point seemed a little high; since all my other cars are auto-tragics JJ> I'm not sure abt this point. I had my foot firmly planted on the JJ> brake when I started it up. There was a bit of a pop in the pedal JJ> soon after the engine started. This also occured on a few T-bird SC' JJ> I test drove. Was this the ABS self test? Brake rotors and the clutch are the main things. There has been a clutch replacement program; you might check to see if the car is still eligible, as it is a change well worth making. You can also swap the cruddy cable shifter for the newer rod shifter, also a change worth making, but that'll cost you some $$. My brakes usually do one wibble-wobble on startup, so that is probably normal. Didn't know they had a self-test, that's interesting. What kind of tires does the car have on it?"
2,,"The event that had the most impact on Gaetti's career was his leg injury in 1988. His performance dropped radically from 1988 to 1989. He was still with the Twins in 1989 and 1990, but if you look at his stats (both offensive and defensive), he never has come back to his pre-injury level."
5,,"---------------------------------------------------------------------- Open letter by Dr. Paul H. Blackman, Research Coordinator for NRA-ILA. NRA Official Journal 1/89. ----------------------------------------------------------------------- Dear sir: By now, we are used to the New England Journal of Medicine's publication of small-scale studies related to firearms from which conclusions are drawn which are quantum leaps from the data, followed by announcements of momentus ""scientific"" findings. These are regularly released to the press without the caveats which riddle the conclusory paragraphs, and often accompanied by an editorial calling attention to the findings. Generally, while they at least present a few interesting data, however meaningless, the studies misinterpret statistics, and ignore or belittle serious studies by criminologists. The latest effort -- ""Handgun Regulations, Crime, Assaults, and Homicide: A Tale of Two Cities,"" by J.H. Sloan, et al., with the accompanying editorial, ""Firearms Injuries: A Call for Science,"" by two employees of the Centers for Disease Control (November 10), however, is an insult to the intelligence of any serious scholar in any field and have so few data and so many flaws that I feel compelled to write at some length to call attention to various major and minor failings, in no particular order. 1. The authors misleadingly cite Wright, et al. (Ref. 1) to support the statement that ""some have argued that restricting access to handguns could substantially reduce our annual rate of homicide."" Wright, et al., in fact studied and rejected that contention. 2. The authors pretended that Vancouver and Seattle are very similar cities with similar economic circumstances, histories, demographic characteristics, and the like. In fact, the cities are very different with very different demographic characteristics which appear to explain completely the higher homicide rate in Seattle. Both cities are over three-forths non-Hispanic white and *the non-Hispanic white homicide rates are reported to be the same in Seattle and Vancouver*. It is the different back- grounds, problems, circumstances, and behaviors of the various ethnic minorities which explain the difference in homicide. 3. The authors pretend they are evaluating Canada's gun law, compared to Washington State's. But they do not examine at all the situation in Vancouver prior to the gun law taking effect in 1978. As it happens, in the three years prior to that (1975- 1977), Vancouver averaged 23 homicides per year, one-eighth involving handguns, (Ref. 2) and in the seven years of the NEJM article there were 29 homicides per year, one-eigth involving handguns. Surely even the medical profession recognizes that one must look to see the prior situation was before concluding that a change made a difference? Would a physician conclude that a patient was benefiting from eating oat bran muffin each day for seven years because his cholesterol level was 200 without at least seeing if it was 180 before he started the regimen? 4. The authors pick two medium-sized cities to evaluate a national gun law. Nothing can be learned from such a tiny and arbitrarily selected sample. Seattle appears to have been selected because it was convienient for the authors rather than for any scientific reason. Would physicians call something a scientific study which involved one experimental subject and one dissimilar ""control""? Had different arbitrarily selected cities been chosen, opposite ""scientific"" conclusions would follow: Vancouver's homicide rate *exceeds* that of such ""wild west"" cities in Texas as El Paso, Corpus Christi, Austen, and, in Colorado, Colorado Springs. (Ref. 3) 5. The authors fail to clearly demonstrate that firearms or handguns ""are far more commonly owned in Seattle than in Vancouver."" They use two surrogate approaches in pretending to study the availability of firearms/handguns. The first is an apples-and-oranges effort to compare the number of carry permits in Seattle to the number of registered handguns in Vancouver. But the number clearly understates the number of handguns in Seattle, and counts primarily *protective* handgun owners. The second, however, tells nothing about the number of handguns in Vancouver, and counts *non-protective* handguns for the most part. Where is it difficult to obtain handguns legally for protection, registration figures are meaningless. There are 66,000 registered handguns in New York City (New York Daily News, Sept. 27, 1987). Comparing the two, that method suggests about 930 handguns per 100,000 population in New York City compared to 960 in Vancouver, meaning Vancouver has a greater ""prevalence of weapons"" than New York City. The second method of measuring gun density is ""Cook's gun prevalence index, a previously validated measure of intercity differences."" But the validation was by Cook of his own theory. (Ref. 4) Normally, second opinions are sought from a different doctor. More significantly, the Cook index is based on the average of the percentage of firearms involvement in suicide and homicide. So the authors are basically taking a measure of misuse. Unsurprisingly, gun misuse in homicide (42% in Seattle, 14% in Vancouver) is related to gun misuse in homicide plus suicide, divided by two (41% in Seattle, 12% in Vancouver). The authors are not measuring the relative avail- ability of firearms, or of handguns, in Seattle and Vancouver. 6. The authors misstate the laws of both Washington and Canada. They neglect to mention the significant fact that Washington has a waiting period and background check prior to the purchase of a handgun, and that provisions exist in Canadian law for owning and carrying handguns for personal protection. The authors also make it appear that it is more difficult to get a handgun legally in Canada than is actually the case. 7. The authors ignore all other factors which might explain the differences in crime rate, beyond some vague mention of the penalities provided by law and the roughest of estimates of clearence for one particular offense -- homicide involving a firearm. There is no measure of: the differences in the number of law enforcement officers; their aggressiveness in making arrests for gun law violations in the two jurisdictions; arrest rates for other offenses; conviction rates; actual sentences imposed for gun-related crimes, violent crimes without guns, or gun law violations; or incarceration rates. Whereas social scientists would attempt to measure and hold for such differences, the authors of the NEJM ""tale of two cities"" fail even to mention most factors related to crime control. 8. The authors dismiss claims that handguns are an effective means for protection unless the criminal is killed. Such is not the case. Criminologists (Ref. 5-8) have found that almost 650,000 Americans annually use handguns for protection from criminals, and that using a gun for protection reduces the liklihood that a crime -- rape, robbery, assault -- will be completed by the criminal and reduces the likelihood of injury to the victim. It is interesting, nonetheless, that the authors reported the same number (four) of civilian justifiable homicides without firearms in each city but that less restrictive Seattle accounted for 100% of the reported civilian justifiable homicides involving firearms. 9. The Centers for Disease Control, which funded the ""study,"" editorially praised the paper, (Ref. 9) saying it ""applied scientific methods to examine a focus of contention betweeb advocates of stricter regulation of firearms, particularly handguns."" There is nothing in the paper which could possibly be mistaken for ""scientific methods"" by a sociologists or criminologists. The Vancouver-Seattle ""study"" is the equivolent of testing an experimental drug to control hypertension by finding two ordinary-looking middle-class white males, one aged 25 and the other 40, and without first taking their vital signs, administering the experimental drug to the 25-year-old while giving the 40-year-old a placebo, then taking their blood pressure and, on finding the younger man had a lower blood pressure, announcing in a ""special article"" a new medical breakthrough. It would be nice to think that such a ""study"" would neither be funded by the CDC or printed by the NEJM. Since the longstanding anti-gun biases of the NEJM and the CDC make them willing to present shoddy research as ""scientific breakthroughs"" in ""special articles"" and editorials relating to firearms, we are obligated to correct the record by notifying the news media and those with congressional and executive oversight over the activities of the Centers for Disease Control about the distortions contained in ""Handgun Regulations, Crime, Assaults, and Homicides: A Tale of Two Cities"" and ""Firearm Injuries: A Call for Science."" Clearly, all scientific standards go by the wayside whenever the CDC and the New England Journal of Medicine seize an opportunity to attack firearms ownership in America. REFERENCES 1. Wright JD, et al, *Weapons, crime and violence in America*: a literature review and research agenda, Washington, D.C.: Department of Justice, 1981. 2. Scarff E. *Evaluation of the Canadian gun control legislation*: final report. Ottawa: Ministry of the Solicitor General of Canada, 1983, p. 87. 3. Department of Justice, Federal Bureau of Investigation, *Crime in the United States*, 1987 (Uniform Crime Reports). Washington, D.C.: Government Printing Office, 1988 4. Cook PJ. *The role of firearms in violent crime*. In: Wolfgang M. Weiner NA, eds. *Criminal violence*, Beverly Hills, Calif.: Sage, 1982: 236-90, pp. 270-271. 5. Kleck G. *Crime control through the private use of armed force*. Social Problems 1988: 35:1-21. 6. Ziegenhagen EA, Brosnan D. *Victim responses to robbery and crime control policy*. Criminology. 1985: 23:675-695. 7. Lizotte AJ. *Determinants of completeing rape and assault*. Journal of Quantitative Criminology. 1986: 2:203-217. 8. Sayles SL, Kleck G. *Rape and resistance*. Paper at the American Society of Criminology convention, Chicago, 1988. 9. Mercy JA, Houk VN. *Firearm injuries: a call for science*. NEJM: 319:1283-1285. ========================================================================== GUNS AND SPUTTER by James D. Wright (from July 1989 issue of REASON, Free Minds & Free Markets) suggestive, but what they conceal is vital."" The problem is demonstrated by the most recent entry in a long line of scientific research purporting to show a causal link between gun availability and homicide. Funded by the federal government and published last year in the New England Journal of Medicine, the study compared homicide rates in Seattle and Vancouver and suggested that a handgun ban ""may reduce the rate of homicide in a community."" The nine medical doctors who published ""Handgun Regulations, Crime, Assaults, and Homicide"" essentially reasoned in three steps: (1) Despite many historical, social, and demographic similarities, (2) Vancouver has a markedly lower homicide rate (3) because its stricter gun regulations make guns less available. The second step in their reasoning seems indisputable. The overall homicide rate in Seattle (for the period 1980-86) was 11.3 per 100,000 popuation, compared with 6.9 in Vancouver. Homicide is definitely more common in Seattle. The question then becomes, Why? The authors present a believable although not entirely accurate case to support the notion, as claimed in the third step of their reasoning, that Vancouver's handgun regulations are much more stringent. But their evidence on the difference in gun *availabilty* is indirect and unpersuasive; indeed, they acknowledge that direct evidence on the point does not exist. They offer two fragments of inferential data in support of the claim that guns are more available in Seattle; but for all anybody knows as a matter of empirical fact, the opposite could be true. We are therefore being asked, at the conclusion of the study, to believe that a difference in gun availability explains the difference in homicide rates when a difference in gun availability has not itself been established. Indeed, the situation is even more troublesome. The first of the two indirect bits of evidence is a difference between the number of concealed- weapons permits issued in Seattle and the number of restricted-weapons permits issued in Vancouver. Differences between the two cities in the permit regulations render these two numbers strictly noncomparable. * The second bit of evidence is ""Cook's gun prevalence index,"" which stands * at 41 percent for Seattle but only 12 percent for Vancouver. Cook's index * however, does not measure the relative prevalence of gun ownership in * various cities. It measures gun misuse--it is an average of the percentage * of homicides and suicides involving firearms. * In the present case, the index shows only that in homicides and suicides, * firearms are more likely to be used in Seatte than in Vancouver. To take * Cook's index as a measure of general firearms availability, it must be * assumed that the proportional involvement of guns in homicides and suicides * is directly related to their relative availability in the general * population. But this is exactly what the authors are seeking to prove. To * assume what one is seeking to prove, then to ""prove"" it on the basis of * that assumption does ot constitute scientific evidence for anything. Even if we were to grant, on the basis of no compelling evidence, that guns are less common in Vancouver, we might still question what causes what. The authors attribute Seattle's higher crime rate to a higher rate of gun ownership. But it might well be argued that low crime or homicide rates reduce the motivation for average citizens to obtain guns--in other words, that crime rates explain the variation in gun ownership, not vice versa. In fact, it was once commonly argued that Great Britain's low rate of violent crime was a function of that nation's strict gun laws and the consequent low rate of gun ownership--until British researcher Colin Greenwood found that Great Britain had enjoyed low rates of violent crime for many decades before strict firearms controls were enacted. To invoke an ancient methodological saw, correlation is not cause. Nor do the problems with this study end with its lack of direct data on gun ownership. The authors say Seattle and Vancouver are ""similar in many ways,"" implying that they differ mainly in gun availability, gun-law stringency, and crime rates. This is an evident attempt to establish the ceteris paribus condition of a sound scientific analysis--that ""all else is equal"" among things being compared. * Clearly the two cities are similar in some ways, but a closer look * reveals differences in ways that are relevant to their respective crime * or homicide rates. The cities are closely matched in what percentage * of their population is white (79 percent and 76 percent). But Seattle * is about 10 percent black, while Vancouver is less than 0.5 percent. * Vancouver's minority population is overwhelmingly Asian. So although the * authors show that th two cities are approximately comparable on a half- * dozen readily available demographic indicators, they have not shown * that all potentially relevant sources of variation have been ruled out. * In fact, the differences in racial compositions of the two cities is * particularly relevant in light of the study's breakdown of homicide rates * according to the race of the victim. For the white majority, the homicide * rates are nearly identical--6.2 per 100,000 in Seattle, 6.4 in Vancouver. * The differing overall homicide rates in the two cities are therefore due * entirely to vastly different rates among racial minorities. For blacks, * the observed difference in homicide rate is 36.6 to 9.5 and for Hispanics * 26.9 to 7.9. (Methodoligical complexities render the Asian comparison * problematic, but it too is higher in Seattle than in Vancouver.) Racial * minorities are much more likely to be the victims of homicide in Seattle * than in Vancouver; the white majority is equally likely to be slain * in either city. Since the nearly 2:1 initial difference in homicide reates between the cities is due exclusively to 3:1 or 4:1 differences between minority groups, it is fair to ask why postulated difference in ""gun availability"" (or gun-law strigency) would matter so dramatically to minorities but not matter at all to whites. Can differential gun availability explain why blacks and Hispanics--but not whites--are so much more likely to be killed in Seattle than in Vancouver? (Studies in the United States, incidentally, do not show large or consistent racial differences in gun ownership.) Or are other explanations more plausible? Could the disparity between Canadian and American rates of poverty among racial minorities have anything to do with it? What are the relative rates of drug or alcohol abuse? Of homelessness among each cty's minority population? (The city of Seattle runs the largest shelter for homeless men west of the Mississippi.) Unemployment among young, central-city, nonwhite men in the United States usually exceeds 40 percent. What is the comparable Canadian percentage? The crucial point is that Canada and the United States differ in many ways, as do cities and population subgroups with the two countries. Absent more detailed analysis, nearly any of these ""many ways"" might explain part or all of the difference in homicide rates. In gross comparisons such as those between Seattle and Vancouver, all else is *not* equal. * The authors of this study acknowledge that racial patterns in homicide * result in a ""complex picture."" They do not acknowledge that the ensuing * complexities seriously undercut the main thrust of their argument. They * also acknowledge that ""socio-economic status is probably an important * confounding factor in our comparison,"" remarking further that ""blacks * in Vancouver had a slightly higher mean income in 1981 than the rest of * Vancouver's population."" Given the evidence presented in the article, * it is possible that all of the difference in homicide rates between Seattle * and Vancouver results from greater proverty among Seattle's racial * minorities. But the authors pay no further attention to this possibility, * since ""detailed information about household incomes according to race * is not available for Vancouver."" The largely insurmountable methodological difficulties confronted in gross comparative studies of this sort can be illustrated with as simple example. If one were to take all U.S. couties and compare them in terms of (1) pervalence of gun ownership and (2) crime or homicide rates, one would find an astonishing pattern: Counties with more guns have less crime. Would one conclude from this evidence alone that guns actually reduce crime? Or would one insist that other variables also be taken into account? In this example, the ""hidden variable"" is city size: Guns are more common in small towns and rural areas, whereas crime is a big-city problem. If researchers failed to anticipate this variable, or lacked the appropriate data to examine its possible consequences, they coud be very seriously misled. In the study at hand, the authors matched two cities for size but not for minority poverty rates or other hidden variables, and their results are impossible to interpret. In the editorial ""Firearm Injuries: A Call for Science"" accompanying the study, two officials from the Centers for Disease Control lauded the authors for applying ""scientific methods"" to a problem of grave public heath significance. But in attempting to draw causal conclusions from nonexperimental research, the essence of scientific method is to anticipate plausible alternative explanations for the results and try to rule them out. Absent such effort, the results may well seem scientific but are little more than polemics masquerading as serious research. That this study is but one of a number of recent efforts--all employing practical identical research designs and published in leading scientific journals-- is cause for further concern. [James D. Wright is professor of sociology at Tulane University. He has researched extensively on the relationship of firearms and crime.] Reason published monthly except combined August-September issue by the Reason Foundation, a nonprofit, tax-exempt organization. Subscription rate: $24.00 per year."
5,,"Hey! If you can get it together, I'm all for it! I too am one of the poor (a college student) Get a bank account set aside, and set aside a big ass data base and you will get my contribution. I'm setting aside as of now 10$ a month. Not a slew of cash to be sure, but it's the best I can do. Let me know what you guys come up with. I'm sure as hell not going anywhere."
1,,"Is there anyone out there in NetLand that has/has had one of these? Can someone give me a non-Consumer Reports review (or point me to a source) ??? Thanks Scott ----------------------- sdexter@ucrengr.ucr.edu Computer Science Undergraduate, University of California, Riverside Internet : 138.23.166.21 sdexter@technet1.shl.com Facilities Engineer, SHL SystemHouse, Inc. ,Technology Network Internet : 192.75.61.2"
5,,"Note: These trial updates are summarized from reports in the _Idaho Statesman_ and the local NBC affiliate television station, KTVB Channel 7. Randy Weaver/Kevin Harris trial update: Day 4. Friday, April 16, 1993 was the fourth day of the trial. Synopsis: Defense attorney Gerry Spence cross-examined agent Cooper under repeated objections from prosecutor Ronald Howen. Spence moved for a mistrial but was denied. The day was marked by a caustic cross-examination of Deputy Marshal Larry Cooper by defense attorney Gerry Spence. Although Spence has not explicitly stated so, one angle of his stategy must involve destroying the credibility of agent Cooper. Cooper is the government's only eyewitness to the death of agent Degan. Spence attacked Cooper's credibility by pointing out discrepancies between Cooper's statements last September and those made in court. Cooper conceded that, ""You have all these things compressed into a few seconds...It's difficult to remember what went on first."" Cooper acknowledged that he carried a ""9mm Colt Commando submachine gun with a silenced barrel."" [I thought a Colt Commando was a revolver!] Cooper continued by stating that the federal agents had no specific plans to use the weapon when they started to kill Weaver's dog. When Spence asked how seven cartridges could be fired by Degan's M-16 rifle when Degan was apparently dead, Cooper could not say for sure that Degan did not return fire before going down. Spence continued by asking with how many agents (and to what extent) had Cooper discussed last August's events, Cooper responded, ""If you're implying that we got our story together, you're wrong, counselor."" Spence continued to advance the defense's version of the events: Namely, that a marshal had started the shooting by killing the Weaver's dog. Cooper disagreed. Assistant U.S. Attorney Ronald Howen repeatedly objected to Spence's virulent cross-examination of agent Cooper, arguing that the questions were repetitive and Spence was wasting time. Howen also complained that Spence was improperly using a cross-examination to advance the defense's version of the events. U.S. District Judge Edward Lodge sustained many of the objections; however, both lawyers persisted until Judge Lodge had the jury leave the room and proceded to admonish both attorneys. ""I'm not going to play games with either counsel. This has been a personality problem from day 1, so start acting like professionals."" Spence told the judge that, ""When all the evidence is in, we'll see that ... his [agent Larry Cooper] testimony is not credible, that he was panicked and cannot remember the sequence of events."" Spence continued, ""We're going to find...that there is a very unlikely similarity - almost as if it had come out of a cookie cutter - between the testimony of Mr. Cooper and the other witnesses."" Spence then moved for a mistrial on the grounds that Howen's repeated objections would prevent a fair trial, ""We can't have a fair trial if the jury believes I'm some sort of charlatan, if the jury believes I'm bending the rules or engaging in some delaying tactic or that I'm violating court orders."" Judge Lodge called the notion that his repeated sustainings of Howen's objections had somehow prejudiced the jury was ""preposterous"" and denied the motion for a mistrial. Lodge did tell Howen to restrict his comments when objecting. The trial resumed with the prosecution calling FBI Special Agent Greg Rampton. The prosecution's purpose was simply to introduce five weapons found in the cabin as evidence: However, the defense seized on the opportunity to further address Cooper's credibility. Defense attorney Ellison Matthews (Harris' other attorney) questioned Rampton about the dog. Rampton stated that there were no specific plans to kill the Weaver's dog without being detected. Matthews then had Rampton read a Septtember 15, 1992 transcript in which Rampton had said that Cooper had said that the purpose of the silenced weapon was to kill the dog without being detected, if the dog chased them. Rampton then acknowledged that he believed that Cooper had said that, but he could not remember when. He then stated that, ""I did not conduct the primary interview with Deputy Cooper, but I have had conversations with him since the interview was conducted."""
2,,"Was going over some videos last night..... Studying 1986 and 1992 videotapes of Jose Canseco proved to be very interesting. And enlightening. Here's my analysis of Jose Canseco, circa Sep '92, and Jose Canseco, circa June 1986. 1. He's bulked up too much. Period. He needs to LOSE about 20 pounds, not gain more bulk. 2. His bat speed has absolutely VANISHED. Conservatively, I'd say he's lost 4%-7% of his bat speed, and that's a HUGE amount of speed. 3. That open stance is KILLING him. Note that he acts sort of like Brian Downing - way open to start, then closes up as ball is released. Downing could do this without significant head movement - Canseco can't. Also, note that Canseco doesn't always close his stance the same way - sometimes, his hips are open, sometimes, they're fully closed. Without a good starting point, it's hard to make adjustments in your swing. What would I do, if I were Jose? Aside from salting away a large sum of a cash that I could never touch, so that I'd never have to work again, I'd restructure my entire swing. First, minimize movement before the swing. Close and widen the stance, and severely cut down the stride I take on my swing. Hopefully, this will cut down on the time I need to swing, and will allow me to move the bathead more freely. Second, drop 20 pounds. Cut out the weight work. Third, relax the wrists. Will cost some power, but until I can find my 1988 stroke, concentrate on keeping the back shoulder up, rolling the wrists through the strike zone, and hit line drives. His strength is more than enough so that some of those line drives will get out of the park. If Canseco's open stance and resulting bad habits are a result of his back problems, he'll be out of baseball in three years. If not, he could still hit 600+ HR."
0,,"The gl2p1.lzh stuff under gfx/show on the Aminet sites includes a utility called pic2hl, that is a filter for HamLab that can handle the most commonly used kinds of .PIC and .CLP files. The biggest problem is that the .CLP files don't usually contain a palette, so you need to convert a .PIC with the right palette first (which creates a ""ram:picpal"" file), and then convert the .CLP files."
4,,"Is English (American, Canadian, etc.) common law recognized as legally binding under international law? After all, we're talking about something that by its very nature isn't limited to the territory of one nation."
1,,"I am interested to know if there is any Pontiac e-mail car clubs out there? Has anyone started one, or is anybody thinking about starting one. Thanks for any info you can give me"
1,,"I was at the Indianapolis Motor Speedway Museum the other day and one of their VERY early winners was 4 valves per cylinder (and either front wheel drive or all wheel drive, I think front wheel drive) and that was in 1914! Spiros"
3,,Could anyone give me information on Umbilical hernias. The patient is over weight and has a protruding hernia. Surgery may be risky due to the obesity. What other remedies could I try? Thanx in advance
0,,"First of all (this is NOT a snide response), if you're confused about this issue, you will stumble over a lot of other things as well. I suggest that the weakness is your reference material. Get ""An Introduction to Ray Tracing"" by Andrew Glassner for very good coverage of the raytracing algorithm. You could also refer to the 2nd edition of Foley & Van Dam. On to the question. The simple answer is that you just keep adding up all the contributions and then clamping at the maximum intensity. For example, if your intensity values range from 0.0 to 1.0, then keep adding up and clamp the resultant values to 1.0 (you might have to clamp the lower bound to 0.0 if you have dark bulbs, but that's another issue =^). So, you get some illumination equation like this: I = Lambient + Ldiffuse(light[n]) + Lreflected + Ltransparent The contribution due to reflection is just summed with the light intensity, as is the light due to transparency. Now, a slightly less hand-waving illumination equation is this: I = KaLa + KdLd(light[n]) + KrLr + KtLt That is, each component of the illumination equation is governed by the material constants Ka, Kd, Kr and Kt. So the maximum you can get from transparency for a given object, for example, might be [0.4, 0.1, 0.5] for a purple-colored glass object. Hopefully this answers your question. I'll forward my ""illumination equation sermon"" to you also."
2,,"While I enjoy the trend towards the more classic style of uniform - and I disagree with the person who wants a return to the non-gray road uniforms - it should be remembered that one of the, if not THE reason for the redesigning of uniforms, especially hats (re: the new road all green A's caps and the cardinal navy blue road cap), is the marketing money to be made in sales of new merchandise."
2,,"Uh, right. You also forgot that you can't get an RBI (barring a HR) with nobody on base. What fraction of all runs come on solo HR? Most runs are scored because there happened to be players on base when the batter did something good. I use the phrase ""happened to be"" advisedly. Lots of people have tried to figure out who the players are who have the most ability to ""turn it up a notch"" in clutch/RBI/whatever situations, and what they've found is that there is no evidence that *anyone* has such an ability to any measurable extent. There are no clutch hitters. People who tend to do things that *would* cause an RBI if there were somebody on base end up getting RBIs proportional to how many of their teammates obliged by being in position. I agree."
5,,"Two questions: When was this, and do you have the relevant numbers. (Please note, this is *not* in any way an indication I don't believe you or that you're not correct, but when the drop occured is relevant.) The primary objection (beyond ones based on the ideal of RKBA that it is simply not something the government should do) is that it makes guns a play-thing and tool of the rich and connected. It discriminates against the poor. Is self-defense considered appropriate, and if so, under what conditions? (Are you allowed, for instance to get a gun for protection if you're going to be carrying a very large sum of money on a regular basis or have been threatened.) This has been suggested in the U.S., and generally supported among gun owners. What many object to is that many, if not most, proposals contain a sort of ""gotcha"" clause which allows an arbitrary denial, even if you qualify in every way. At this point, it should be pointed out that in general a driver's licence in the U.S. is for the most part nothing like its European counterpart. I understand getting one is far more difficult there than here. In the U.S. it's a joke. But my usual objection is that you're discussing two different things. For instance, in the U.S. a driver's license is a permit to operate a motor vehicle on a public road. It is not necessary to own one, or to operate it on private property. That is, the ability to require driving permits is generally considered to arise from the government's legitimate power to enact reasonable regulations for behavior on public lands. A permit to own an automobile, for instance, which is far closer an analogy, would be a much harder thing to get past legally, since it wouldn't be based on making regulations on public property, but in restricting activity on private property. This varies *widely*. (One thing I think Europeans have a difficult time with is that the U.S. has fifty unique jurisdictions, where the laws from one state to another can be as radically different as from one country in Europe to another). Some places allow open carry of both guns and knives. Some allow concealed. Some prohibit both, or allow one or the other. And it can be either a state or local restriciton. The question must be asked: Is the right of *this* individual affecting the rights of this *other* individual. What we usually get is that the rights of this *group* (meaning some individuals within this group, here defined as ""people who own guns,"") are adversely affecting the rights of some other group. If for instance, ""Bob"" were using his gun to attack ""Steve,"" you'd have a point. But essentially what we're discussing is that becuase some person who qualifies as a member of the group ""people who own guns"" then some third person, perhaps in another *time zone* is told that their being a member of that group is taking away somebody else's rights. It's like trying to punish all newspapers for the libel commited by one. The issue is crime, violence, and murder. The question is to what extent guns and gun legislation impact those. Of course not. It would be nice if we didn't have to fear that other people might get it into their twisted little minds to hurt us. But currently we don't have that option. Nor do I expect we will. No state does. In any case, there's a limit to which the state may enforce it's ""wisdom"" on me. Freedom in general is an unwise concept. If you pre-emptively restrict everything which might be ""unwise"" then freedom becomes a meaningless concept. I'll raise my hand against driver's licenses. As currently implemented they're a waste of time and little more than revanue generation for the State and ignored by a startling number of drivers. It does not guarantee a level of skill any higher than is necessary to get your car on the road and get yourself or somebody else killed, or a knowledge of traffic laws beyond what any ten year old will have picked up riding around in his parents car. But, as I mentioned, they're two different things."
1,,"I think this is getting a little overheated. Highway robbers have been a part of life since the Middle Ages at least. It's human nature to look at history through rose colored glasses, but random acts of violence have been a ceaseless part of our heritage. Overall, life is better now than it ever was then. It's just that random individual acts of violence have never been historically significant, and record keeping in the past was never good enough to retain them all."
2,,"Hell, the Orioles' Opening Day game could easily be the largest in history if we had a stadium with 80,000 seats. But unfortunely the Yards (a definitely excellent ballpark) only holds like 45,000 with 275 SRO spots. Ticket sales for the entire year is moving fast. Bleacher seats are almost gone for every game this year. It's a extremely likelyhood that the O's could sell out every game this year (especially if we lead the division for most of the year like '89). On another front, the sale of the Orioles to anyone is likely to be forced upon Eli Jacobs who is major debt apparently. Maybe we can get an owner willing to spend on a proven rightfielder free agent in the winter. Fernando has made the O's as the fifth starter. The O's pitching staff looks pretty good. Sutcliffe, Mussina, McDonald, Rhodes, and Fernando. Baltimore is my pick for the victors in a very competitive AL East. __________________________________________________________________________ ~~~~~~~~~~~~~~~~~~~~~~~~~~~~~~~~~~~~~~~~~~~~~~~~~~~~~~~~~~~~~~~~~~~~~~~~~~ Second to last day of the season - Gregg (The True Wild Thing) Olson uncorks a wild pitch allowing the Blue Jays to tie. Blue Jays win in the 11th and ends the Baby Birds' miracle season of '89."
2,,"Yeah, maybe that is more likely. But from the Mariners-Tigers series, it seems like every time there are base runners, the pitchers seem to purposely pitch around him or give him a free pass. The funny thing was that Griffey was struggling up until the last game of the four game series if I remember correctly. - Chung Yang"
3,,": Actually I am entering vet school next year, but the question is : relevant for med students too. : Memorizing large amounts has never been my strong point academically. : Since this is a major portion of medical education -- anatomy, : histology, pathology, pharmacology, are for the most part mass : memorization -- I am a little concerned. As I am sure most : med students are. : Can anyone suggest techniques for this type of memorization? I : have had reasonable success with nemonics and memory tricks like : thinking up little stories to associate unrelated things. But I have : never applied them to large amounts of ""data"". : Has anyone had luck with any particular books, memory systems, or : cheap software? : Can you suggest any helpful organizational techniques? Being an : older student who returned to school this year, organization (another : one of my weak points) has been a major help to my success. : Please no griping about how all you have to do is ""learn"" the material : conceptually. I have no problem with that, it is one of my strong : points. But you can't get around the fact that much of medicine is : rote memorization. : Thanks for your help. The only suggestion i can think of off the top of my head is get a large supply of index cards and memorize small amounts of info at a time, making flash cards and quesitons. Everytime i get a question wrong I always manage to get the damn thing right the next time"
0,,I sure did use version 3.2. It works fine with most software but NOT with Animator Pro and that one is quite important to me. Pretty useless program without that thing working IMHO. So I hope the author can fix that. /Daniel...
1,,"gee.... is it 1999 already? Yes, it will still be on the fox program chasis, anything that will be different on the new car as far as mechanical's is unknown. The suspension will most likely be changed, as well as the drive drain. From what has been printed on it, there is no clear idea of what will be done, as some say it will have the modular V8 and others the current small block... just have to wait and see Also is far as styling goes from what I seen is good, a return to tradition. C scoop on the sides and roof line much like a '65 or '66 fastback."
4,,"...text of options ""A"" and ""B"" deleted... Only 10KW? Ha! ""North America Modular SPACE STATION construction"" :-) Same apprach, same reasoning: ""construction occurs under assembly line conditions, no random weather problems interupting site-work on your home - better quality control"" -- sounds like first ""-"" point above :-) Somehow I have a strange attraction for this idea (living in a modular home maybe has altered my mind). The only thing that scares me is the part about simply strapping 3 SSME's and a nosecone on it and ""just launching it."" I have this vision of something going terribly wrong with the launch resulting in the complete loss of the new modular space station (not just a peice of it as would be the case with staged in-orbit construction)."
3,,"MSG is mono sodium glutamate, a fairly straight forward compound. If it is pure, the source should not be a problem. Your comment suggests that impurities may be the cause. My experience of MSG effects (as part of a double blind study) was that the pure stuff caused me some rather severe effects. Soya bean, fermented cheeses, mushrooms all contain MSG."
3,,"If I remember rightly PKU syndrome in infants is about 1/1200 ? They lack two genes. And people who lack one gene are supposed to be 1/56 persons? Those with PKU have to avoid naturally occuring phenylalanine. And those who only have one gene and underproduce whatever it is they are supposed to be producing are supposed to be less tolerant of aspartame. The methol, formaldahyde thing was supposed to occur with heating?"
0,,"Hi: I am digitizing a NTSC signal and displaying on a PC video monitor. It is known that the display response of tubes is non-linear and is sometimes said to follow Gamma-Law. I am not certain if these non-linearities are ""Gamma-corrected"" before encoding NTSC signals or if the TV display is supposed to correct this. Also, if 256 grey levels, for example, are coded in a C program do these intensity levels appear with linear brightness on a PC monitor? In other words does PC monitor display circuitry correct for ""gamma errrors""? Your response is much appreciated. Amjad."
2,,"> I wonder if Ojeda will sue anyone - because his career may be over. Not due to the accident -- he just got a (really) bad haircut. Now, if you meant due to his floating fastball, well..."
0,,"I've been away for a couple of weeks and have become out of touch with the latest information on the Diamond Viper Card. Does anyone know if Diamond has come out with any Vesa Driver updates lately? Also, I was wondering what the latest Windows Driver version is up to now. Thanks in advance, Dan"
3,,"To: ashwin@cc.gatech.edu (Ashwin Ram) AR>Does the ""Thermoscan"" instrument really work? It is supposed to give you a ABSOLUTELY! Ya don't have to do the other end! (it is accurate - but technique is important) cccbbs!rob.welder@uceng.uc.edu"
2,,"How about, Frank Jacksonsuck-Bolick or Frank ""Cake Icing"" Bolick or Frank it's not a cow but a Bolick or Frank How Do you get a ribbon to stay on a birthday present Bolick or Frank ""Burns"" Bolick or Frank Lee Bad Player Bolick or Frank ""I Suck, not"" Bolick and so on. Matt Wall * wall@cc.swarthmore.edu * Hey, I gotta job here, OK?"
1,,"-> Without the key, though, the steering column 'lock' would have to be -> sacrificed. Not necessarily. Maybe some sort of servo lock or something along those lines could be used to acheive the same effect. Maybe a solenoid type of thing too. George Howell"
0,,"STOP! STOP! STOP! STOP! This argument is getting silly! XV-3.00 now handles 24-bit images without quantizing them. All these arguments are moot, null, and void. Please stop quibbling about a now obsolete version of the program. Besides, you can now generate tons of verbiage about the new shareware licensing it uses instead ... Mike"
4,,": Has anyone ever heard of a food product called ""Space Food Sticks?"" I remember those awful things. They were dry and crumbly, and I recall asking my third-grade teacher, Miss G'Francisco, how they kept the crumbs from floating around in zero-G. She had no clue. I have not seen anything like them in today's space program. Some Apollo technology is best forgotten. -- Ken Jenks, NASA/JSC/GM2, Space Shuttle Program Office kjenks@gothamcity.jsc.nasa.gov (713) 483-4368"
0,,Hi!... I am searching for packages that could handle Multi-page GIF files... Are there any on some ftp servers? I'll appreciate one which works on PC (either on DOS or Windows 3.0/3.1). But any package works on Unix will be OK..
3,,"JB> RR> ""I don't doubt that the placebo effect is alive and well with JB> RR> EVERY medical modality - estimated by some to be around 20+%, JB> RR> but why would it be higher with alternative versus conventional JB> RR> medicine?"" JB> JB> Because most the the time, closer to 90% in my experience, there is no JB> substance to the 'alternative' intervention beyond the good intentions of the JB> practitioner, which in itself is quite therapeutic. [.......] JB> JB> John Badanes, DC, CA JB> romdas@uclink.berkeley.edu Well, if that's the case in YOUR practice, I have a hard time figuring out how you even managed to make it into the bottom half of your class, or did you create your diplomas with crayons? If someone runs a medical practice with only a 10% success rate, they either tackle problems for which they are not qualified to treat, or they have no conscience and are only in business for fraudulent purposes. OTOH, who are we kidding, the New England Medical Journal in 1984 ran the heading: ""Ninety Percent of Diseases are not Treatable by Drugs or Surgery,"" which has been echoed by several other reports. No wonder MDs are not amused with alternative medicine, since the 20% magic of the ""placebo effect"" would award alternative practitioners twice the success rate of conventional medicine... --Ron--"
2,,"Me, too... RBI are a worthless stat. Of course, so is stolen bases because sometimes runners are in front of a player that would otherwise run. And of course pitchers pitch differently with different people on different bases, so batting average, slugging and obp out, too. Hmmm... i guess homers would not count then, either. My point? RBI might not be a perfect stat but nothing is. And no stat (or lack of) can tell me there are no clutch hitters. Maybe no stat CAN tell me, either, but some people are... I just know it!!! 8)"
4,,"I haven't seen any mention of this in a while, so here goes... When the Hubble Telescope was first deployed, one of its high gain antennas was not able to be moved across its full range of motion. It was suspected that it had been snagged on a cable or something. Operational procedures were modified to work around the problem, and later problems have overshadowed the HGA problem. Is there any plan to look at the affected HGA during the HST repair mission, to determine the cause of its limited range of motion? Is the affected HGA still limited, or is it now capable of full range of motion?"
1,,": I am curious about knowing which commericial cars today : have v engines. : V4 - I don't know of any. : V6 - Legend, MR3? MR6? : V8 - Don't know of any. : V12 - Jaguar XJS : Please add to the list."
1,,"The Viper isn't an Inline 10 or Flat 10, is it? I'm pretty sure its a V-10. Also, the Cizeta??? is a V-16, but it may not yet be more than a dream..."
5,,"Two URGENT requests: 1. I need the latest update and description of MA bill S-897. From what I gather this bill takes the Hunter Safety Courses from Law Enforcement and places them under Fish & Game control. 2. Has someone out there compiled a list of all MA Senate & House Bills under consideration? If they have, please e-mail me the list. If not, is there a database I can access? Thanx, Yours in the fight, Mike P. P.S. My wife and I thought Nancy B. was great on Street Stories."
0,,"I am looking for software to run on my brand new Targa+ 16/32. If anyone knows of any sites which have useful stuff, or if you have any yourself you want to give, let me know via mail. Thanks a LOT! Yayayay! jamie@ddsw1.mcs.com"
0,,"I am looking for a program that is capable of displaying a graph with nodes and links and with the possibility to edit interactively the graph : add one node, change one link etc... Actually, a very _simple_ X11 program would be ok; all I need is to put some ""boxes"" (i.e. the nodes ) on a pane and be able to manipulate them with the mouse (move, add or delete boxes). Does anyone know if such program is available ? Thanks for any help !!"
3,,":In article <1993Apr22.205341.172965@locus.com> Michael Trofimoff, :>Would anyone out there in 'net-land' happen to have an :>authentic, sure-fire way of making this great sauce that :>is used to adorn Gyro's and Souvlaki? : :I'm not sure of the exact recipe, but I'm sure acidophilus is one of :the major ingredients. :-) : The only recipies I've ever seen for this include plain yogurt, finely chopped cucumber and a couple of crushed cloves of garlic -- yummy."
0,,"Does anyone know if any of Currier and Ives etchings have been digitized for use in desktop publishing? I am particularly interested in their riverboat scenes. Does anyone know who can get me (for a fee) a good, digitized river- boat image? Thank you, David Dumas -- David Dumas dmd2@Isis.MsState.Edu"
0,,"The OTIS Project presents... SYNERGY: Revolt ...the first in a continuing series of collaborative art initiatives designed to exploit the binarity of the infosphere. This series of diversely structured art-manipulation projects will attempt to stretch across network boundries encouraging use of electronic mail, fax, video, photography, scanned ""conventional"" art and even sound to create multi-artist ""still"" visuals in GIF and JPG formats. Visualists from all technical levels are welcome. REVOLT will be structured simply. There will be three stages of production. The first stage will consist of all participants creating one still work as a ""starter"" piece that two other partici- pants will, in turn, manipulate. All first stage ""base"" images are due by Sunday, May 23rd, 1993, midnight Central Daylight Time. Stage two will begin on May 24th. All images will be sent to another (arbitrarily chosen) participant for them to do manipulations on in anyway they see fit. For purely digital artists, this may consist of filtering the image through their favorite paint program. For ""analog"" artists, this may well be printing a hardcopy of the image and adding their own part with pen, pencil or white-out then scan- ning in the image again to be transferred on to the third-stage artist. All second-stage works are due by midnight on Sunday, May 30th. Stage three is the finishing stage and will begin on May 31st. All artists will do what they think it takes to finish up the image they've been given using whatever technique they see as worthy. These images will be due on June 6th, midnight. All involved will participate in each stage of creation. ----------------------------------------------------------- To join, send email/mail with the following info: Name: email address: mail address: scanner access? (color/grey/none) printer access? (laser/postscript/inkjet/color/dot) computer access? (mac/ibm-pc/sun/amiga/atari/NeXT/other) output format? (tiff/targa/gif/jpeg/pict/postscript/fax /photocopy/pcx/windows bitmap) graphics level? (8bit/16bit/24bit/?) ftp access? time limitations? Address the information to: email: mad-celt@cwis.unomaha.edu (Andrew Booth, project manager) (include ""REVOLT"" in the subject line) mail: The OTIS Project SYNERGY: Revolt PO BX 241113 Omaha, NE 68124-1113 --------------------------------------------------------- Remember, all STARTER images are due on Sunday, May 23rd. Deposit them at either of these FTP sites: sunsite.unc.edu (/pub/multimedia/pictures/OTIS/Incoming) or 141.214.4.135 (projects/otis/incoming) OR ...send uuencoded images to us via email... OR ...send hardcopies to address above... OR ...arrange FAX exchange. If you don't get your STARTER image in, you won't be able to participate until SYNERGY Phase II (in mid-June). --------------------------------------------------------- We will do our best to accomodate/facilitate image exchange for the ""technologically impaired"". If you don't have access to a scanner, but need one, we'll try to help. If you need an image printed out and sent to you, let us know (send an SASE if you anticipate this). ADDITIONAL INFORMATION AVAILABLE ON THE FOLLOWING: - suggestions for use of ""uncommon"" mediums (such as video stills, electronic imaging and sound) - FAX availability times - ""copyright"" considerations (appropriation) - image conversion - the OTIS Project in general"
1,,"My ex-husband & I used to own Borgwards. Haven't seen any for a long time. They were really good cars. Does ayone out there know anything about them now? I heard they were being made in Mexico, but of course they wouldn't be the original German - if that's even true. When I've been in Mexico I haven't seen any. We loved ours, even tho' they were ugly - they had names - one was Humphrey Borgward."
3,,"As usual, you are missing the whole point, Russell, because you are not willing to even consider questionning your basic article of faith, which is that science is merely a matter of methodology and that the highest purpose of science is to avoid making mistakes. This is like saying that the most important aspect of business management is accurate bookkeeping. If science were no more than methodology and not making mistakes, it would be a poor thing indeed. What was the methodology of Darwin? What was the methodology of Einstein? What was, for that matter, the methodology of Jenner and Pasteur? First of all, I think you are arguing against a straw man, because I don't think that anyone here is arguing that quackery, pseudo-science, homeopathy, chiropracty, and traditional Chinese medicine should be accepted as science. I, in particular, think the basic ideas of homeopathy and chiropracty seem extremely flaky. What some of us do believe, however, is that some of these things (including some of the flaky ideas) are deserving of serious scientific attention. If in fact it were true, as you have stated above, that those who do not use the currently fashionable methodology can have no idea what is effective and what is not, then science today would not exist. For all of current science is based on the past work of scientists whose methodology, by current standards, was seriously flawed. It is certainly true that as methodology improves, we need to re-examine those results derived in the past using less perfect methodologies. It is also true that the results obtained by people today who still rely on those early methodologies needs to be re-examined in a more rigorous fashion by those qualified to do so credibly. But to say that nobody who fails to do elaborate double-blind studies is capable of knowing their ass from a hole in the ground and to say that no ideas that come from outside the scientific establishment could possibly be worthy of serious investigation ... this truly marks one's attitude as doctrinaire, cultist. This attitude is not compatible with a belief in reason. -- In the arguments between behaviorists and cognitivists, psychology seems less like a science than a collection of competing religious sects."
1,,"I offered to relay this information for a ham friend of mine without Internet access: His name is Robert (Bob) Wondolowski, N1KDA, and his car was a 1985 Brown Cutlas Sierra Sedan, Massachusetts plate 716ADL. His HT (Yaesu FT415) and mobile antenna were also included in the car. It was stolen from Lynn, Mass. about 10 days ago (being on April 6). If anyone has any information about the car's whereabouts, please e-mail me. Thank you for taking the time to read this message. =============================================================================== ==============================================================================="
2,,"And not the only quality Mariner pitcher. I logged on expecting to see at least ONE congratulatory note for Chris Bosio's NO HITTER, but nary a peep. So I'll take this opportunity to note that the red feet are now 11-5 and slinking out of town without having scored a run in the last two games or even a hit in last night's gem. Not that we M's fans can compare our suffering to those of the followers of New England's long-running tragedy, but only one winning season in history is something of a burden to bear. So we'll take our joys when we can get 'em. The Mariners now have two no-hit pitchers on the staff and not coincidentally those pitchers beat the Red Sox in back to back games. jsh"
0,,"Hi ... Recently I found XV for MS-DOS in a subdirectory of GNU-CC (GNUISH). I use frequently XV on a Sun Spark Station 1 and I never had problems, but when I start it on my computer with -h option, it display the help menu and when I start it with a GIF-File my Hard disk turns 2 or 3 seconds and the prompt come back. My computer is a little 386/25 with copro, 4 Mega rams, Tseng 4000 (1M) running MS-DOS 5.0 with HIMEM.SYS and no EMM386.SYS. I had the GO32.EXE too... but no driver who run with it. Do somenone know the solution to run XV ??? any help would be apprecied.. Thanx in advance !!!! -- --------------------------------------------------------------------- * * * Pascal PERRET | perret@eicn.etna.ch * * Ecole d'ingénieur ETS | (Not Available at this time)* * 2400 Le LOCLE | * * Suisse * * !!!! Enjoy COMPUTER !!!! * * *"
4,,"Idea for repair of satellites: Warning I am getting creative again: Why not build a inflatable space dock. Basically deploy one side of the space dock (using a scissor shaped structure, saw it on beyond 2000), then maneuer the side to next to the satellite and then move the rest of the dock around the satellite and seal it.. The inflate the dock with a gas (is does not have to be oxygen, just neeeds to be non-flameble, non-damaging to the satellite and abel to maintain heat), thenheat the space dock (for the astronaut who will be working onthe satellite to be able to not have to wear the normal bulky space suit, but a much striped down own).. I know this might take a slot of work or not??? Or just to plain wierd, but ideas need to be thought of, for where is tomorrow, but in the imagination of the present.."
5,,"Ah I love posts like this. Many people have already replied to this one as I knew they would. I'm not going to say much as this just seems like baiting to me. Someone decided to post to see how many people would get mad and reply. I am just going to ignore it but I do have one thing to say. See below. ^^^^^^^^^^^^^^^^^^^^^ Listen buddy, if you're going to quote Star Trek get the quote right. It was ""Resistance is futile"". Get it right the next time :-) Jason - u28037@uicvm.cc.uic.edu"
2,,"Educate yourself before you rip on this years manager of the year. Lankford injured himself in a previous game and Torre was resting him. As far as the Whitten/Gilkey controversy. Whitten adds some more needed power, and if Jordan continues to hit the way he has been, Gilkey will find himself in the starting lineup soon enough. Sam"
4,,"That is an idea.. The most efficient moon habitat.. also the idea of how to get the people off the moon once the prize was won.. Also the idea of how to rescue someone who is ""dying"" on the moon. Maybe have a area where they can all ""see"" each other, and can help each other if something happens.. I liek the idea of one prize for the first moon landing and return, by a non-governmental body.. Also the idea of then having a moon habitat race.. I know we need to do somthing to get people involved.. Eccentric millionaire/billionaire would be nice.. We see how old Ross feels about it.. After all it would be a great promotional thing and a way to show he does care about commericalization and the people.. Will try to broach the subject to him.. Moonbase on the cheap is a good idea.. NASA and friends seem to take to much time and give us to expensive stuff that of late does not work (hubble and such). Basically what is the difference between a $1mil peice of junk and a multi $1mil piece of junk.. I know junk.."
3,,"Precisely. One wonders what unusual strain the boy might be under that could be causing ""difficulty with his behavior"". Standard practice would be to get a second opinion from a child psychiatrist. One would want to rule out the possibility that the ""bad behavior"" is not psychiatric illness at all. (Disclaimer: I am not a medic. But I am a parent.)"
3,,"A friend of mine has a trouble with her ears ringing. The ringing is so loud that she has great difficulty sleeping at night. She says that she hasn't had a normal night's sleep in about 6 months (she looks like it too :-(). This is making her depressed so her doctor has put her on anti-depressants. The ringing started rather suddenly about 6 months ago. She is quickly losing sleep, social life and sanity over this. Does anyone know of any treatments for this? Any experience? Coping mechanisms? Any opinions on the anti-depressant drugs?"
1,,"This does sound good, but I heard it tends to leave more grit, etc in the oil pan. Also, I've been told to change the old when it's hot before the grit has much time to settle. Any opinions?"
1,,"With the popularity of minivans, the market room for station wagons is squeezed out. They are not as comfortable as sedan, and don't carry as much as the minivans. This is not to say nobody wants the wagon anymore. But the demand is certainly hampered by the minivan, and may not be economical to build a product for. Jason Chen"
2,,"Dummy Hoy, a late 19th-Century baseball player, was deaf. In order for him to be able to find out whether the pitch was a ball or strike, the umpires developed hand signals. This also helped to relieve the stress on umpires' vocal cords, so they didn't have to shout ""STRIKE!!!"" or ""BALL!!!!!"" 350 times a game... Heard about this one from the only worthwhile baseball book John Thorn has ever authored, ""A Century of Baseball Lore"" :-)"
0,,"[ description of experiment deleted ] [ more deleted ] A few years ago a friend and I took some 256 grey-level photos from a 1 bit Mac Plus screen using this method. Displaying all 256 levels synchronized to the 60Hz display took about 10 seconds. After experimenting with different aperture settings and screen brightnesses we found a range that worked well, giving respectable contrast. The quality of the images was pretty good. There were no visible contrast bands. To minimize the exposure time the display program built 255 different 1 bit frames. The first contained a dot only for pixels that had value 255, the second only for pixels that had value 254, etc. These frames were stored using a sparse data structure that was very fast to 'or' onto the screen in sequence. Creating these frames sometimes took 5-10 minutes on that old Mac, but the camera shutter was closed during that time anyway. And yes, we wrote directly to the screen memory. Mea culpa. Our biggest problem was that small images were displayed in the top left corner of the screen instead of the center. It took an extra week to have the film developed and printed, because the processors took the trouble to manually move the all images into the center of the print. Who'd have guessed?"
4,,"Are you volunteering? :) Will NASA have ""available landing sites"" in the Russian Republic, now that they are Our Friends and Comrades?"
1,,"Awww, right, you want all the home mechanics lined up against a wall and shot eh? Bull Pucky you chicken! Read the service manual and get your head out of the sand! Certainly there are tools for the job that are cheaper than an alignment rack, that do the job as competently (albeit, not as swiftly), if not more accurate, due to the natural pride an owner/mechanic places on his work. You can do an `acceptable' job of aligning a car using simple tools and some imaginative work that would *never* have the effect of endangering anyones life. The worst that happens is that your tires wear oddly (well, you could have the wheels aiming TOTALLY pigeon toed and not be able to steer the car, raise your hands those that think their vision is so poor that they would screw up this badly!) I bet you are one of those people that feels that honing a cylinder wall with sand paper will kill millions of people. It aint magic. Go take the certification course, and look at the people that have never learned to add in their whole life that are taking the certification! BTW, I am disgusted at the Colt (and some of the other Chrysler offerings) because they go out of alignment if you sneaze at them. My '84 Chrysler Laser (Similar to the Daytona, a reskinned Colt) needed a realignment every 3 months ... Bolt a good grade 12' 2x4 to each wheel, using a carefully welded spacer jig. Measure toe in, adjust to manufacturer specs. Camber a bit more difficult to adjust and measure ... I used a micrometer to measure the space between the rim and a funky bent up pipe that could be placed on upper and lower portions of the rim on the inside of wheel (hard to explain). This same tool could be used instead of the 2x4s. I had made these tools up *right* after the last alignment done professionally so I had a reference that the original poster might not ..."
4,,"[ a nearly perfect parody -- needed more random CAPS] Thanks for the chuckle. (I loved the bit about relevance to people starving in Somalia!) To those who've taken this seriously, READ THE NAME! (aloud)"
2,,"Well, there were 27 outs in a row with no hits or walks in between, but really, he only retired 26 batters in a row. The first out of the game was the front end of a double play. Still counts as a back-end perfect game in my book, though. Congrats to Chris Bosio. Too bad the Brewers couldn't hold on to him."
4,,"They exist. Even photosynthetic varieties. Not economical at this time, though."
2,,"I'm still catching up from Spring Break, but bear with me... Javy Lopez has proven, over 1400+ AB in the minor leagues, that he is ready to play in the majors. He is *not* being rushed. Players who are clearly too good for AA and play behind stiffs at the major league level are wasting their time, and may actually have a court case against major league management for keeping them, at AAA. Unless Lopez is *me* defensively (I'm 5'7'', 165 and born to play second base :-)), he belongs in the major leagues. Valentine isn't saying he should back up. He's saying he should be put in a position to *win* the job in the major leagues, which, IMHO, he would if given the opportunity. (Val, if I'm misinterpreting, please let me know.) But the players who *are* ready are 1)the best and 2) the ones most likely to benefit from being in the majors. Javy Lopez is not a middle- of-the-road prospect. He's the real thing. NOW. Again, the most important thing a player can do is hit. Lopez does that miles better than Olson or Berryhill. If his defense is good enough for Greenville, or Richmond, it's good enough for Atlanta. If he really was awful defensively, he would no longer be a catcher. See Sprague, Ed. Oh, where to start... OK. First of all, solid != good. I want good players. Solid is one of those words used to describe nice white guys who really aren't very good at baseball. Think of it as ""TWG"" without the caps. It's a losing strategy to say, ""We have solid guys, we don't need to improve."" You used it four times in that paragraph, BTW. Same for experienced. I might add, though, that Greg Olson and Damon Berryhill aren't exactly Carter and Fisk. Olson has played three years, Berryhill five, although 90 and 91 were a wash. The only difference, IMHO, between Olson and Valle is the supporting cast. ""Two big bats."" Hrm. I like Justice, but I find Mr. Gant's trend disturbing. Call it one and a maybe. The Braves' platoon is OK, but neither player has *any* value outside of the platoon. Bream vs. LH and Hunter vs. RH are awful. I'll leave the thirdbase comment alone. Pendleton has wasted too much bandwidth already. If the CF platoon hits .300, I'll retrace Mr. Likhani's midnight run down Forbes, and I live in NY and LA. (Got that, Mike?) And doesn't Cox call pitches, anyway? Nope. They're baseball management, possible the most short-sighted collection of people in the nation. Do you not believe this goes on, Mark? Do you think Frank Thomas needed those three months in AAA in 1990? Or Cal Eldred wasn't *really* better than Ricky Bones last year? You're mostly polite; make defensible, if flawed cases; have wit and have, in the past, admitted being wrong. That does qualify you on r.s.b. We'll make an SDCN out of you, yet :-)"
0,,"Speaking of Psygnosis, they have licensed games to Philips Interative Media International for CD-I. The following was recently posted in a message in the CD-I section of the Multimedia Forum. ""Seventh Guest has been licensed by Virgin Games to Philips Interactive Media International for worldwide CD-I rights. Were also licensed to P.I.M.I. Litil Divil from Gremlin Graphics (UK) and Microcosm from Psygnosis (UK). Those three titles will be adapted on CD-I using the full potential of the FMV cartridge, meaning, using the additional memory as well as the motion video capabilities. Those titles have been negociated in Europe but will be available worldwide. Also, Lemmings 1 & 2 have been licensed from Psygnosis, as well as Striker Soccer from Rage (UK)."" I don't know when these titles will be available or when work on them even started (so don't expect your CD-I retailer to have them yet). There was also some mention of future Nintendo CD-I games in an issue of the UK magazine ERT - Mario Hotel was mentioned as having 75 levels. Mark [Although I work for Philips, I don't work on CD-I or multimedia. The above info is just provided in good faith from what I've read and does not represent any statement from Philips]"
2,,anyone know the outcome of tonight's jays game? -home runs? -winning pitcher?
3,,"I understand Robert Centor has a program called ROC ANALYZER, that can be used to do receiver operating characteristic (ROC) curve analysis. Does anyone know if this is avaliable from an FTP site? If not, does anyone know how to get a copy of it? =============================="
3,,"If you have any information on artificial intelligence in medicine, then I would appreciate it if you could mail me with whatever it is. The informations is needed for a project. Thank you, Ian."
0,,"Hi. The RTrace ray tracer supports 3D text as a primitive, not collections of spheres, cylinders and so on... The 3D chars are made of lines and splines that are extruded... Please have a look at asterix.inescn.pt [192.35.246.17] in directory pub/RTrace. In pub/RTrace/tmp there are some demo images with high quality text. All of them are called Text?.jpg (JPEG encoded). See them first and then tell me what you think."
4,,"WHile we are on the subject of the shuttle software. what ever happened to the hypothesis that the shuttle flight software was a major factor in the loss of 51-L. to wit, that during the wind shear event, the Flight control software indicated a series of very violent engine movements that shocked and set upa harmonic resonance leading to an overstress of the struts."
5,,"Flame on!! Is this guy serious???? If he would ever really pay attention to the news (oops I forgot that the media for the most part loves to jump right on top of a story before all the facts are known, as well as to manipulate what we see and thus what we believe). Any ways one of Koresh's DEVOTED followers that DID I REPEAT DID survive this ""GENOCIDAL MASS-SLAUGHTER OF INNOCENT PEOPLE"". Besides there are nine survivors in the burn-unit of the local hospital and was reported that David was in one of the towers when the shit hit the fan. Besides, a majority of these children were children that he was supposed to have been the father of, this then makes them bastard children to a sacraligious zeloit (sp). Also someone should have told David and his followers that if they can't the heat then they should stay out of the kitchen!! (pun intended) Flame off "" Aaah Daniaalson yah wanna fight, fight me!!"""
4,,"Hello everyone, I was hoping someone could help me out. I'm writing a program for my astronautics class for assent of the shuttle into a low orbit. There are two things I'd like to know, First, how much time elapses between launch and the pitch over. Second, what is the cross-sectional area of the shuttle, srb's, and ext. tank. Thanks for any information, post or e-mail."
1,,"My Honda Accord just hit the magic 100,000 mile mark and now all sorts of things are beginning to go bad. The latest problem I am experiencing is with my brakes. They still stop the car fine, but once I am stopped completely, my brake pedal will sink another 2 or 3 inches all by itself. If feels really strange, and I am worried my brakes will quit working one of these days. I checked my brake fluid, and the reservoir was full, but the fluid itself looked really dirty (like dirty oil). I called my mechanic and he told me I need a new brake master cylinder, which will cost me a whopping $250-300. I was just wondering if anyone out there has experienced this sort of thing. If so, is my mechanic being honest? Or do I simply need to have my brakes bled and new fluid put in? Any help you could provide would be appreciated. Please send replies directly to me, as I rarely have a chance to read this list. I will post the responses if there is any interest. Thanks,"
3,,"The best way of self injection is to use the right size needle and choose the correct spot. For Streptomycin, usually given intra muscularly, use a thin needle (23/24 guage) and select a spot on the upper, outer thigh (no major nerves or blood vessels there). Clean the area with antiseptic before injection, and after. Make sure to inject deeply (a different kind of pain is felt when the needle enters the muscle - contrasted to the 'prick' when it pierces the skin)."
2,,I need the box score from the April 15 game I believe the score was 5 to 4 if anyone can provide it for me I would appreciate it....
1,,"on wednesday morning, another driver decided to illegally turn left in front of me, doing great damage to my car (Honda Civic). i have yet to pay off the car, and the body shop says the insurance company wants to total the car. i haven't been able to get in touch with the person handling my claim, so i checked on some things: 1) my payout is $3700.00 2) Blue Book retail is $5650.00 3) loan value is $4450.00 4) trade-in value is $4000.00 could anyone give me any advice on what i should/could do if the insurance company does not give me a reasonable amount for the loss of the car. thanks, james baker"
2,,"[...details deleted...] Oh, great. We fans can subsidize the cost of speeding up the games that we don't want to see sped up. Terrific. Oh. I forgot. Checking off that box to finance Presidential campaigns doesn't cost us taxpayers anything. Do you believe in the Tooth Fairy, too? -- The Beastmaster (sorry. I hate to be so sarcastic on such a beautiful day.)"
1,,You must be _incredibly_ bored. Have you considered reading the phone book?
2,,"Make that ten, not eight. The Mets and Astros joined the N.L. in 1962."
4,,"This might a real wierd idea or maybe not.. I have seen where people have blown up ballons then sprayed material into them that then drys and makes hard walls... Why not do the same thing for a space station.. Fly up the docking rings and baloon materials and such, blow up the baloons, spin then around (I know a problem in micro gravity) let them dry/cure/harden? and cut a hole for the docking/attaching ring and bingo a space station.. Of course the ballons would have to be foil covered or someother radiation protective covering/heat shield(?) and the material used to make the wals would have to meet the out gasing and other specs or atleast the paint/covering of the inner wall would have to be human safe.. Maybe a special congrete or maybe the same material as makes caplets but with some changes (saw where someone instea dof water put beer in the caplet mixture, got a mix that was just as strong as congret but easier to carry around and such..) Sorry for any spelling errors, I missed school today.. (grin).. Why musta space station be so difficult?? why must we have girders? why be confined to earth based ideas, lets think new ideas, after all space is not earth, why be limited by earth based ideas??"
5,,"I'd hardly call that ""giving up his chance to be Vice President of the US""; the chance of the Populist Party ticket winning is essentially nil. Still, it does imply that he doesn't want to be associated with Duke."
0,,A while back someone had several equations which could be used for changing 3 f iltered grey scale images into one true color image. This is possible because it's the same theory used by most color scanners. I am not looking for the obv ious solution which is to buy a color scanner but what I do need is those equat ions becasue I am starting to write software which will automate the conversion process. I would really appreciate it if someone would repost the 3 equations /3 unknowns. Thanks for the help!!!
3,,"I don't think there is a general distinction. Rather, there are two classes of chronic hepatitis: chronic active hepatitis and chronic persistent hepatitis. I can't think of any other disease where the term persistent is used with or in preference to chronic. Much as these two terms ""chronic active"" and ""chronic persistent"" sound fuzzy, the actual distinction between the two conditions is often fairly fuzzy as well."
1,,"I'm no mustang head, but don't the early ones have a simple strut suspension (that is, with no upper A-arm)? Just a strut going down to a lower control arm (single bushing: not an A-arm), with a tension/compression rod locating it in the forward/backward direction? Anyway, simple strut suspensions like this can be lowered just by using shorter springs, cutting the springs, lowering the spring perch or shortening the strut below the perch. In each of these cases, the suspension geometry will suffer because the lower control arms will not be at the intended angle. A spacer placed between control arm and the bottom of the strut (roughly the height of the reduction) will restore the suspension geometry. IMHO, the kit that includes the spacer is the only way to go... --Ken"
1,,"I had a '82 Saab 900 Turbo, and now have a '87 BMW 325is There is no comparison for handling, reliability, or overall quality of engineering. The BMW wins hands down. After 5 years I was sick and tired of the all the little problems and entropic decay of the SAAB. The 6-year old BMW is still as sweet as it was new. But I see you are posting from western MA. BMW's **SUCK** in the snow. I have aggressive snows, plus a hundred pounds of sand in the back, and I still try to avoid driving in the snow. I happily took the SAAB through blizzard conditions without a worry. I would say this is the single design flaw in the BMW."
3,,"True.. but what about showing the missing part of a leaf? Is this ""corona discharge""?"
1,,"I can't tell if Matt is being sarcastic here or not, but to be honest, many automobiles are worth far more to their owners (in $$ value and $$ investment) than the people that would take them. I don't have figures on average property tax in the U.S. or how much of it is allocated for housing projects, inferior public schools, jails, or the like, but I have a feeling that the amount the government steals from an honest, productive citizen to breed this trash is significantly less than the value of many automobiles. And for those who will argue that the animals out there stealing cars and everything else (not to mention committing COMPLETELY senseless acts of violence, such as rape) cannot be valued in terms of money because they are human beings, I submit that they are not human beings. Jim Callison, I think, is on the right track. And Chintan Amin remarked earlier that we cannot blame environment for the actions of a single criminal. I couldn't agree more. One could trace any crime back to the environment/upbringing of the criminal; should we let all of them out, from pickpockets to rapists to inside traders, because what they did wasn't their fault? Where does one draw the line? $0.02"
2,,"The same Bill James? Why do you say that? It sounds like you're suggesting Bill James had something to do with overhyping the kid to death. Au contraire; he was fairly critical of him after his ROY campaign, noting that he wasn't all-world as a catcher or a hitter. He called him basically average when everyone *else* in the media was predicting the next Johnny Bench or Roy Campanella. Which reports are those? I like Hernandez a lot, but if Piazza can catch the ball, you've gotta play him IMHO. He's a much better hitter, although Hernandez isn't a *bad* hitter. Right now, it sounds like Piazza will catch most of the time and Hernandez will be Candiotti's caddy since he can catch the knuckler. As long as they play up to their abilities, the Dodgers could have a very good catching tandem. I think both are overrated defensively (see Nichols' Law of catcher defense), but that's something that's difficult to prove or disprove from your viewpoint or mine. About the only tangible thing we can look at is opponent's SB%, and that's clouded by how well your pitchers hold runners. Catchers ERA is a possibility, but it's subject to way too many biases. As for them 'playing on a team that is not so much in need of another big bat', I disagree here too. About the only chink in the Braves' armor is that they're weak offensively at several positions (CF, C, 2B, SS if Belliard plays, 1B unless Bream and Hunter form another super-platoon) and very weak defensively if Blauser plays. I'd like to see the Braves give at least one of Mel Nieves, Javy Lopez or Chipper Jones a shot, but much like the talent-rich Jays of recent years they'll be conservative and stick with what they have. I'm not saying that's wrong, just conservative."
1,,IS there a simple way tooput these sunroofs out of their misery - do leaks tend to be from old gaskets ? or from inadequate mechanical seals - or all of the above ?? is there any way to halt the rain ? thanks hk
0,,A book that I can somewhat recommend is : Pratical Image Processing in C by Craig A. Lindley published by Wiley
4,,"Archive-name: space/probe Last-modified: $Date: 93/04/01 14:39:19 $ PLANETARY PROBES - HISTORICAL MISSIONS This section was lightly adapted from an original posting by Larry Klaes (klaes@verga.enet.dec.com), mostly minor formatting changes. Matthew Wiener (weemba@libra.wistar.upenn.edu) contributed the section on Voyager, and the section on Sakigake was obtained from ISAS material posted by Yoshiro Yamada (yamada@yscvax.ysc.go.jp). US PLANETARY MISSIONS MARINER (VENUS, MARS, & MERCURY FLYBYS AND ORBITERS) MARINER 1, the first U.S. attempt to send a spacecraft to Venus, failed minutes after launch in 1962. The guidance instructions from the ground stopped reaching the rocket due to a problem with its antenna, so the onboard computer took control. However, there turned out to be a bug in the guidance software, and the rocket promptly went off course, so the Range Safety Officer destroyed it. Although the bug is sometimes claimed to have been an incorrect FORTRAN DO statement, it was actually a transcription error in which the bar (indicating smoothing) was omitted from the expression ""R-dot-bar sub n"" (nth smoothed value of derivative of radius). This error led the software to treat normal minor variations of velocity as if they were serious, leading to incorrect compensation. MARINER 2 became the first successful probe to flyby Venus in December of 1962, and it returned information which confirmed that Venus is a very hot (800 degrees Fahrenheit, now revised to 900 degrees F.) world with a cloud-covered atmosphere composed primarily of carbon dioxide (sulfuric acid was later confirmed in 1978). MARINER 3, launched on November 5, 1964, was lost when its protective shroud failed to eject as the craft was placed into interplanetary space. Unable to collect the Sun's energy for power from its solar panels, the probe soon died when its batteries ran out and is now in solar orbit. It was intended for a Mars flyby with MARINER 4. MARINER 4, the sister probe to MARINER 3, did reach Mars in 1965 and took the first close-up images of the Martian surface (22 in all) as it flew by the planet. The probe found a cratered world with an atmosphere much thinner than previously thought. Many scientists concluded from this preliminary scan that Mars was a ""dead"" world in both the geological and biological sense. MARINER 5 was sent to Venus in 1967. It reconfirmed the data on that planet collected five years earlier by MARINER 2, plus the information that Venus' atmospheric pressure at its surface is at least 90 times that of Earth's, or the equivalent of being 3,300 feet under the surface of an ocean. MARINER 6 and 7 were sent to Mars in 1969 and expanded upon the work done by MARINER 4 four years earlier. However, they failed to take away the concept of Mars as a ""dead"" planet, first made from the basic measurements of MARINER 4. MARINER 8 ended up in the Atlantic Ocean in 1971 when the rocket launcher autopilot failed. MARINER 9, the sister probe to MARINER 8, became the first craft to orbit Mars in 1971. It returned information on the Red Planet that no other probe had done before, revealing huge volcanoes on the Martian surface, as well as giant canyon systems, and evidence that water once flowed across the planet. The probe also took the first detailed closeup images of Mars' two small moons, Phobos and Deimos. MARINER 10 used Venus as a gravity assist to Mercury in 1974. The probe did return the first close-up images of the Venusian atmosphere in ultraviolet, revealing previously unseen details in the cloud cover, plus the fact that the entire cloud system circles the planet in four Earth days. MARINER 10 eventually made three flybys of Mercury from 1974 to 1975 before running out of attitude control gas. The probe revealed Mercury as a heavily cratered world with a mass much greater than thought. This would seem to indicate that Mercury has an iron core which makes up 75 percent of the entire planet. PIONEER (MOON, SUN, VENUS, JUPITER, and SATURN FLYBYS AND ORBITERS) PIONEER 1 through 3 failed to meet their main objective - to photograph the Moon close-up - but they did reach far enough into space to provide new information on the area between Earth and the Moon, including new data on the Van Allen radiation belts circling Earth. All three craft had failures with their rocket launchers. PIONEER 1 was launched on October 11, 1958, PIONEER 2 on November 8, and PIONEER 3 on December 6. PIONEER 4 was a Moon probe which missed the Moon and became the first U.S. spacecraft to orbit the Sun in 1959. PIONEER 5 was originally designed to flyby Venus, but the mission was scaled down and it instead studied the interplanetary environment between Venus and Earth out to 36.2 million kilometers in 1960, a record until MARINER 2. PIONEER 6 through 9 were placed into solar orbit from 1965 to 1968: PIONEER 6, 7, and 8 are still transmitting information at this time. PIONEER E (would have been number 10) suffered a launch failure in 1969. PIONEER 10 became the first spacecraft to flyby Jupiter in 1973. PIONEER 11 followed it in 1974, and then went on to become the first probe to study Saturn in 1979. Both vehicles should continue to function through 1995 and are heading off into interstellar space, the first craft ever to do so. PIONEER Venus 1 (1978) (also known as PIONEER Venus Orbiter, or PIONEER 12) burned up in the Venusian atmosphere on October 8, 1992. PVO made the first radar studies of the planet's surface via probe. PIONEER Venus 2 (also known as PIONEER 13) sent four small probes into the atmosphere in December of 1978. The main spacecraft bus burned up high in the atmosphere, while the four probes descended by parachute towards the surface. Though none were expected to survive to the surface, the Day probe did make it and transmitted for 67.5 minutes on the ground before its batteries failed. RANGER (LUNAR LANDER AND IMPACT MISSIONS) RANGER 1 and 2 were test probes for the RANGER lunar impact series. They were meant for high Earth orbit testing in 1961, but rocket problems left them in useless low orbits which quickly decayed. RANGER 3, launched on January 26, 1962, was intended to land an instrument capsule on the surface of the Moon, but problems during the launch caused the probe to miss the Moon and head into solar orbit. RANGER 3 did try to take some images of the Moon as it flew by, but the camera was unfortunately aimed at deep space during the attempt. RANGER 4, launched April 23, 1962, had the same purpose as RANGER 3, but suffered technical problems enroute and crashed on the lunar farside, the first U.S. probe to reach the Moon, albeit without returning data. RANGER 5, launched October 18, 1962 and similar to RANGER 3 and 4, lost all solar panel and battery power enroute and eventually missed the Moon and drifted off into solar orbit. RANGER 6 through 9 had more modified lunar missions: They were to send back live images of the lunar surface as they headed towards an impact with the Moon. RANGER 6 failed this objective in 1964 when its cameras did not operate. RANGER 7 through 9 performed well, becoming the first U.S. lunar probes to return thousands of lunar images through 1965. LUNAR ORBITER (LUNAR SURFACE PHOTOGRAPHY) LUNAR ORBITER 1 through 5 were designed to orbit the Moon and image various sites being studied as landing areas for the manned APOLLO missions of 1969-1972. The probes also contributed greatly to our understanding of lunar surface features, particularly the lunar farside. All five probes of the series, launched from 1966 to 1967, were essentially successful in their missions. They were the first U.S. probes to orbit the Moon. All LOs were eventually crashed into the lunar surface to avoid interference with the manned APOLLO missions. SURVEYOR (LUNAR SOFT LANDERS) The SURVEYOR series were designed primarily to see if an APOLLO lunar module could land on the surface of the Moon without sinking into the soil (before this time, it was feared by some that the Moon was covered in great layers of dust, which would not support a heavy landing vehicle). SURVEYOR was successful in proving that the lunar surface was strong enough to hold up a spacecraft from 1966 to 1968. Only SURVEYOR 2 and 4 were unsuccessful missions. The rest became the first U.S. probes to soft land on the Moon, taking thousands of images and scooping the soil for analysis. APOLLO 12 landed 600 feet from SURVEYOR 3 in 1969 and returned parts of the craft to Earth. SURVEYOR 7, the last of the series, was a purely scientific mission which explored the Tycho crater region in 1968. VIKING (MARS ORBITERS AND LANDERS) VIKING 1 was launched from Cape Canaveral, Florida on August 20, 1975 on a TITAN 3E-CENTAUR D1 rocket. The probe went into Martian orbit on June 19, 1976, and the lander set down on the western slopes of Chryse Planitia on July 20, 1976. It soon began its programmed search for Martian micro-organisms (there is still debate as to whether the probes found life there or not), and sent back incredible color panoramas of its surroundings. One thing scientists learned was that Mars' sky was pinkish in color, not dark blue as they originally thought (the sky is pink due to sunlight reflecting off the reddish dust particles in the thin atmosphere). The lander set down among a field of red sand and boulders stretching out as far as its cameras could image. The VIKING 1 orbiter kept functioning until August 7, 1980, when it ran out of attitude-control propellant. The lander was switched into a weather-reporting mode, where it had been hoped it would keep functioning through 1994; but after November 13, 1982, an errant command had been sent to the lander accidentally telling it to shut down until further orders. Communication was never regained again, despite the engineers' efforts through May of 1983. An interesting side note: VIKING 1's lander has been designated the Thomas A. Mutch Memorial Station in honor of the late leader of the lander imaging team. The National Air and Space Museum in Washington, D.C. is entrusted with the safekeeping of the Mutch Station Plaque until it can be attached to the lander by a manned expedition. VIKING 2 was launched on September 9, 1975, and arrived in Martian orbit on August 7, 1976. The lander touched down on September 3, 1976 in Utopia Planitia. It accomplished essentially the same tasks as its sister lander, with the exception that its seisometer worked, recording one marsquake. The orbiter had a series of attitude-control gas leaks in 1978, which prompted it being shut down that July. The lander was shut down on April 12, 1980. The orbits of both VIKING orbiters should decay around 2025. VOYAGER (OUTER PLANET FLYBYS) VOYAGER 1 was launched September 5, 1977, and flew past Jupiter on March 5, 1979 and by Saturn on November 13, 1980. VOYAGER 2 was launched August 20, 1977 (before VOYAGER 1), and flew by Jupiter on August 7, 1979, by Saturn on August 26, 1981, by Uranus on January 24, 1986, and by Neptune on August 8, 1989. VOYAGER 2 took advantage of a rare once-every-189-years alignment to slingshot its way from outer planet to outer planet. VOYAGER 1 could, in principle, have headed towards Pluto, but JPL opted for the sure thing of a Titan close up. Between the two probes, our knowledge of the 4 giant planets, their satellites, and their rings has become immense. VOYAGER 1&2 discovered that Jupiter has complicated atmospheric dynamics, lightning and aurorae. Three new satellites were discovered. Two of the major surprises were that Jupiter has rings and that Io has active sulfurous volcanoes, with major effects on the Jovian magnetosphere. When the two probes reached Saturn, they discovered over 1000 ringlets and 7 satellites, including the predicted shepherd satellites that keep the rings stable. The weather was tame compared with Jupiter: massive jet streams with minimal variance (a 33-year great white spot/band cycle is known). Titan's atmosphere was smoggy. Mimas' appearance was startling: one massive impact crater gave it the Death Star appearance. The big surprise here was the stranger aspects of the rings. Braids, kinks, and spokes were both unexpected and difficult to explain. VOYAGER 2, thanks to heroic engineering and programming efforts, continued the mission to Uranus and Neptune. Uranus itself was highly monochromatic in appearance. One oddity was that its magnetic axis was found to be highly skewed from the already completely skewed rotational axis, giving Uranus a peculiar magnetosphere. Icy channels were found on Ariel, and Miranda was a bizarre patchwork of different terrains. 10 satellites and one more ring were discovered. In contrast to Uranus, Neptune was found to have rather active weather, including numerous cloud features. The ring arcs turned out to be bright patches on one ring. Two other rings, and 6 other satellites, were discovered. Neptune's magnetic axis was also skewed. Triton had a canteloupe appearance and geysers. (What's liquid at 38K?) The two VOYAGERs are expected to last for about two more decades. Their on-target journeying gives negative evidence about possible planets beyond Pluto. Their next major scientific discovery should be the location of the heliopause. SOVIET PLANETARY MISSIONS Since there have been so many Soviet probes to the Moon, Venus, and Mars, I will highlight only the primary missions: SOVIET LUNAR PROBES LUNA 1 - Lunar impact attempt in 1959, missed Moon and became first craft in solar orbit. LUNA 2 - First craft to impact on lunar surface in 1959. LUNA 3 - Took first images of lunar farside in 1959. ZOND 3 - Took first images of lunar farside in 1965 since LUNA 3. Was also a test for future Mars missions. LUNA 9 - First probe to soft land on the Moon in 1966, returned images from surface. LUNA 10 - First probe to orbit the Moon in 1966. LUNA 13 - Second successful Soviet lunar soft landing mission in 1966. ZOND 5 - First successful circumlunar craft. ZOND 6 through 8 accomplished similar missions through 1970. The probes were unmanned tests of a manned orbiting SOYUZ-type lunar vehicle. LUNA 16 - First probe to land on Moon and return samples of lunar soil to Earth in 1970. LUNA 20 accomplished similar mission in 1972. LUNA 17 - Delivered the first unmanned lunar rover to the Moon's surface, LUNOKHOD 1, in 1970. A similar feat was accomplished with LUNA 21/LUNOKHOD 2 in 1973. LUNA 24 - Last Soviet lunar mission to date. Returned soil samples in 1976. SOVIET VENUS PROBES VENERA 1 - First acknowledged attempt at Venus mission. Transmissions lost enroute in 1961. VENERA 2 - Attempt to image Venus during flyby mission in tandem with VENERA 3. Probe ceased transmitting just before encounter in February of 1966. No images were returned. VENERA 3 - Attempt to place a lander capsule on Venusian surface. Transmissions ceased just before encounter and entire probe became the first craft to impact on another planet in 1966. VENERA 4 - First probe to successfully return data while descending through Venusian atmosphere. Crushed by air pressure before reaching surface in 1967. VENERA 5 and 6 mission profiles similar in 1969. VENERA 7 - First probe to return data from the surface of another planet in 1970. VENERA 8 accomplished a more detailed mission in 1972. VENERA 9 - Sent first image of Venusian surface in 1975. Was also the first probe to orbit Venus. VENERA 10 accomplished similar mission. VENERA 13 - Returned first color images of Venusian surface in 1982. VENERA 14 accomplished similar mission. VENERA 15 - Accomplished radar mapping with VENERA 16 of sections of planet's surface in 1983 more detailed than PVO. VEGA 1 - Accomplished with VEGA 2 first balloon probes of Venusian atmosphere in 1985, including two landers. Flyby buses went on to become first spacecraft to study Comet Halley close-up in March of 1986. SOVIET MARS PROBES MARS 1 - First acknowledged Mars probe in 1962. Transmissions ceased enroute the following year. ZOND 2 - First possible attempt to place a lander capsule on Martian surface. Probe signals ceased enroute in 1965. MARS 2 - First Soviet Mars probe to land - albeit crash - on Martian surface. Orbiter section first Soviet probe to circle the Red Planet in 1971. MARS 3 - First successful soft landing on Martian surface, but lander signals ceased after 90 seconds in 1971. MARS 4 - Attempt at orbiting Mars in 1974, braking rockets failed to fire, probe went on into solar orbit. MARS 5 - First fully successful Soviet Mars mission, orbiting Mars in 1974. Returned images of Martian surface comparable to U.S. probe MARINER 9. MARS 6 - Landing attempt in 1974. Lander crashed into the surface. MARS 7 - Lander missed Mars completely in 1974, went into a solar orbit with its flyby bus. PHOBOS 1 - First attempt to land probes on surface of Mars' largest moon, Phobos. Probe failed enroute in 1988 due to human/computer error. PHOBOS 2 - Attempt to land probes on Martian moon Phobos. The probe did enter Mars orbit in early 1989, but signals ceased one week before scheduled Phobos landing. While there has been talk of Soviet Jupiter, Saturn, and even interstellar probes within the next thirty years, no major steps have yet been taken with these projects. More intensive studies of the Moon, Mars, Venus, and various comets have been planned for the 1990s, and a Mercury mission to orbit and land probes on the tiny world has been planned for 2003. How the many changes in the former Soviet Union (now the Commonwealth of Independent States) will affect the future of their space program remains to be seen. JAPANESE PLANETARY MISSIONS SAKIGAKE (MS-T5) was launched from the Kagoshima Space Center by ISAS on January 8 1985, and approached Halley's Comet within about 7 million km on March 11, 1986. The spacecraft is carrying three instru- ments to measure interplanetary magnetic field/plasma waves/solar wind, all of which work normally now, so ISAS made an Earth swingby by Sakigake on January 8, 1992 into an orbit similar to the earth's. The closest approach was at 23h08m47s (JST=UTC+9h) on January 8, 1992. The geocentric distance was 88,997 km. This is the first planet-swingby for a Japanese spacecraft. During the approach, Sakigake observed the geotail. Some geotail passages will be scheduled in some years hence. The second Earth-swingby will be on June 14, 1993 (at 40 Re (Earth's radius)), and the third October 28, 1994 (at 86 Re). HITEN, a small lunar probe, was launched into Earth orbit on January 24, 1990. The spacecraft was then known as MUSES-A, but was renamed to Hiten once in orbit. The 430 lb probe looped out from Earth and made its first lunary flyby on March 19, where it dropped off its 26 lb midget satellite, HAGOROMO. Japan at this point became the third nation to orbit a satellite around the Moon, joining the Unites States and USSR. The smaller spacecraft, Hagoromo, remained in orbit around the Moon. An apparently broken transistor radio caused the Japanese space scientists to lose track of it. Hagoromo's rocket motor fired on schedule on March 19, but the spacecraft's tracking transmitter failed immediately. The rocket firing of Hagoromo was optically confirmed using the Schmidt camera (105-cm, F3.1) at the Kiso Observatory in Japan. Hiten made multiple lunar flybys at approximately monthly intervals and performed aerobraking experiments using the Earth's atmosphere. Hiten made a close approach to the moon at 22:33 JST (UTC+9h) on February 15, 1992 at the height of 423 km from the moon's surface (35.3N, 9.7E) and fired its propulsion system for about ten minutes to put the craft into lunar orbit. The following is the orbital calculation results after the approach: Apoapsis Altitude: about 49,400 km Periapsis Altitude: about 9,600 km Inclination : 34.7 deg (to ecliptic plane) Period : 4.7 days PLANETARY MISSION REFERENCES I also recommend reading the following works, categorized in three groups: General overviews, specific books on particular space missions, and periodical sources on space probes. This list is by no means complete; it is primarily designed to give you places to start your research through generally available works on the subject. If anyone can add pertinent works to the list, it would be greatly appreciated. Though naturally I recommend all the books listed below, I think it would be best if you started out with the general overview books, in order to give you a clear idea of the history of space exploration in this area. I also recommend that you pick up some good, up-to-date general works on astronomy and the Sol system, to give you some extra background. Most of these books and periodicals can be found in any good public and university library. Some of the more recently published works can also be purchased in and/or ordered through any good mass- market bookstore. General Overviews (in alphabetical order by author): J. Kelly Beatty et al, THE NEW SOLAR SYSTEM, 1990. Merton E. Davies and Bruce C. Murray, THE VIEW FROM SPACE: PHOTOGRAPHIC EXPLORATION OF THE PLANETS, 1971 Kenneth Gatland, THE ILLUSTRATED ENCYCLOPEDIA OF SPACE TECHNOLOGY, 1990 Kenneth Gatland, ROBOT EXPLORERS, 1972 R. Greeley, PLANETARY LANDSCAPES, 1987 Douglas Hart, THE ENCYCLOPEDIA OF SOVIET SPACECRAFT, 1987 Nicholas L. Johnson, HANDBOOK OF SOVIET LUNAR AND PLANETARY EXPLORATION, 1979 Clayton R. Koppes, JPL AND THE AMERICAN SPACE PROGRAM: A HISTORY OF THE JET PROPULSION LABORATORY, 1982 Richard S. Lewis, THE ILLUSTRATED ENCYCLOPEDIA OF THE UNIVERSE, 1983 Mark Littman, PLANETS BEYOND: DISCOVERING THE OUTER SOLAR SYSTEM, 1988 Eugene F. Mallove and Gregory L. Matloff, THE STARFLIGHT HANDBOOK: A PIONEER'S GUIDE TO INTERSTELLAR TRAVEL, 1989 Frank Miles and Nicholas Booth, RACE TO MARS: THE MARS FLIGHT ATLAS, 1988 Bruce Murray, JOURNEY INTO SPACE, 1989 Oran W. Nicks, FAR TRAVELERS, 1985 (NASA SP-480) James E. Oberg, UNCOVERING SOVIET DISASTERS: EXPLORING THE LIMITS OF GLASNOST, 1988 Carl Sagan, COMET, 1986 Carl Sagan, THE COSMIC CONNECTION, 1973 Carl Sagan, PLANETS, 1969 (LIFE Science Library) Arthur Smith, PLANETARY EXPLORATION: THIRTY YEARS OF UNMANNED SPACE PROBES, 1988 Andrew Wilson, (JANE'S) SOLAR SYSTEM LOG, 1987 Specific Mission References: Charles A. Cross and Patrick Moore, THE ATLAS OF MERCURY, 1977 (The MARINER 10 mission to Venus and Mercury, 1973-1975) Joel Davis, FLYBY: THE INTERPLANETARY ODYSSEY OF VOYAGER 2, 1987 Irl Newlan, FIRST TO VENUS: THE STORY OF MARINER 2, 1963 Margaret Poynter and Arthur L. Lane, VOYAGER: THE STORY OF A SPACE MISSION, 1984 Carl Sagan, MURMURS OF EARTH, 1978 (Deals with the Earth information records placed on VOYAGER 1 and 2 in case the probes are found by intelligences in interstellar space, as well as the probes and planetary mission objectives themselves.) Other works and periodicals: NASA has published very detailed and technical books on every space probe mission it has launched. Good university libraries will carry these books, and they are easily found simply by knowing which mission you wish to read about. I recommend these works after you first study some of the books listed above. Some periodicals I recommend for reading on space probes are NATIONAL GEOGRAPHIC, which has written articles on the PIONEER probes to Earth's Moon Luna and the Jovian planets Jupiter and Saturn, the RANGER, SURVEYOR, LUNAR ORBITER, and APOLLO missions to Luna, the MARINER missions to Mercury, Venus, and Mars, the VIKING probes to Mars, and the VOYAGER missions to Jupiter, Saturn, Uranus, and Neptune. More details on American, Soviet, European, and Japanese probe missions can be found in SKY AND TELESCOPE, ASTRONOMY, SCIENCE, NATURE, and SCIENTIFIC AMERICAN magazines. TIME, NEWSWEEK, and various major newspapers can supply not only general information on certain missions, but also show you what else was going on with Earth at the time events were unfolding, if that is of interest to you. Space missions are affected by numerous political, economic, and climatic factors, as you probably know. Depending on just how far your interest in space probes will go, you might also wish to join The Planetary Society, one of the largest space groups in the world dedicated to planetary exploration. Their periodical, THE PLANETARY REPORT, details the latest space probe missions. Write to The Planetary Society, 65 North Catalina Avenue, Pasadena, California 91106 USA. Good luck with your studies in this area of space exploration. I personally find planetary missions to be one of the more exciting areas in this field, and the benefits human society has and will receive from it are incredible, with many yet to be realized. Larry Klaes klaes@verga.enet.dec.com"
2,,"This is a phenomenon known around work as ready-fire-aim. I am astounded at the number of times people post strong opinions about things they not only don't understand but publicly admit to not understanding. In fact, there's a plausible argument that saves are a more rational stat than wins. For the record, there are two ways that a reliever can get a save: He must finish the game and either 1. have entered the game with the tying run on base, at bat, or on deck. 2. have pitched at least three innings effectively. A pitcher may not get a win and a save in the same game. But this is an argument that *wins* is a dumb stat, not saves. This again doesn't support your claim about saves at the beginning of your post. Mike Jones | AIX High-End Development | mjones@donald.aix.kingston.ibm.com"
4,,"Great speculation - I remember being proud on behalf of all the free world (you think that way when you are seven years old) that we had got there first. Now I'm almost sorry that it worked out that way. I guess the soviets would have taken the victory seriously too, and would almost certainly not have fallen victim to the complacency that overtook the US program. Perhaps stretching to match US efforts would have destabilized them sooner than it did in fact - and in the tradition of Marvel Comics 'What If', this destabilization in the Brezhnev era might have triggered the third world war. Hmm, maybe it was a giant leap after all."
3,,"All true. And all good points. Well, making a career out of it is a bit strong. I still believe that doing your own research is very, very necessary. I would not have progressed as much as I have today, unless I had spent the many hours in Stanford's Med Library as I have done. And 5 years ago, it was clear that there was no medicine that would help me. So should I have stopped searching. Thank goodness I didn't. Now I found that there is indeed medicine that helps me. I think that what you've said is kind of idealistic. That you would go to one doctor, get a diagnosis, maybe get a second opinion, and then move on with your life. Just as an example... having seen 6 of the top specialists in this field in the country, I have received 6 different diagnoses. These are the top names, the ones that people come to from all over the country. I have HAD to sort all of this out myself. Going to a support group (and in fact, HEADING that support group) was helpful for a while, but after a point, I found it very unproductive. It was much more productive to do library research, make phone calls and put together the pieces of the puzzle myself. A recent movie, Lorenzo's Oil, offers a perfect example of what I'm talking about. If you haven't seen it, you should. It's not a put down of doctor's and neither is what I'm saying. Doctors are only human and can only do so much. But there are those of us out here who are intelligent and able to sometimes find a missing piece of the puzzle that might have otherwise gone unnoticed. I guess I'm biased because dizziness is one of those weird things that is still so unknown. If I had a broken arm, or a weak heart, or failing kidneys, I might not have the same opinion. That's because those things are much more tangible and have much more concise definitions and treatments. With dizziness, you just have to decide to live with it or decide to live with it while trying to find your way out of it. I have chosen the latter. Linda lindae@netcom.netcom.com"
3,,"My 6 year son is so plagued. Lots of vaseline up his nose each night seems to keep it under control. But let him get bopped there, and he'll recur for days! Also allergies, colds, dry air all seem to contribute. But again, the vaseline, or A&D ointment, or neosporin all seem to keep them from recurring."
1,,"Can taking the car to a car wash hurt the car's finish? And if so, is it better to hand wash it about once a month, or just take it to the car wash anyway? Are detailing places worth the money? if i do a good, careful job on washing and waxing, is a detail place going to be worth it? reply to my email address: pfk1@crux1.cit.cornell.edu pk4"
4,,"If Comet Shoemaker-Levy 1993e is in Jovian orbit, and if the comet is still hanging around when Galileo arrives, then I'm sure it will be added to the list of targets. We'll have by then over two years of Earth-based observations to help narrow down the positions of the pieces of the comet. It probably won't be too much different than what was done with Gaspra. Galileo did not image Toutatis. That came from Earth-based radar."
4,,I just got out of the Army. Go signal corps or Intelligence; photointelligence interpretation. If you go ADA you might get to play with rockets but space will look pretty far away dug in the mud next to a grunt protecting the foward troops from low flying objects. Good Luck
0,,"There are several CRT-to-film writers around. Agfa has some, they also might be called Matrix?, and I am pretty sure other companies sell the same equipment. You might want to talk to any company in your area that does presentation slides or offers graphics services. They should have those machines and they might point you to a local vendor. From there on it's all a question of money. They units are essentially high res CRTs plus a filter wheel plus a 35mm camera and a computer hook-up. Reiner"
5,,Why? Either the numerator or the denominator could fluctuate. The dollar value of a gun would (of course) go up if supply were restricted. The weight of a gun might go down significantly as technology improved. I don't think you have a basis to assert this.
5,,"""Widely reported"", eh? Remember, this has had a news blackout since day 2. The FBI is the single, sole, source of these rumors. It may be the truth, but it may not be. We may never know. We MUST question it, though. Why no media coverare? What were they hiding? It would seem so. They would still be alive, today. Another day is another chance. action? I think it contributed to the outcome. Folks that are sleep deprived tend not to think clearly I feel strongly they were NOT proper. As expected. If it had come out well, he would not have hesitated to take full credit. Jim -- jmd@handheld.com"
3,,"To: milsh@nmr-z.mgh.harvard.edu (Alex Milshteyn) AM> Having said that, i might add, that in MHO, MSG does not enhance AM> flavor enoughf for me to miss it. When I go to chinese places, AM> I order food without MSG. To me, MSG tastes just like a mixture of salt and sugar. I don't think that is the case with most people. What does it taste like to you?"
1,,"From article <1r8uckINNcmf@gap.caltech.edu>, by wen-king@cs.caltech.edu (Wen-King Su): --Yes, it does come with the Maxima GXE engine mated to the Maxima SE transmission. And it has decent power for a minivan also. Check again. --Aamir Qazi --"
4,,"Well, here goes. The first item of business is to establish the importance space life sciences in the whole of scheme of humankind. I mean compared to football and baseball, the average joe schmoe doesn't seem interested or even curious about spaceflight. I think that this forum can make a major change in that lack of insight and education. All of us, in our own way, can contribute to a comprehensive document which can be released to the general public around the world. The document would scientifically analyze the technical aspects of long term human habitation in space. I believe that if any long-term space exploration program is to succeed we need to basically learn how to engineer our own microworld (i.e. the spacecraft). Only through the careful analyses of engineering, chemical, biological, and medical factors will a good ecosystem be created to facilitate human life on a long-duration flight. So, I would like to see posts of opinions regarding the most objective methods to analyze the accepted scientific literature for technologies which can be applied to long-duration spaceflight. Such a detailed literature search would be of interest to ourselves as space advocates and clearly important to existing space programs. In essence, we would be dividing the space life science issues into various technical problems which could be solved with various technologies. This database of acceptable solutions to various problems could form the basis of detailed discussions involving people from the bionet, isunet, and any other source!"
1,,"Yes. But the point is that prices are competetive. Saturn may well be selling a car intended on giving the dealer a $2000 profit, but since a comperable Honda with $500 profit is more expensive, it may be well worth it to buy the Saturn. Not necessarily. It seems to me that Saturn salesdroids, who don't make a commision, whereas their counterparts at other dealerships generally do, make more $$ per hour or whatever. This means that Saturn doesn't give up the profit to their employees through commision, which IS taken out of per- car profits. They just pass it along to less pressureing salesmen/women. Maybe. Maybe not. Depends on accounting practices. I'd rather pay more for dealer service that doesn't cut corners to contain costs... $2/100 CKA '87 (Carolina) Blue Honda Civic DX"
3,,"If she is having problems with fresh vegetables, the guess is that there is some obstruction of the intestine. Without knowing more it is not possible to say whether the obstruction is permanent due to scarring, or temporary due to swelling of inflammed intestine. In general, there are no dietary limitations in patients with Crohn's except as they relate to obstruction. There is no evidence that any foods will bring on recurrence of Crohn's. It is important to distinguish recurrence from recurrent symptoms. A physician would think of new inflammation as recurrence, while pains from raw veggies just imply a narrowing of the intestine. Your friend should look into membership in the Crohn's and Colitis Foundation of America. 1-800-932-2423 Good luck to your friend."
0,,"[snip] (the 3DO is not a 68000!!!) [snip] The 3DO box is based on an ARM RISC processor, one or two custom graphics chips, a DSP, a double-speed CDROM, and 2MB of RAM/VRAM. (I'm a little fuzzy on the breakdown of the graphics chips and RAM/VRAM capacity). It was demonstrated at a recent gathering at the Electronic Cafe in Santa Monica, CA. From 3DO, RJ Mical (of Amiga/Lynx fame) and Hal Josephson (sp?) were there to talk about the machine and their plan. We got to see the unit displaying full-screen movies using the CompactVideo codec (which was nice, very little blockiness showing clips from Jaws and Backdraft) ... and a very high frame rate to boot (like 30fps). Note however that the 3DO's screen resolution is 320x240. CompactVideo is pretty amazing... I also wanted to point out that QuickTime does indeed slow down when one dynamically resizes material as was stated above... I'm sure if the material had been compressed at the large size then it would play back fine (I have a Q950 and do this quite a bit). The price of generality... personally I don't use the dynamic sizing of movies often, if ever. But playing back stuff at its original size is plenty quick on the latest 040 machines. I'm not sure how a Centris/20MHz 040 stacks up against the 25 MHz ARM in the 3DO box. Obviously the ARM is faster, but how much?"
5,,"What interpretations? Just read it as it's written. ""A well-regulated militia, being necessary to the security of a free state, the right of the people, to keep and bear arms, shall not be infringed."" Where does it say ""The right of the people to be members of a militia shall not be infringed"" or ""The right of the militia to keep and bear arms shall not be infringed?"" NOWHERE. ""Well-educated businessmen being necessary to the ability of the nation to compete in the international marketplace, the right of the people to attend schools shall not be infringed."" Would you ""interpret"" this to mean that only businessmen should have a protected right to attend schools? Why or why not?"
1,,"Back to the F1 stuff for a second, note that the `auto' tranny in F1 _STILL_ shifts at the driver's command, not some preselected schedule. The driver still controls the shifting, not the transmission. ^^^^^^^^^ ^^^^^^^^^^^ I have yet to see a torque multiplier installed on a production automobile. Such systems do exist, but none are presently installed in production autos that I am aware of. These are commonly called viscous drive CVTs or fluidic amplifiers. What the convertor _does_ allow is for the engine to be closer to its torque peak during the launch before a clutched car can fully engage it's driveline. Chevy proved it many years ago with the '70 Camaro (ETs and terminal 1/4 mile times were close enough tpo be identical for 4 speed and auto cars). Note that this is also the major reason that an auto car can get away with fewer gears than a manual, the slip in the convertor makes up for the fewer ratios (and before everyone starts yelling about the proposed 5 sspeed autos soon to be out, note that some manufacturers are using 6 speed manulas now). Correct."
1,,"Actually, that'd be 155 mph and 60 mph (the legal speed limit for trucks) in *two* lanes, each direction. It's a hell of a rush when those trucks fly by. (or was that me flying by them? Who cares, the rush is really something else, and so is the draft)"
3,,"-*----- I hope Gordon Banks did not mean to imply that notions such as hard-to-see candida infections causing various problems should not be investigated. Many researchers have made breakthroughs by figuring out how to investigate things that were previously thought ""virtually impossible to test for."" Indeed, I would be surprised if ""candida overbloom"" were such a phenomena. I would think that candida would produce signature byproducts whose measure would then set a lower bound on the extent of recent infection. I realize this might get quite tricky and difficult, probably expensive, and likely inconvenient or uncomfortable to the subjects, but that is not the same as ""virtually impossible."""
