label,title,text
2,,"This is one of my favorite series, all categories, all time. I was fortunate enough to get a hold of the whole series on VHS a few years ago. I loved it when I saw it back in -91 -92, when I was about 12. I love it as much, or more, today, which is remarkable considering my (hopefully) improved film appreciation and criticism skills. Most of the movies I liked back then I'm not that fond of today, besides for the nostalgia factor. That factor is present here as well, but there's so much more to Robin of Sherwood than nostalgia. There are only a few bad things about this series. First, the picture and sound quality is so-so, at least in the first couple of episodes. Fortunately, it gets better. Secondly, you could have wished for a bit more blood and realism in the fighting scenes, although I know that was not an option in this case. So, on to the good things! And there are a lot of them. First of all, Michael Praed IS Robin Hood. I don't think I have seen him in a single role since then, which only strengthen this fact for me. He delivers such a believable performance as Robin. Jason Connery had an impossible task replacing him. The fact that Michael Praed hasn't become a bigger name as an actor is unbelievable. Or perhaps that was his fate, to do this one role perfectly, then disappear. I love Nickolas Graces Sheriff of Nottingham. He is really not a complex character, but totally rotten. The relation between him and Gisburne is just hilarious. Actually, just looking at de Rainault sitting in his throne, bored, glaring, makes me laugh even before he has said anything. Another actor that deserves extra praise is Ray Winstone as Will Scarlet. You can really feel the sadness inside of him as well as his hate for the soldiers who killed his wife. Winstone is an actor that finally has gotten his well deserved Hollywood breakthrough (in films as The Departed and Beowulf). There are a lot of other great actors here, too. I love the portrayal of the Robin gang. They are having fun, playing, laughing, you really get a feel of the camaraderie between them, the closeness that comes from a tight bound group such as this. Those bonding scenes are so important. I think that it being UK produced with British actors really made it better, compared to for example the -92 feature film version with Kevin Costner, that just feels fake, fake, fake. (Christian Slater as Will Scarlet, come on..) The cast being able to speak English with British accent makes it more believable, and I get the feeling that the actors, as well as the director and writers, behind the series can put themselves much more into the shoes of the Robin Hood gang than an American crew could have. The music is wonderful, Clannad is perfect for the feel of the series. The music is another of those things they just nailed. An exciting addition also is the fantasy and magic spice that is put in there. It's not over the top, but believable and just makes the whole thing better and more interesting. I also love how nicely the mix of comedy, adventure and drama is blended. Those are a few of the things that makes this series so alive and so genuine. It's by far the best Robin Hood version I have ever seen. I won't wrap up with the ""Nothing's forgotten"" quote. But one thing that never will be forgotten, for me, is this fantastic Robin Hood retelling. See it."
1,,"A pot - boiler if ever I saw one. A supposed thriller borrowing from ""A Time to Kill"", ""Silence of the Lambs"", even an inverted ""In the Heat of the Night"" with a little reverse murder, a la ""Strangers on a Train"" thrown in, it fails abysmally where all the above, to a large degree, succeeded. Namely, in delivering thrills. The plot seems condensed from a bigger book, making the plot developments obvious and uninvolving, while the direction lacks pace and verve. To rein in any kudos, a major twist had to be delivered along the way and here it fails palpably too. Connery is clearly slowing down in his old age, barely bothering with his attempt at a US accent and besides seems too old to be the husband of Hope Lange and the father of those gosh - darn kids of his. He even has a father in law who seems younger than him. Laurence Fishburne barely gets the chance to inhabit his role and you're confused from the outset as to whether he's a bad guy or a good guy. Someone once said that flashbacks shouldn't lie - they do, confusedly, here. The rest of the playing is merely average by a reasonable cast in their underwritten stereotyped roles. The supposed climax managed too, to roll by leaving me firmly entrenched in the back, not as should have been the aim, front edge of my seat. Mediocre sloppy Hollywood film making for sure."
1,,"Contains spoilers The movie plot can be summarized in a few sentences: Three guys go hunting in the forest. Two of them along other people get shot in the head without explanation. The last guy can stand in the clear, shout and do anything without getting shot. He gets to walk through an old factory and has the evil people walk right into his scope without a struggle. The villains are conveniently dressed in black and look like villains. That is the whole story, not summarized but in detail. Everything is drawn out with a guy standing ringing a door bell. We wait with him. Long shot of guys being bored in the woods and sleeping. We can take a nap with them. The one drawn out shot of following a female jogger could have been redeeming, if we could see her butt or boobs bouncing. There dialog is less then Terminator and it is not because there is so much action. The characters just don't talk. And, then they don't even have something corny to say like 'I'll be back.' If my buddy shot this on the weekend, I'd cheer for him, because it is quite a feat to figure out the camera controls. To pay money to rent this as a DVD is totally inappropriate. The one thing that is a little funny is the extra with the director telling, how they local police didn't realize that they were shooting and treated them like a random guy walking around with a gun. If they'd have filmed that, I'd be sure it would be more fun to watch then the movie."
1,,"Only three words are really required for this review: Piece of crap. If you enjoyed watching the cartoon as a child, you will find this movie to be a complete waste of your time and money. The best thing about your two hours in the auditorium will be your feet sticking to the floor. Yes, they do use all of the names and catch phrases. The even name the dog ""Shoeshine"" (in reference to the dog being ""Shoeshine Boy"" in the cartoon). They name the love interest Polly, but she isn't Miss Sweet Polly Purebred. My wife and son drug me to see this. They should have drugged me to see it. The original Underdog was voiced by Wally Cox, the ultimate nerd. This one is voiced by someone with a ""smart alleck teenager that knows more than all the adults"" attitude. As a stand alone movie, it is awful. As an homage to Underdog, it is even worse. It is not an homage. It is not a retelling of the story. It is not an updating of the story. It is purely an attempt to cash in on a known title and create merchandising. The next time I go to the store, I fear that I will see Underdog toys, pajamas, towels, sheets, clothing, etc. McDonalds and Burger King probably fought over the kid's meal rights for this. The worst part of this movie, however, is the soundtrack. THEY DO THE UNDERDOG THEME SONG TO RAP (read that with a silent ""C"" at the beginning)! Great, now that we are going to destroy something, let's go all the way. I knew that it would probably be bad before I went. My fears were confirmed when I arrived at my local 12 plex and found that they opened it for the first day and first showing in their smallest auditorium (and one of only four without stadium seating). Even the theatre people knew it was going to be garbage! Save your money on the tickets and invest it better by going out and buying the original series on DVD. It will be more entertaining and have better production values."
2,,"Having grown up in New Jersey and having spent many a day and night on the gritty streets of New York in the 1970's, watching a film like ""The Seven-Ups"", or its kindred spirit, ""The French Connection"", always evokes fond memories of a time and place which, for some, might have been NYC's darkest hour, but which for me, in my early twenties, was always one fun-filled adventure after another. I truly miss those times. As one reviewer remarked, ""This film very aptly captures the stark, cold, matter-of-fact feel of the NYC winter season, while keenly exposing the underbelly of the region's infamous underworld of crime and policing. A great snapshot of a place and a time and a culture."". A spot-on characterization of both the film and the city. The stellar attributes of this film -- the plot, the cast, the characters, and of course, the car chase -- are amply described in many of the reviews here, so I won't go into that except to say that one of my favorite moments occurs during the car chase, when the camera focuses on Richard Lynch riding shotgun to the maniacal Bill Hickman. The look of horror on Richard Lynch's face, along with the defensive gestures, are so out-of-character for an actor much better known as a source of terror rather than an object of it, that it is actually comical to watch. I get a chuckle out of it every time."
2,,"A sign of what to expect in this film came when I spotted that this was the first (and probably the last) film to have in its credits a ""Vomit Technician"". In what is a couple of hours of silly gags, hilarious violence and excellent slapstick humour. This film was just what you'd expect from the Bottom boys, and it is great to see them back in their best form after Rik Mayall's life threatening accident. Richie (Mayall) and Eddie (Edmondson) are too similar to their Bottom characters, if we can have any criticism at all, and Edmondson does a surprisingly good job in directing the film also. This film has already spawned the predictable comparisons to Fawlty Towers that just aren't there, and the Guest House Paradiso itself is hardly Torquay! Watch out for some excellently crafted dialogue amongst all the violence and mayhem. If you don't like Bottom you'll probably hate this - but I loved it."
1,,"**Spoiler* It gives away the very irrelevant ending** At the beginning of this movie, there was a brief intro to the world of gore by the master of gore movies, H.G. Lewis. He talked about how this movie was lost, and then found years after the director's death. He also talked about how gore movies were measured by the amount of stage blood used in it. Blood Feast was a 2 galloner, 10,000 Maniacs was a 5 galloner. But, then he goes and claims that Dr. Gore was a 15 galloner. I want to know where half of the 15 gallons went. Watching the movie, I saw very little near 15 gallons. Agreed, there was a fairly large amount of blood, but no where near 15 gallons. Some of the dismemberment scenes were definitely pretty gory and realistic, strings of flesh and all, but I wouldn't say 15 gallons. ""END!!! ENNNNNNNNNDDDDDD!!!"" Does that sound familiar? That's what you should have been saying near the last half of this movie. After the Igor character was tossed into the acid bath, the movie slowed to a painful crawl. There was no coherent end, as it didn't fit into anything the 90 minutes before it provided. She drove off in a van with a total stranger, BIG DEAL! That's what happens when you keep an individual (I won't say person, because she doesn't qualify as a person) very innocent about the world around her. The doctor teaches the girl that a man is to be loved, so every man she meets, she loves. Even though H.G. Lewis told us at the beginning of the movie that we may not like the acting, the directing, or even the gore... I will go with choices A and B. BOTH WERE TERRIBLE!! It was enough to give me bad dreams of cut editing and people with shifty eyes as they talk to one person. But, I made it through the movie, and came out stronger. Too bad I couldn't say the same after finishing ROBO C.H.I.C. This was a BAD movie. I can usually take my doses of vinegar in good stride, but every once in a while, you get a movie that bites back. I think this movie took off an arm or a leg (haha... *sigh*) Admitted, I did enjoy the stare down scenes, where the good doctor stared at his future victims and opened his eyes REALLY wide and just stared. It was VERY similar to Fuad Ramseys in Blood Feast when he stared at that lady in his catering shop, and did not use his power after that. I guess this movie picks up where Fuad's powers left off. *Final Judgement* The movie should have stayed lost. Good day -Scott-"
2,,"When you start watching this animation-masterpiece, you quickly notice, that it's a European production. Although the Europeans have (sadly) integrated some of the clichés you would normally find in an American production of this kind, most are missing. One of these is that there is an overwhelming evil that only our (very few and very unlikely) heroes can vanquish. Another is that one of the group is only in the business for the money, is greedy, runs away when the heat is up but somehow gives in to his better nature. This movie would have been better off without both. The movie is based upon a TV-Series that was out four years before the movie. Unlike the movie, the TV-Series is a cartoon and not a computer animation. At first I thought the computer would kill the charm and character of the plot but I was quickliy convinced: Whoever did the animation knew his or her stuff! Although the characters are obviously fictional (in stills they don't even look real), they seem as alive and sentient as the audience following their quest. Making characters who by ""normal"" standards could be considered deformed (those micro-legs could never carry that giant body let alone make it jump) so alive and lovable is more than ""just a highlight""! The creation of the world is another masterpiece. Not so much because of its looks but because of the inventiveness of it. The world our heroes travel is not solid like our own but is made of many pieces of land varying in shape and size that seem to be floating in mid air. When a person steps on a smaller fragment of ground, it nods a little bit as if feathering from the weight. In some cases up and down no longer apply but our heroes still manage to get a foothold somewhere. Although the world of floating islands is completely surreal, in this movie it is absolutely believable and after a short time it doesn't seem any weirder than running into a car somewhere in New York. I wrote that the looks of the world aren't as breathtaking as the idea. As true as that might be to my mind, the quality of the world, the characters and the attention to details is staggering. Although the faces of the characters have relatively few attributes, emotions can be read as clearly as in Sean Connery's or Dustin Hoffman's face. The world around the characters is wonderfully colourful and no two settings are alike. The background is always in motion, something is always going on which makes the world seem even more alive. If you stop the movie and look at the background you will be surprised how many details you can find. The existence of Hector actually puts the cherry on top. Hector is a furry little ""thing"" (possibly the equivalent of a dog in our world) who is totally lovable and extremely funny. Although he isn't really important for the main plot, he would be missed like Scrat would be in Ice Age. The really cool thing about Hector is that you need to speak Gibberish to understand him. If the movie is so great, why didn't I give it 10 stars? Well, the plot in itself was rather thin. Two hunters are sent out to rescue the world from a really bad dragon who wants to swallow the world, isn't really original. That in itself wouldn't be much of a problem. What I missed was the background information. What kind of a dragon was this and why did it look that way? I love mythical stories but if they get too thin then they seem to be written after the movie is finished in a feeble attempt to give the whole thing some depth. Another thing I didn't like was Zoé. Although a little girl like her could be considered adorable, she was somewhat of a pain in this movie. She seemed pretty resistant to all types of learning about reality, kept dreaming of some hero from a story book and basically slowed the others down. She would have been OK if she had developed a little more and a little earlier in the movie - or had been less of a girly to start with. To me the idea of this girl who was there to twist the story a little backfired on the writers. All in all, this is a really good movie for just about all ages."
1,,"I read the novel some years ago and I liked it a lot. when I saw the movie I couldn't believe it... They changed everything I liked about the novel, even the plot. I wonder what did Isabel Allende (author) say about the movie, but I think it sucks!!!"
2,,"This movie is a fascinating example of Luis Bunuel's storytelling abilities. This is a comedy that is not a comedy, and a social drama that is not a social drama. Even though I don't think it was particularly funny, it made me laugh. Also, despite the fact that you can never take Bunuel too seriously, the movie made think about religion and its importance in some people's lives. Bunuel tells the story of a Catholic priest, devoted to his faith like no one else and the viewer witness what happens when the priest's undying commitment to serve others is put to test. As usual, Bunuel's target is Catholicism, but I don't think he tried to mock the church as he often does. At least I didn't take the film as a mockery of the institution. I think he is trying to make an interesting point about how religion could be a nuisance in today's modern society. Not because faith in itself is bad, but because people always mange to bastardize the concept. Message aside, I think this is one of Bunuel's most clever works. Francisco Rabal is superb as the priest. Definitely, one of the filmmaker's best movies."
2,,I wasn't planning on watching wasted when I saw the MTV preview but since I had nothing better to do or watch on a Sunday night I watched it. Wasted was no Requiem for a Dream but it was a very good movie considering it was made by MTV. One thing that drew me to watching it was Summer Pheonix the sister of the late and wonderful River Pheonix stared. I suppose talent runs in the Pheonix family because she was good and so is Jaquien though niether are River. Nick Stahl also gives a great preformance as a junky jock. There isn't much else to say about wasted. It was a dark depressing and insightful look into the lives of three small town junkies. I recomend it to those who like the subject. 8/10
2,,"Rose and the good Doctor find themselves in a space station that is on a planet that's quite impossibly hovering in orbit right below a black hole. The crew of the station is just as perplexed at that as the two new inhabitants are. Suitably spooky in it's atmosphere and gets better as the Doctor and Rose find themselves stranded due to circumstances out of their control and speaking through the submissive alien race of the Ood, something quite dark is coming from below the crust of the planet. Not haven seen the second part of this two-parter I can't vouch that the end is as strong yet. But it does make for one hell of a beginning. My Grade: A"
2,,"As I said in my comment about the first part: These two movies are better than most Science Fiction Fans confess. The scenario in the second movie is not that moving as we don't see the destruction of human civilization, but the aftermath, thousands of refugees fleeing in tiny space cans, protected by only one powerful spaceship. But when Battlestar Pegasus appears, the story heats up, carrying the battle back to the Cylon Planets. Okay, it has a little bit of Mad Max because all they fight for is fuel for their spaceships to travel on to find the distant Earth, but it works for me. It is thrilling Science Fiction entertainment featuring fine actors and decent special effects (even though those tend to repeat themselves, to say the least :-) ). I would have loved a continuation with Starbuck and Apollo on board. Instead, we got a second sequel with no name characters who proved that the story had worked before especially because the feature characters were so well-chosen... So thumbs down for the productions of 1980, but thumbs up for the two movies from 1978."
2,,"Hardcastle and McCormick is an excellent TV show. Yes, it is predictable much like The Dukes of Hazzard, Hunter, The A-Team, etc etc etc. This show is just good clean television. The relationship between Hardcastle and McCormick is quite amusing. They often take jabs at each other several times an episode, which adds a great deal of humor to the show. It contains several car chases in almost every episode, but, who doesn't enjoy a good car chase? Especially with the Coyote! I only wish they made clean television like this today I highly recommend this!"
1,,"I just saw this early this morning on the Fox channel quite by accident (my dog woke me up) - I had seen it years ago and thought I remembered it fairly well. As a kid, I had enjoyed it. But now? As another poster commented, several of the reels were out of order, and while it was disorienting at first, and bizarre, it seemed to fit the production - what was just awful became surreal and amusing. Musical numbers for what I think was the ""big"" fundraiser show(""you're in show business, I'm in show business, most of the kids are in show business, let's put on a show"")come out of nowhere BEFORE all the talk about putting on a show, and then fade without applause to totally unrelated ""straight"" scenes. The leading man's girlfriend shows up, spits out lines and lines of dialogue, then disappears. I was half awake, and loved every insane minute of it."
2,,"Since their nasty divorce from the Disney Company (with Disney keeping the Miramax brand) the Weinstein Company seems to specialize in above average movies which are then under-promoted and seen by few. THE FLOCK is a prime example. A story about the civil servants who have the nasty job of keeping track of registered sex offenders, this picture will tell you more about sex criminals than an entire season of Law and Order - SVU. Richard Gere gives his best-ever performance as the soft-spoken agent worn-out by the task. Claire Danes for once has the opportunity to get into a solid role (instead of the junk she normally gets stuck in) and she makes the most of playing the novice. The cinematography, pacing, editing, all of it is first rate --- and I saw no trace of the attention-deficit-disorder camera jump-around or excess camera cuts that others complained about. The subject is handled with restraint, but it's still a tough subject and might make you sick. Fifty years ago there was almost no problem with the kinds of sex crimes herein shown in abundance which will shock even the jaded. Then came the Supreme Court decisions which simultaneously tied police hands as the ""rights"" of sex perverts were opened up and America was turned into a shopper's paradise for sexual perversity, both willing and unwilling. Each such step was met with praise by Liberals, who celebrated the Warren Court's ill deeds with glossy covers on Time and Newsweek. Everyday liberals also praised the Court's action and mocked those who disagree. In 2007 how many Americans know that the kind of pornography that depicts savage violence and torture of young women -- can be subscribed to, and delivery of it is subsidized by the discount periodicals rate by the US Post Office. Just one part of the problem -- a problem that can tare anyone's family to shreds. Richard Gere is a Liberal, but he gives his best in his performance here. Perhaps in his maturing age he's gained a measure of wisdom."
1,,"Lord, this sucked. There's a particular sort of sexual revolution flick from the 60s that manages to confuse sexual assault with sexual liberation. This film is an example. I lost track of how many times women are slapped, hit, whipped, or spanked in the film. And then there are all the times that women in the film fantasize about being slapped, hit, whipped or spanked (you know they want it, right?). Sometimes it is ostensibly part of safe fetish play-acting. Other times it plainly isn't, but you will wait in vain to see the heroine report to authorities that she has just been raped. Instead we get to hear her being lectured by her rapist about her inability to ""let go"". Every scene of this film reeks of misogyny (speaking as a straight, white, married man in his late 30's, not a teenage lesbian women's studies major with a chip on her shoulder, lest you get the wrong idea). Perhaps the one good thing about this film is that it provides a stark reminder of just how bad things really were for women only a few short decades ago."
2,,"Why take a perfectly good original drama, based on a perfectly good novel, and remake it as a quasi-musical? And cast it with actors exclusively lacking in singing or dancing talent? Somewhat akin to ""Showgirls"" or the two most recent ""Star Wars"" films, ""Lost Horizon"" is full of unintentional laughs. Who can forget Sir John Gielgud smiling uneasily in his Dali Lhama outfit, overseeing an interpretive dance to the Republican party (""Family"")? Or Sally Kellerman warbling lovingly to George Kennedy, doing her best Cher impression as she hops from one rock to another (""Every Little Thing You Do"")? And my favourite, Bobby Van embodying the strength of America's education system (""Question Me An Answer"")? I can't wait for the DVD release, as hopefully it will contain comments by Liv Ullmann, who will finally explain what she was thinking when she agreed to do this film!"
2,,"This movie sat in a dusty stack of videos in my house for ages before we watched it. We knew it was there- every time someone wanted to watch a movie, it was suggested. It almost became a joke... ""I know, let's watch Throw Momma from the Train""... I don't know why it was always turned down, it just was. Little did we know what we were missing out on. It still befalls me why it took us so long...I mean it stars Danny DeVito, Billy Crystal, and Ann Ramsy (who we referred to as ""The Lady from the Goonies""), an all star cast that should have appealed to everyone in my household. But there it sat for nearly ten years. Until one day it was suggested and we could turn it down no longer.... It was like finding King Tut's tomb... No movie has ever made me laugh so hard, and I doubt any movie ever will. I had to rewind for almost every line because I was still laughing at the line that came before it, and lost ability to hear or pay attention. Not just simple laughing, either... the kind of laughing that expends more energy than running ten miles in the cold. The kind of laughing that you cannot control, that causes rolling around and spasms, and tears and snot running down your face because it's just that freakin funny. Once I learned the movie by heart I will say this effect has lessened, but I don't think I will get tired of watching it and finding new quirks in it to appreciate. I think that's all I can say. I would recommend this movie to anyone, but if you don't enjoy it please don't let me know, I will probably be offended."
1,,"While Leon is cute on SNL, he's only on for a minute. Like most SNL skits-to-movies, this one can't fill 90 minutes. It has some cute moments (the ones you've seen in the trailer) but the actors are largely wasted. Tim Meadows does his best but the plot just doesn't have many high points. Will Farrell has a bit part. Farrell may be the funniest man alive... but not in this movie. What a shame."
2,,"So, not being a poet myself, I have no real way to convey the beauty and simplicity of this documentary. The effortless motion of Goldsworthy, as he molds natures beauty into his own work is captivating. Watch him stick reeds together in a web hanging from a tree in a close up for a few minutes while he speaks of his work, and then receive the payoff when the camera cuts to the wide shot. Be amazed by the ease with which he operates and then realize the futility when a slight breeze knocks down the entire web. The genius of Goldsworthy seemingly knows no bounds as his inspiration is nature itself. It is in the essential change of nature where his work, though complete in its own sphere, is made whole."
1,,"Spoilers? Maybe a few details, but nothing too plot related. Not like it would matter with this movie. Air Rage blatantly rips off the mid-air infiltration premise of Executive Decision. Ice-T leads a team of four ""elite"" commandos who wear baggy black shirts that we can only imagine must conceal invisible body armor as their idiotic tactics (similar to what 3rd graders use when playing Star Wars on the playground) lead them to absorb a hail of gunfire. What entertained me the most about this flick was the use of look-alike has-been actors. You'll immediately recognize Cyril O'Reily as someone who once acted in a movie that you really liked, though it was so long ago that you probably won't be able to place it (it was Porky's). Here Cyril plays a decent knock-off of a Bill Paxton character. Most Hilarious is porker Gil Gerard, who's so fat that you will never recognize him as TV's Buck Rogers. Instead of evoking his mildly heroic character past, Gerard gives us a passable performance of the crusty fat tough guy persona, which was clearly imagineered for John Goodman. Finally, Alex Cord gives us a nice hybrid look-alike performance as a Chuck Connors/Kirk Douglas type. In the 10 years since New Jack City, Ice-T's acting has deteriorated remarkably. It's not acting so much as regurgitation of lines that he might have actually memorized. One of the items that plays into this movie is a CD-ROM of classified information. It's being hand carried, and it's apparently and unbelievably not encrypted, despite the security-savvy aura of Gerard's NSA character. What a joke. I'm severely doubting that the information purported to be on the CD would ever even all be assembled into a portable format. Despite being in a closed aircraft without silencers, the gunfire is about as loud as canned air, and causes nary a person to flinch, so apparently no foley budget. The assortment of weapons chosen is pretty funny. The flight attendant's use of a coffee pot is about the most realistic depiction of violence in the film. When she takes intuitively to the mini-Uzi pistol, which has got to be one of the worst pistol designs ever, that's just too stupid. A true elite team would carry MP-5s for this type thing or maybe SOCOMM .45s, or even customized Hi- Powers if they were really old school, or maybe something FN 5.7 if new school... The lame-o standard issue 92Fs are totally unbelievable, having lost most of their cool after Lethal Weapon I. The bad guys, supposedly experienced soldier of fortune types, have an assorted mixture of absurdity, like the aforementioned mini-Uzi pistol and a Tec-9 with the infamous non-functional barrel extender that isn't a silencer. There was one touch of realism on which I would like to correct the other reviewers: The flight attendant and Ice-T did lower the craft to 10,000 feet for ""breathable air"" before they opened the door. And I also got the impression that the flight attendant was NOT able to get the door closed, that she basically just gave up on that point. As far as the landing, there was no mention of flaps until about 2 seconds before touchdown. Sigh. Only the Dukes of Hazard eluding Roscoe P. Coltrane at the ""pass"" could shame this movie for use of stock footage. They obviously chose the incredible (and retired) SR-71 because they couldn't get stock of an F-117. Aside from the fact that they were mothballed already in 2001, let's also forget for a moment that the SR-71 is not a pure stealth aircraft in the sense of the B-2, and that at point blank range... Well, I'm no expert, but I'm having doubts as to whether it would be invisible on Radar. As others have pointed out, the repeated references to ""F-15s"" when they were showing F -16s was laughable. Details of the 747 were pretty stupid. No airline would put that few passengers on a 747 to begin with, not to mention everything else that was idiotic about it. Pay attention to the use of exposed electrical wiring. Wow. What a show. Catch it on Stars or something. Don't pay to rent it, but do watch it for laughs. In contention for worst movie ever, right up there with No Holds Barred, which at least had some originality."
2,,"This is a great documentary and above comments make a brief summary of how great it was so I won't repeat the same compliments. But, Faith akin, being an Turkish oriented guy who probably knows about that country more than an ordinary European, falls into the trap of orientalism that other western artists usually fall. But come on man you are Turkish blooded and your movie could be deeper and could describe what's beyond ""beyoglu-old town"" It's a missed opportunity for Akinfor that reason. Performances by Muzeyyen Senar and Orhan Gencebay are peek of the movie and Ceza (a very talented and bad ass Turkish rapper) makes some trash talk about American gangsta rappers which I totally agree. I will recommend this movie to my American friends."
2,,"While listening to an audio book, Cambpell Scott is the reader. I was so excited to hear his voice and that brought back my disappointment that ""Six Degrees"" was canceled. They never seem to keep the good shows on air long enough to capture an audience that can connect with the shows story. What a shame, and shame on th network for not giving this show a full seasons chance. This was an excellent show to watch with a great cast. The network gave ""Men in Trees"" a second chance witch is also a great show , but they took ""Invasion"" off and that also was something totally different to watch, not the same old-same old themes. Why can't the networks get it right."
2,,"Unlike the many who have posted here, I'm not movie literate. I stumbled across this movie by accident (channel surfing), and couldn't surf away. This is a truly incredible movie, worthy of all the praise the critics and those on this site have heaped on it. The actors are terrific. Tatiana is beautiful and innocent. Her fiancé Boris is sweet and patriotic. You couldn't help but feel Boris' father's exasperation and sorrow as he upbraids his son for such foolishness as volunteering to serve in the great war. Others have summarized the movie so well, so I'll just mention a couple of scenes that moved me the most. When Boris' brother reveals to his family that he has broken trust with his brother and ""has to marry"" Tatiana, Tatiana's twisted mouth shows her revulsion at this betrayal (even though her part in the unfaithfulness might have been through rape). You fear that the rest of the movie might right this wrong by visiting just destruction on Tatiana and the brother, or worse, show Tatiana destroyed by an immoral descent into cigarette smoking decadence. Since this isn't ""French existential cinema"", the latter doesn't happen. Thankfully! Another scene that tears at your heart is when the unnamed ""musician"" soldier who was saved by Boris returns to tell Boris' father of the death of his son. He unwittingly breaks the news to Tatiana. I can't describe the sorrow of this scene... Still,Tatiana finds finds a straw to grab and hope that Boris will yet come home. The musician actually never saw Boris buried, after all. I won't mention more scenes, but do want to observe that the touches of Soviet political correctness didn't detract at all from the film. Boris' brother is revealed as the piano playing anti-soviet slacker that someone who steals his brother's wife-to-be would have to be. No doubt he gets at least a ""tenner"" at the conclusion of the film! The ending, when Tatiana finally learns for certain that Boris is dead, still manages to end with cheerfully and full of hope for the future. You don't even want to imagine the tears and catharsis that must have swept through the theater when survivors of that war, with their own losses in mind, first saw this movie. Incredible. Go see it."
2,,"Clever psychosexual drama about a wounded Union soldier (Clint Eastwood) who seeks refuge in an isolated Confederate school for young women during the Civil War. Slowly, Eastwood begins to seduce every girl in sight, until the tables are turned and he becomes the pursued in an unsettling, gothic-toned finale. Never has a film been so deliciously erotic yet disturbingly macabre at the same time. This is undoubtedly Eastwood's finest hour (those who tune in for ""Dirty Harry"" will indeed be surprised), while the rest of the cast gives uniformly superb performances. Try to see the film on video, as television prints usually delete crucial flashback scenes between Geraldine Page and Patrick Culliton."
2,,"I have seen several comments here about Brando using a Southern accent, some of which felt it was a mistake. When this movie was made, racism and discrimination were very strong in the South. The Jim Crow laws were still in effect. Civil Rights was in it's infancy. Could this have possibly been a subtle social commentary, a Southern man in love with a woman of another race? The same way MASH was a subtle criticism of the Viet Nam war? Any thoughts? Another comment was made about Myoshi Umeki appearing ""cold"". Anyone who has been in Japan would understand. The Japanese people, at least in my experience, did not tend to show emotion in front of strangers. There were strict social rules, especially for men meeting single women. Americans in Japan were totally foreign to this culture, and the blunt attempts to meet women were shocking to the ladies. One trait of the Japanese was to smile when embarrassed or uncomfortable, which many American servicemen took as a sign that their advances were welcomed. Also remember that at the time represented in the movie, Japan had just been defeated, and the occupying forces were treated with reluctant acceptance. I think Myoshi Umeki gave a very credible performance of what her situation would have been. Watching her interaction with the American actors brought back several memories of my own experiences in the country. I was able to meet a pair of lovely young ladies who, after I convinced them I was not the typical American male, taught me their language and their culture during my time in their country."
2,,"DOes anyone know where or how i can get a copy of this film?!! I've been searching for way too long, someone help! Back in 1997 my girlfriends and i were extras on this Long Island based film, and we actually never got to see it. :( i was hoping i could find a copy somehow so i can finally check it out, and share it with the girls! Is there anyone out there who knows where to get a copy of this, so i can stop driving myself crazy? (also, it doesn't matter if its in in VHS format, i'm still in the ice age myself.) If you, or anyone you know, has a copy of this film please help, i would be willing to pay for a good copy of it!"
2,,"I actually quite enjoyed this show. Even as a youngster I was interested in all sports and that included horse racing. It was always going to be difficult to make a series based on racing corruption and at the same time get permission from the race tracks to record filming about this controversial subject. One episode I particularly remember centred around a horse expected to win a big race that looked a bit off colour. A syringe was found on the stable floor and everyone thought it had been drugged but nothing showed up in the blood tests. All too late they realised the horse hadnt been doped but had had its knee cartilage removed. Like running a car with no oil and the engine seizing up, the horse broke down with tragic consequences."
2,,"I had the privilege of attending a regional premiere for this, this is one of the funniest British movies ever, the plot is fantastic, focusing around a young girl, who unwittingly changes into her ideal man at a computer fair, whilst also creating a copy of herself, who falls in love with him, the film is full of jokes, both visual and aural, and has a bright and fresh feel to it, and the acting is of great quality, released in U.K. on July 2nd this film is a must, go see it!!!"
1,,"The pakage implies that Warren Beatty and Goldie Hawn are pulling off a huge bank robbery, but that's not what I got out of it! I didn't get anything! In the first half there's a new character (without introduction) in every other scene. The first half-hour is completely incomprehensible, the rest is just one long, annoying, underlit chase scene. There's always an irritating sound in the background whether it's a loud watch ticking, a blaring siren, a train whistling, or even the horrible score by Quincy Jones. There are a lot of parts that are laughably bad, too. Like, the bad guys chasing Beatty on thin ice with a CAR! Or, the police arriving at the scene roughly fifteen times. I really hated this movie!"
1,,"...for one of the worst Swedish movies ever...forgive me for being dull. First of all i haven't seen the first one (i was bored that's my reason for watching the 2nd before the 1st one), well i hope the first one is better than this, it was filled with weird cut scenes and very strange plot changes, For the people that have seen this and think 4/10 is high (belive me so do i), but it made me laugh a few times, because it was so bizarre so bad and i still laugh thinking of the punk that came up with this idea, what's next ""Det sjunde inseglet II"". Sequels not based on novel or book doesn't turning out great to often, and this is a perfect example of one. OK i'm gonna be honest with you: i did laugh a bit, it got a few decent jokes in it and slapstick humor. But don't buy it, rent it. Just let some other idiot do it or download it. 4/10 This movie will be remembered and the director is probably laughed out already..."
2,,"This was a fantastically funny footie film. Why won't they show it again? Tim Healy was superb, as were all the players. Direction was inspired, and some of the gags were matchless. The sloping pitch had me on the floor. Show it again, ITV, so I can video it!!!"
1,,"Despite the acclaim on the DVD cover of the version I borrowed, this film was a disappointment. Yes, it is far more realistic than other war films of the period for depicting the mud, boredom and frustration of the grunt, but unfortunately one comes away from it thinking that's ALL there is to this movie. There is no plot and the dialogue is monotonous. It's not that a good war film needs to have a battle scene every five minute. One of the best World War II films, ""Twelve O'Clock High,"" has very little action. But it compensates with crackling dialogue and psychological tension. The exception to ""The Story of G.I. Joe"" is a brief battle segment (titled ""city under siege"" on the DVD) which takes place in Italy. Admittedly it is one of the most fast-paced and convincing combat scenes of any war movie. But alas, the rest of the film is not worth watching just for this highlight. Another turn-off is Pvt. Dondaro, played by Wally Cassell, who is meant to be a ""romeo"" but comes off a pervert. By contrast, Sgt. Warnicki is a sympathetic, if flawed, man. As he says to Capt. Walker (Mitchum) when volunteering for another patrol: ""Every step forward is a step closer... to home."" But that last step  one patrol too many  drives him over the mental brink. Too bad the rest of the movie doesn't do justice to some otherwise fine touches. As for Meredith's portrayal of Pyle... it is practically comatose."
2,,"Gung Ho is one of those movies that I never get tired of watching. Michael Keaton has always been a favorite of mine, & he is absolutely hilarious in this movie. Matching him step for step is Gedde Watanabe. The two of them work wonderfully together. Although this movie is a comedy, I also like how it shows Hunt (Keaton) & Kazihiro (Watanabe) struggling in their roles as the leaders of their respective groups. They both try so hard to keep the peace, & then they finally get into a fight (which is hysterical to watch). First, they're both on the floor. Then Hunt jumps on a chair. Kazihiro jumps on the desk. Hunt jumps on the desk with him. The fight then spills out from the office into the factory. I love that after they are separated by the workers, you can tell that they both feel bad for letting things get so out of hand. Also, there is a scene where you can see the influence that Hunt has had on Kazihiro. He is at his house & his boss from Japan arrives & says he would like to visit the factory tomorrow: Kazihiro: Tomorrow not good day. Sakamoto: Why not? Kazihiro: Factory is locked & we can't find key. Tell me you can't picture Michael Keaton saying something like that! I guess I really like this movie because it is genuinely funny, & also shows how people that are radically different can not only learn from each other, but become good friends as well."
1,,"Well, I must say, I initially found this short to be quite average, but having watched it nearly 5 times since (its constantly shown on IFC), I've developed an enjoyment of the simple plot elements and reality of the situations presented. Sofia Coppola contributes a solid addition to the category."
2,,"Worst movie of all time? Wow, whoa now. You cannot be serious. Maybe it's all about what you expect a movie to do to you. I live in Oregon, so I got to enjoy the beautifully-filmed shots of familiar yet still amazingly beautiful Smith Rocks and other areas in Central Oregon (as well as the sweet cameo of our own Ken Kesey and Ken Babbs looking down on baby Sissy's cradle at the beginning of the movie). Those alone were enough to spur me to give the movie a better than ""average"" score. Or .... Maybe it's all about what expectations you have. Having read the book AGES ago, and thinking to myself ""goodness, no one could ever make a movie out of this interesting, quirky, weird book ... especially 20 years later, when mores (MORAYS -- can't put in the accent mark online) have changed"" -- I was actually quite pleasantly surprised when I first watched the movie when it came out in 1994 and even liked it more today watching it again. Sissy was exquisitely cast, and I don't care what you all say, I was also pleasantly surprised at Rain Phoenix's and John Hurt's performances. I am not a lesbian nor bi nor trans, but have met many folks who are similar to the folks they were supposed to portray -- and those ""real"" folks kinda acted the same way as these actors acted. Stilted a bit, stage-ey -- always a bit ""on."" Gus Van Sant is one weird native Oregonian but by garsh he done a good job adapting this crazy book, IMHO."
1,,"I did and I lost two and a half hours of my life that I can never regain again. I honestly have no idea what the critics and fans see in this movie. And that's not because I can't appreciate ""art"". I love a good film with profound messages, brilliant cinematography, and great directing. This film just isn't one of them. My main complaint about this film is that it's so horribly slow-paced, to the point of boring its audience to death. On the other hand, sequences of dialog go by too quickly and there's not enough exposition to let people who haven't read the book know what's going on (My mother had mercy on me and explained everything before I watched it). Would it have killed them to hire a narrator? At least for the beginning and the end? Let me break it down for you: (Spoilers throughout) For the first two minutes you are treated to a black screen with no music, waiting for the actual movie to begin. For the following minute and a half, you see several pictures of sunrises and savanna landscapes. Like the audience couldn't figure out how to set the scene unless they saw the establishing shot three or four times. The next eleven minutes are occupied with the grunting monkeys. They fight, see the monolith, fight some more, pommel things with a bone. Supposedly they are prehistoric men whose evolution is being influenced by the monolith's singing. Not that you could tell if you hadn't read the book. *Finally* we get into space. Only to be subjected to twelve minutes of ships slowly spinning to the Blue Danube Waltz (A pretty quick-tempo-ed waltz as I understand, yet here it feels absolutely agonizing). At last we get some innocuous dialog and rather cryptic exposition about the government not letting people land on the moon. We are left to wonder about this for fourteen more minutes of Blue Danube and spinning ships and neat camera tricks with anti-gravity. Next comes four minutes of watching a ship travel over the surface of the moon and dock at a space station. We get a little more exposition in a board room scene that follows. Then we're back outside traveling at a snail's pace over the moon. A second monolith is revealed, again filling our ears with that horrible ringing (I had no idea that was an actual piece of music!). The monolith does its little light show and then the plot jumps forward. *Seven* minutes of watching the ship to Jupiter travel. By this point in time my brains had turned into mush. Could it be moving any slower? Maybe it's ""realistic"" to portray it as such, but we still don't need to see five or six different shots of the same thing to grasp the concept of its ""realism"". Let me tell you about this ""realism"" thing; I cheered when the secondary astronaut character died. Not because I'm a sadist and like watching people die, but because after five minutes I was just so annoyed at the sound of his darn breathing! I'm supposed to care about this character, feel when he dies! Instead I found myself waiting for blissful silence whatever way it came. Anyway, now we get to the most interesting part of the film-the part with HAL. Forget Dave the stick-of-wood protagonist. The real star of the show is that coldly impersonal, chillingly villainous, ruthlessly merciless bad guy of a computer. He's great. And the ""Open the pod bay doors"" sequence is wonderful. But it's too short. And it's not long before the director once again lapses into too-long goings on. Four minutes for HAL to die. And die he does. Slowly, painfully, losing intelligence with every minute, voice getting lower and slower, singing ""Daisy, Daisy"", all with a low and constant hissing that becomes just as annoying as the heavy breathing. Seven minutes of flying colors as Dave enters the monolith. Seven. I could FEEL my brains melting and dripping out of my ears! Seven full minutes of absolutely nothing but some guy's whacked out psychedelic version of space travel, again with that thrice-cursed chorus! We got the idea at the beginning of the sequence! Why drag it out so long? Unless he wanted to make LSD users go psychotic and have flashbacks. I'm not even going to try to explain the ending, mostly because I don't quite get it myself. Supposedly he's in an alien research laboratory and they're teaching him deep and profound things while he watches himself getting older and older and then they send him back to earth as some kind of cosmic celestial space baby. None of this comes across in the film. For all you know, it's just a sequence of images with no purpose or plot whatsoever. A lot of the movie felt that way. The first time I tried watching this movie I gave up halfway through. The second time I suffered through this sore excuse for a film, it was to help my sister time the sequences to see how long they lasted. It's that boring. Call this crummy film ""art"" if you wish. I wouldn't. I've seen more interesting ""art"" in the local museum. And I am never subjecting myself to this kind of suffering ever again."
1,,"If I could give this movie a negative rating I would. The humor is the cruelest I have ever seen in a film. Horrible things happen to good people and people who have already suffered horribly through no fault of their own. There are 2 plots, neither of which supports half of a film. Where is the ""depth"" others see in this movie? That no good deed goes unpunished? That only the heartless can succeed? The film does start well and the black and white is very moody and well done. The acting is very good and convincing witch makes the cruel humor even more horrifying. If you think that the 3 Stooges are too nice to each other, if watching the beheading of a kidnap victim with a Bowie knife is a real thigh slapper, if you thought ""Schindler's List"" was hilarious, then this movie is for you."
2,,"My children, DD 7 and DS 10, enjoyed the movie so much they were squirming in their seats. It was good, old fashioned, Rated G, family fun. This movie was made for kids.... someone really understands them. It was fun to see Julia Roberts, Brice Willis, Garth Brooks and the other stars make their cameo appearances. As someone who lives in the city the fictional ""Big Texas"" was modeled after, I can say that they did an honest and accurate portrayal. The kids looked like kids, not like superstars. I hope everyone supports this movie to send the message to Hollywood that we need more movies like this. Go see it, then spread the word!"
2,,"There are few comedies like this, where almost every line and every character come close to flawless. This is soooo funny!! And it has quite a bit of satire there to. Sally Field is heading the field of truly outstanding actors and does a good, if not perfect, job with her daytime tv-diva. Sometimes her acting is just a little to broad and over the top, but 90 % of the time she is a riot! In the same league is Kevin Kline, Robert Downey Jr and Whoopy Goldberg (who unfortunately has too little to do here). Downey jr may not convince entirely as a comedian and has not the timing right all the time, but he struggles with his part which is, to be honest, the most ungrateful one. But the shining star here is Cathy Moriarty as Celeste, a true bitch if there ever was one with more than one nasty secret (you will see in the absolutely stunning finale!). Sadly Elisabeth Shue never seems to be quite comfortable in her part. I normally like Ms Shue, but here she acts as a fish out of water and sometimes seems to be in a different movie. But it is not something damaging and for the most part she is at least adequate. Otherwise, brimming with memorable lines and situations, this is a comedy to watch whenever it is on TV or wherever."
1,,"I watched this movie a couple months ago when it first showed up on the shelves of Blockbuster. It is officially the only movie that I've wanted to undo watching. Let me start off by saying that I like ""B"" Movies. I consider ""Ice Pirates"" One of the best comedies EVER. I'll also note that I'm a writer and that I've met the director/writer of this cinematic marvel. Evaluating the acting: If I was going to pick a bright spot I'd have to point out that Dion Day had an admirable acting debut with his role in this. For those who don't know, Dion is a boxer not an actor so we'll forgive him his lame death sequence. Why doesn't he fire the shotgun he's holding once? Budget? To highlight the bad acting would take pages so I'll stick to The egotistical lead, Ryn Baskin. Ryn (Which seems like a name chosen from a comic book because it sounded cool) has maximum face time in this movie, probably because he was a producer. His looks are completely fine, but his delivery evokes memories of SNL ripping on soap-operas. I suppose he could only do so much with what was written for him, but part of the blame is definitely his. Special Effects: Not my specialty, but for a low-budget flick I suppose the makeup and gun play was acceptable. It didn't bother me, but it also didn't impress. Writing/Directing: Oscar for best screenplay is not something I can foresee Gerald Nott ever winning. Not only is the plot rudimentary, but the dialog is flat and stilted. I understand stylized hokee-ness, but this was just bad writing. The thing that bothered me most was the theft. Nott stole scenes, shots, and Viggo's facial hair from a slew of other movies. The scene where Russel Crow is walking through the wheat field in Gladiator, Entire sequences from The Good, The Bad and The Ugly, that sort of thing just doesn't cut it with me. I'll choose not to comment on the shooting because I don't know what it takes to establish a good shot etc... Conclusion: Don't rent this movie, don't even pirate it. It's far too bad to waste any time on. The good reviews may be entirely bogus, after meeting Gerry It seems more then likely that he is posting them himself."
2,,"Seriously. If this had been the first Shack movie, it would have been passable as funny, silly and goofy. Light satire commentary on the class system would make this an enjoyable late-night rental. However, everyone wants to compare it to the first film, and maybe that's not fair. The first film is a cult classic; what could possibly follow it up? Nothing. So take this second film as a stand alone, and it certainly has its moments. Jackie Mason is amusing, doing his best Rodney-wannabe impersonation. Is he as good as Rodney? No. Are his lines as good? No. But he is funny. The rest of the cast falls in line as being decent, but not outstanding. You'll recognize faces amongst the cast and wonder how they got to where they are today. The film is predictable, but aren't most in this genre? Again, it's not the best comedy you'll see, but if you like Cannonball Run-type fun, you'll enjoy this one."
2,,"This 1939 film from director John Ford and writer Lamar Trotti tells a fictional tale of young lawyer Abraham Lincoln, his trials (literally) and his tribulations. It's a sentimental film, reasonably well made but hardly breathtaking. The casting of Henry Fonda as Lincoln seems a mistake, for while the actor had the right doleful qualities for the part, even with several inches of makeup and a false nose he's way too handsome for Honest Abe, who was famously homely. It's a good try from Fonda, who's nothing if not sincere, but his miscasting throws the entire film off. The supporting cast is excellent, though, and includes Alice Brady, Ward Bond and Donald Meek. But Ford is too reverential in his treatment of Lincoln, who is presented as just shy of a saint, and in the final scene the movie goes way over the top."
1,,"What on earth was that? My family and I just waisted 2 hours of our life for this piece of rubbish !!! There was no plot, no tension, only a lot of boredom !!! My kids could do better movies with our video-camera. But maybe we just did not get the point of the movie...oh wait, my mum did. She was the only one who liked it for the following reason: ""At least a film with no cars screeching..."" If you are looking for a war-film with no fighting in it, is still interesting and gripping and has a strong anti-war-message, then you should watch ""The Trench"". I give this film 3 out of 10 because it is good enough for an afternoon-nap and because I am too nice..."
1,,"Seriously disappointing performance by Brad Pitt and Q T, the plot is very superficial and lame, and, unless indirectly intended, this film actually glorify the Nazis and portrays them as men of honor, and show that the Jewish people are deceiving, cant keep promises and bloody vicious. ((THE FOLLOWING CONTAINS SPOILER)) Hitler together with the most notorious Nazis are attending a stupid plot less movie about the killing of 300 Italian soldiers in a small cinema theater in Paris is unbelievably ridiculous. the Nazis laughing and hooraying each killing in the movie as if watching a basketball game STUPID, the deal at the end is lame. whats really appalling is that the movie earned great reviews and is ranked here in the 40s amongst the greatest 250 films. will not be surprised if it harvested many awards, including Oscars, as well. the movie is simply a kissing ass to the Jewish people, but hey reconsider, its not even doing a great job doing that. it truly dwarfed the whole Nazi - Jews conflict and a pure insult to all who fought and suffered from the tyranny of the Nazis."
2,,"The basic hook here is: Lincoln Is Slow. It is his slowness that represents his thoughtfulness and deliberation, making him a Great Leader who is here engaged in single-handedly civilizing the American frontier through the grand instrument of Law. All that John Ford hooey and more, including one lurking slave and extraneous Death By Injun. However! The 'slow' conceit is also at the center of one brilliant piece of movie-making, funny and moving at extremes. The history may be bunk, but the telling of it suggests a view of history as process that inspires some excitingly true-seeming moments. Check out Henry Fonda's big introductory stroll across the deck, his shockingly beautiful second visit with his girl by the river, his dalliance with Mary Todd on the porch, and the priceless business that follows 'Ma'am, we've got to hurry!' Things do thin out once we settle into the big courtroom drama; but Fonda is priceless throughout."
2,,"Who the hell rests at night whilst walking in the desert and travels in the heat of the sun, and these people are supposed to be professional trackers/journeymen!! Who the hell rests at night whilst walking in the desert and travels in the heat of the sun, and these people are supposed to be professional trackers/journeymen!! Who the hell rests at night whilst walking in the desert and travels in the heat of the sun, and these people are supposed to be professional trackers/journeymen!! Who the hell rests at night whilst walking in the desert and travels in the heat of the sun, and these people are supposed to be professional trackers/journeymen!! Who the hell rests at night whilst walking in the desert and travels in the heat of the sun, and these people are supposed to be professional trackers/journeymen!!"
2,,"This is Lucio Fulci at his best. If only all the films he made after were like this. This extraordinary film is as intriguing as Dario Argento´s ""The bird with crystal plumage""... If you´re an Argento fan but you don´t like Lucio Fulci films, like ""The Beyond"", ""Manhattan Baby"", ""The House by the Cemetery"", etc. this one has nothing to do with the others... this is what the Italians call ""giallo""... that would be something like a ""who-done-it"" movie in a nutshell. You won´t know who the killer is until the last moments of the film. But apart from that, there´s the plot: some maniac living in a small village starts killing little boys... A journalist (Tomas Milian), a sexy young woman (Barbara Bouchet), a priest (Marc Porel), his mother (Irene Papas) and a witch (Florinda Bolkan) are the main characters in this tangled, bloody story. Talking about the actors, I want to say that Tomas Milian is superb (like always), and Florinda Bolkan is terrific as the village witch... Do you want to know who is the killer?... I cannot tell you... but I can tell you that you must see this film!. (10 out of 10)... of course!"
1,,"Director Michael Ritchie and actor Robert Redford's second documentary-style drama, 'The Candidate', is a political satire that still seems fresh and pertinent today. So it's a pity that 'Downhill Racer', made a short time before, seems so dated by contrast. The music is ugly, and the perhaps innovative ski-ing sequences are now standard in televisual coverage of the sport. The world of ski-ing seems strangely amateurish (probably accurately, given the time the movie was made, but it's hard to relate to today's professional world), and the theme of Americans in Europe likewise seems hundrum in an age of ever easier travel. Perhaps the biggest problem is the flat plot, centred on the arrogant but enigmatic hero; unfortunately, it's a dreary performance from Redford, offering us little insight into his cares or motivations. And a character-driven film without much of a character is never a good bet. I expected much, but sadly this is a boring movie."
1,,"After being bitten by a bat in a cave,a doctor named John Beck undergoes an accelerating transformation into a man-bat creature.His wife assures him that there's nothing wrong with him,it's all just due to rabies or the anti-rabies drugs he's taking.The local cop thinks that John is responsible for several gruesome murders.""The Bat People"" by Jerry Jameson is one hell of a horrible film.The script is deadly dull and there is no gore nor nudity.This pointless piece of crap is so mind-numbingly boring that you'll scratch your head in a total disbelief after suffering through it.Even the design of a man-bat creature by a young Stan Winston is completely pathetic and unmemorable.Avoid this stinker like the plague.2 out of 10."
1,,"This film tried to be too many things all at once: stinging political satire, Hollywood blockbuster, sappy romantic comedy, family values promo... the list goes on and on. It failed miserably at all of them, but there was enough interest to keep me from turning it off until the end. Although I appreciate the spirit behind WAR, INC., it depresses me to see such a clumsy effort, especially when it will be taken by its targets to reflect the lack of the existence of a serious critique, rather than simply the poor writing, direction, and production of this particular film. There is a critique to be made about the corporatization of war. But poking fun at it in this way diminishes the true atrocity of what is happening. Reminds me a bit of THREE KINGS, which similarly trivializes a genuine cause for concern."
1,,"With No Dead Heroes you get stupid lines like that as this woefully abysmal action flick needs to be seen to be believed. William Sanders is saved by his buddy Harry Cotter during an extraction in Vietnam but gets himself captured by the enemy. Fast forward ten years and Harry is now a brainwashed Russian operative with a mind control microchip implanted in his brain. His new Russian superior is Ivan played to the obscene hilt by Nick Nicholson who might I add not only doesn't attempt once to speak with a Russian accent but resembles more a gas station attendant in Kentucky with his stained teeth. What is even more absurd is the fact that he was also the dialog coach for this film. Soon William is re-recruited by the CIA to hunt Harry down. He teams up with Barbara, a freedom fighter who has infiltrated Ivan's El Salvador camp and soon the both of them are blowing up half of South America. Some scenes are so jaw droppingly awful that it's a wonder why this film doesn't have more of a cult following. One such scene is the sudden lovemaking in the jungle by William and Barbara accompanied by the most inappropriate catterwalling background music I've ever heard. Who would strip completely nude in the middle of a South American jungle? There is a rape scene that uses the end theme from Blood on Satan's Claw as well. No Dead Heroes is the magic bullet movie champion of all time as one shot leads to multiple kills. In one scene Harry strafes his rifle from behind a rock and kills seven guys. I had to rewind it and count. Hard to find film that has recently gotten the full HD treatment by MGM. Track this movie down and watch it for the sheer silliness that ensues."
1,,"This show makes me(and many others) hate their lives. Let's face it, Zoey is perfect; she's bland pretty, gets good grades, everyone goes to her for advice, she's popular, she goes to an amazing school with amazing rooms. Reasons why I gave this show a 3: 1. The acting is horrible.Sometimes I just want to hurt the people who put these untalented actresses(especially victoria justice) on television. 2. The characters are unbelievable and mismatched. You have your typical popular girl. A peppy, shallow, stupid ,stereotypical, girl who is portrayed by a horrible actress. Then you have a typical jock guy who is somewhat normal and actually nice.Then the stereotyped smart girl who is a freak and obviously does not fit in with the perfect popular friends of hers. Then a stuck up rich pretty boy that would be happier gazing into a mirror all day. Then the wanna be actress who is played by another stinky actress. And last a normal nerd person guy. 3. The plot is boring, and lame. 4. I hate how spoiled these characters are. Can't they just be normal! 5. Everything ends up perfect for them, and we all are reminded of how much our lives stink."
1,,"Råzone is an awful movie! It is so simple. It seems they tried to make a movie to show the reel life. Just like Zappa did many years ago. But unfortunately Denmark lacks good young actors. Leon are by many still the little girl in ""krummernes Jul"", and Laura is simply not good enough to play such an important role. several times in the movie she plays with out soul and this is destroying the movie! Even though i consider it a movie you ought to see. I do not agree that the youth are behaving like this, but i think it can show how it can end, if you are letting your child down. Also it is important to support danish movies and new companies like ""Film folket""! all in all I think people should see Råzone. Not because it is a great film, but because it is a movies which is dealing with important themes. I also think it is important to point out that there are some violent scenes in it, and actually it is in these scenes, Laura is acting best. - like the ending where she is holding the gun!"
2,,"Even people who dislike the film, usually because they find the ending confused, should appreciate the strong acting of Elijah Wood & Joseph Mazello who played the two young leads in this movie. Spoiler WARNING: At a literal level, the ending makes no sense. People who think the ending makes some sense at other levels are divided between those who 1) think the younger brother was killed by the step-father either the one time Mike (the older boy) was away dealing with the neighborhood gang, or flew off the wishing spot in his wagon to escape the situation through death & those 2) who think the younger brother is imaginary & his flying off in the wagon transformed into a flying machine signals his overcoming the abusive situation. I favor 2). It makes a lot of sense in terms of the way many children deal with abusive situations. It is not uncommon for an abused child to split his or her psyche & project the abused self into something else; a stuffed animal, even an imaginary friend. This way, it makes a lot more sense that it is always the younger boy who is abused & never Mike. In reality, it is unlikely for one of two brothers to get all the abuse, although that does happen. Also, it is Bobby, the younger brother who is also the encouraging one, the one who insists that they can overcome the situation. Also, the death of a real-life sibling through abuse would have been too shattering for an adult with this in his history to transform into as upbeat a fantasy ending as this."
1,,Half the reviews were good so i took a chance for $10. Sure Priscilla Barnes had some sex talk but it wasn't much. The whole plot later that she may be the other actress mother & the documentary maker falling for the young woman is stretching it. Its not funny its not that raunchy its not much of anything but a waste of time. Boogie Nights was based on real people that were in the adult industry this is based on nothing that ever happened in the industry. It could have shocked with whats popular today in adult films mocking todays gonzo videos and that big orgy that they had 5 minutes to shoot what a joke a bigger orgy has been done bigger & better decades ago in the early 1970s.
1,,"This film starts with a pedestrian setup before blundering into the standard sort of suspense action where an office worker keeps beating up trained secret service men etc. I couldn't say the acting was bad - there were some good ""surprised"" faces by Hamilton and Sheen - but then I really wouldn't have to. Risible finale did at least give me a good laugh for my pains. Still, if my life was flashing before my eyes, I think I would fast forward this 90 minutes. I have to write two more lines of text just to get this thing published. Yes, very resistant suit that sheen wears. I made a special promise to myself never to watch a film this bad again."
1,,"I can't give it less than a star, I tried. At this moment, Im not sure if Im halfway through it or not, but I stopped actively paying attention around the time part of it was revealed to be a dream. Or not. Or maybe it was. I think viewers who posted a comment that didn't include the descriptions ""horrible"" or ""awful"" or ""made me want to swallow a bullet"" are probably being nice because it is an indie film. Don't listen to them, listen to me- there is no nudity in the movie, skip it. I needed ten lines to submit this warning, so I will also say that the goth girl that some users have described as ""hot"" is fat. She has fat elephant legs."
2,,"This neo-film noir is one of a genre of late twentieth century American films that all seem to involve corrupt characters, fast cars, a ribbon of highway and, of course, plenty of guns wielded by people who appear never to have taken a gun safety course. The actors are the best reason to see ""Black Day, Blue Night."" There is the late, great J.T. Walsh (""Swing Blade,"" ""Pleasantville,"" ""Red Rock West,"" ""The Last Seduction,"" and many more), who did many neo-films noirs (See also ""Breakdown""). Then there is Michele Forbes of the TV series ""Star Trek: The Next Generation"" and ""Homicide."" (In a supporting role, there is even the late Bejamin Lum who also appeared on a Star Trek episode titled ""The Naked Now."") A spoiler of sorts--a clue really: Only the most innocent survive, but innocence is a very relative term in a movie like this, and you probably won't guess who is innocent before the final reel."
2,,"Night Hunter starts in '1968' as a young Jack Cutter (Chris Aguilar) is unexpectedly handed the family tradition of becoming a Vampire hunter when a fellow Vampire hunter Sid O'Mack (Sid Haim) betrays his family & hands them over to the Vampire's, to aid Jack on his quest he is given a book that contains the name of every Vampire alive, or dead whichever way you look at it... Jump to 'June 1995' & Los Angeles where the now adult Cutter (Don 'The Dragon' Wilson, also credited as co-producer) has but four names left in the book including, Argento (Vince Murdocco) & Carmella (Sophia Crawford) together they are the last of the American Vampires. As they all dine in a restaurant Cutter crashes the party & kills them, job done right? Wrong as King of the Vampires Bruno Fischer (Nicholas Guest) calls in the last four remaining Vampires from around the world, the French Tournier (Maria Ford), the Asian Hashimoto (Ron Yuan), Ulmer (David 'Shark Fralick) & Sangster (Vincent Klyn) to track Cutter down & kill him. Meanwhile Detective's Hooper (Marcus Aurelius) & Browning (Cash Casey) don't have a clue & a nosey reporter named Raimy Baker (Melanie Smith) becomes involved in the battle between Cutter & the Vampire's on which the very fate of Earth rests! Directed by Rick Jacobson I thought Night Hunter was quite a fun way to pass 85 odd minutes. The script by William C. Martell mixes martial arts & horror with a fair degree of success, it moves along at a nice pace & is at least never boring & thankfully doesn't seem to take itself too seriously. The character names that reference other horror film director's/actors are a little tacky though. Some may be surprised at how closely Night Hunter resembles Blade (1998) yet was made a couple of years prior, the lone moody long coat wearing Vampire hunter who happens to be an expert in martial arts, the scene set in a nightclub & the innocent woman drawn into the world of Vampire's. Night Hunter doesn't really stick to traditional Vampire film law, for instance sunlight only irritates their eye's, they can only breed on a solar eclipse (why?), stakes through the heart & garlic is no good as the way to kill a Vampire in Night Hunter is to break it's neck. I could have done with a bit more horror & a bit more blood as it leans more towards the martial arts side of things. The dialogue is suitably cheesy & the character's are just about likable enough in a silly way. Director Jacobson does his best to ruin the film, the actions scenes are OK but lack a certain something & for some bizarre reason whenever an action sequence takes place he shakes his camera constantly, it's like the camera is placed upon a washing machine full cycle! Hey Rick, mate, it's not clever or stylish it's irritating & annoying. The gore is disappointing with a few gory gunshot wounds & a few splashes of blood, breaking Vampire's necks don't involve much blood unfortunately. With a budget that probably didn't amount to much Night Hunter is competently made throughout. The acting was bad most of the time & what's with 'The Dragon' thing in Don 'The Dragon' Wilson's name? Has he legally changed his name? Does he sign cheques Don 'The Dragon' Wilson?! Does he get mail addressed to him in that name? I think I might do something like this, from now on I want to be known as Paul 'The Killer Klown' Andrews... Night Hunter is one of those crap films that transcends it's limitations & awfulness to become pure golden entertainment. If you like your films fun then Night Hunter might be for you, if your looking for big-budget thrills in a similar vein (! Vampire's, veins & blood get it?) then Blade & it's sequels would probably be a better choice. What the hell, I liked it so sue me."
1,,"It's difficult to decide who or what is the target audience for this film. Jean-Pierre Limousin presumably had the chance to explore the problems of amnesia on a serious level and opted instead to use it as an excuse to make a soft-porn movie. Having seen, loved, admired and respected Se Souvenir des belles choses which explores memory loss - albeit as the result of Alzheimer's - in a profound and heartbreaking way, not least in the luminous performance of Isabelle Carre I find that Novo is an insult to Se Souvenirs. I have no problem with soft porn per se - and even if I had I'd virtually have to give up going to movies so prevalent is it today - but I do have a problem with writers/directors who attempt to respectablise it by cloaking it as here in the guise of medical research. The sad thing is that fine actresses like Julie Gayet - so wonderful in Clara et Moi - and Anna Mouglalis - who seems to have hit into a double play after last week's Le Deluge and now this - are wasting their time on dross like this."
1,,"i saw this with my with my kids they love it but i don't she did not get run overfed by a reindeer in the song, but what the heck in this crappy movie she got hit by the sleigh, it's like what the heck why why, when my kids heard the sinked they thought it was good but we they watched this they were like this ""daddy why did Granny"" thats how my kids say grandma, any way my kids said this ""daddy why did grandma get hit by a sleigh"" i told them that the movie was crappy they agreed, it's sad why would any one name there dog ""Doofas"" that's just dumb & when every one dressed in black that looked so so i mean Daphne looked like a dang emo goth girl every one looked like Goths & in the song they found grandma on the ground i think she died in the song, but in this weird crappy movie she was gone i think they should take this show off OK every one would love this i give this a 1 out of 10"
1,,"This is by far the most awful movie I have ever watched. I have never before rated a movie 1 out of 10. My advice is don't watch it. This doesn't even classify as a movie. You'd be better off sitting on the couch bored rather than watching this movie. Acting was terrible but what was worst by far was the storyline. Highly unlikely sequence of events which aren't even funny. They are actually very lame and stupid. Very foolish choice by Ashton Kutcher and Tara Reid to act in this movie. Might even upset their careers a little. When I walked into Blockbuster, the main focus was on this movie , so I decided rent it. I sincerely regret it. Once you're 10 or 20 minutes into the movie you could basically predict what was going to happen. I was hoping it would get better , but instead it got worse. I am not exaggerating this. The movie is terrible. Don't watch it. Hope this helps."
2,,"I cherish each and every frame of this beautiful movie. It is about regular people, people we all know, who suffer a little in their life and have some baggage to carry around. Just like all of us. Robert DeNiro, Ed Harris and Kathy Baker breathe life into their portrayals and are all excellent, but Harris is especially heartbreaking and therefore very real. You would swear he really is a trucker who drinks so he won't have to feel anything. Baker as his put-upon sister also has some delicate moments - when DeNiro gives her flowers in one scene, it seems like she was never given flowers before and probably wasn't. Very worthwhile."
2,,"Having the opportunity to watch some of the filming in the Slavic Village-Broadway area I couldn't wait to see it's final copy. Viewing this film at the Cleveland Premier last Friday, I haven't laughed out loud at a comedy in a long time! It is great slapstick. The Russo Brothers did a fine job directing. The entire cast performs their best comedic acting... No slow or dry segments... George Clooney is one of my favorite actors and he's great as the crippled safe breaker in this flick. I was most imprest by William H. Macy as crook ""Riley"" and Michael Jeter's as ""Toto"" they keep you in ""stitches"". I believe they have the funniest roles in the entire movie."
2,,"Superbly developed characters into the lots of funny situations full of spirit, absurdness and Serbian mentality. Movie is a great comedy, enjoyable, interesting, unpredictable. Best point in a film: characters, then humor itself, story and dialogs. Humor has 'inner development' , rare in Serbian movies. So, it is consequence of characterization, is well motivated, spontaneous and cogent. Also it is sharp, intelligent and lucid. Most of the movies, unfortunately, had constructed humor (devise a joke and put it into a characters's mouth) or ordinary situation comedy, burlesque, farce. Some of the 'art immortality' are incorporated in this movie. Little masterpiece, hardly reachable."
1,,"I can count (on one hand) the number of good movies starring Joe Don Baker. This is not one of them. Interminable chase scenes, dim-witted dialogue, and terrible lapses in continuity made this movie a prime choice for getting the send-up on MST3K. And that is the only way I was able to watch this..."
1,,"Warped take on the Pinocchio theme, and set during the Christmas season(..after the previous entry abandoned ties to Christmas) has booby-trapped toys sent to murder a child(..yet through this, other victims are accidentally harmed in the process)perhaps by a toy maker's ""son"". Screaming Mad George was responsible for the killer toys(..including a larvae which enters a victim's mouth and out his eye, another where soldier toys actually shoot real bullets at a babysitter after her boyfriend was practically strangled by a severed hand toy, operating from a remote control). The little target is a mute child named Derek(William Thorne)whose stepdad was murdered by a red ball with extending arms that ensnare his face, causing him to land on a fireplace poker. Mother Sarah(Jane Higginson)worries about her son's mental state, figuring his reluctance towards opening presents or, more importantly, talking, derives from watching her husband's horrific murder. Derek's real father, Noah(Tracy Fraim)fears for his son't safety, and informs, reluctantly, his ex-girlfriend Sarah that the local toymaker, Joe Petto(Mickey Rooney)once was arrested for setting traps in toys to harm kids due to the loss of an unborn child when his wife was killed in a car crash..kind of a retaliation in saying that if he couldn't have a son, then others shouldn't either. Still quite a heavy drinker(..often seen swigging Jack), Petto seems to have set aside his feelings towards kids, but his creepy son Pino(Brian Bremer)hasn't and Derek he harbors angst towards. Why? You'll soon understand. Pretty disappointing special effects and rather goofy premise. Rooney's name adds an allure to the film, gaining it a notoriety, but his histrionics can only help so much. Attractive lead actress Higginson(Slaughterhouse)and Fraim as the man who re-enters her life aren't so bad, but the lame plot that develops is hard to take seriously. I'm guessing that's the point, but Rooney has no reason to be in such a film as this..he has no room to bring any personality to his toymaker other than rage and desperation, quite volatile, barely holding himself together as he explodes in anger towards Pino, when not downing liquor. Bremer is appropriately weird and ""robotic"" as Pino, longing to have Sarah as his mama. The practical effects used during the attacks on victims are rather unconvincing..Screaming Mad George's work with Savage Steve Holland was far more effective than what we see in this film. The sex everyone talks about isn't as gratuitous as many would have you believe(..I can't even recall any nudity). Probably the best of the numerous sequels greenlighted, but that's not exactly an endorsement. I'm pretty sure written on paper, this was an entertaining concept, the idea of spoofing Pinocchio using horror elements, but the result doesn't exactly blow you away."
2,,"I don't know what the critics were viewing when this movie was released, but it slipped by them unnoticed. It is well written, witty, satirical, and thoroughly enjoyable. It's like a video game brought to life. You never know who's behind the door or what will happen next. The violence is not gratuitous nor overdone for splatter effect. One last word: For you Mickey Rourke fans...the Mickster is back and at his coolest in the cameo performance at the end."
1,,"As a Christian, I found this movie to be completely embarrassing. The actors sucked, the writing sucked, the cinematography sucked, and the story was so typical. I couldn't say this is a great witnessing tool, because I'd be too embarrassed to show any of my unsaved friends. Hollywood has much better stuff, and that's because they invest the best into it. Christians put out sh*tty work and think it's OK because ""it's for the lord"". In the old testament, people spent huge amounts of money to bring offerings to God. David (or Saul.. I don't remember) spent what would be equal to about $50 Billion in todays money on building a temple for God. But these days, spending what would appear to be about $30,000 tops on making a movie to ""witness"" to people with is just pathetic. It's the person, not the product that affects someone. Don't waste your time trying to convert your friends with this waste of an hour and a half. If you want to make a positive impact with people, show them movies like The Matrix, American Beauty, Braveheart etc.. movies that have something to say and actually get it into you."
1,,"This movie had so much potential - a strong cast, a reasonably strong idea and clearly a decent budget. I'm not sure where it all went wrong, but each of those elements was wasted. The story went nowhere, the characters were hollow to say the least and the result was a very boring, pointless, waste of a film. I hated it. Judging by the other votes, I'm in the minority here and must be some sort of freak. However, I thought this movie was dreadful. I had high hopes, but was very disappointed. A particular disappointment was Jody Foster's character. A very cocky ""fixer"" of sorts makes a nice idea. Jody was confident and sexy, but the character did nothing and went nowhere. Denzel Washington played the same character he always plays - enjoyable but nothing new."
2,,"I can tell you just how bad this movie is. I was in the movie and I haven't seen it yet, but I cringe at the thought of anyone actually paying to see me drunk. Especially considering what we did that year. The thing is that they probably over edited it. Especially the scene where my roommate was snorting coke of the tits of a Mexican prostitute (they probably should have followed him around). We made a few come and go appearances but aside from that I can't really remember anything. I was the MC in a few scenes (from what I'm told. What I can tell you is that everyone avoided the camera crew since who wants to be remembered as the guy who threw up or the girl who showed her tits to the world (or the girl that loser lost his virginity to). Overall the trip itself was crazy but people act different once the camera is on them."
1,,"This is the one major problem with this film, along with a good deal of québecois' biggest movies: Done in a pretentious way by pretentious people. It's really sad, but ""big shots"" movie makers (driving Dodge Stratus...) from this province believes They Got the Thruth, They Know What the Little People Like. We're not a rich province, every time a big movie like this (30 millions?!!?) is made, it's cutting off a lot of others who won't see their movie made because of lack of governmental help. So it generates mediocrity; only movies from ""friends of the family"" are going to be made. I sound angry and I am. I went see Nouvelle-France expecting a journey in the lives of my ancestors, but i found myself stuck in a pool of inconsistencies: french accent (we gotta please our cousins, so f*** our québecois' language)and lack of historical research is only a few. Add a campy love story and the same music score playing again and again and dumb québecois' viewer is gonna open up and ask for more. I'm glad this pretentious piece of s*** didn't do as planned by the Dodge stratus Big Shots... It's gonna help movie makers who aren't in the very restrained ""movie business"" of Québec. Rent Cruising Bar instead and have a real good time. PS: I'll never forgive them for ruining such an awesome title."
2,,"I have to be honest and say I bought this movie, not because of the content, but because David Cubitt is in it; I know ... shallow, or what? - but, come on, Mr Cubitt is a fantastic actor to put it mildly. I really didn't know what to expect from watching this movie, I'd read the other write up, and those on other sites but I have to say I was drawn into the world of the brothers almost from the get go. David Cubitt as Theo, and Colm Feore as Ryan are so believable as the two estranged brothers, the film moves through their relationship as they start to try getting to know each other again after their fathers death. The scene where Theo finds out Ryan is gay was played brilliantly, he literally walks in on a scene and tries to leave without Ryan noticing - which of course he has. The film has been very well researched and is therefore incredibly sad, moving, uplifting and a celebration of life in parts. I came away from this feeling sad at what Ryan went through but also with the knowledge that he was given hope and unconditional love by the ex drug addict brother Theo. I agree with the other reviewer who finds the scene where Theo says he will be a father moving, and I'd go a little further to say I actually vocalised my thoughts at Ryan when he cruelly says to Theo 'What makes you think you can be a father' and Theo says simply 'You.' Theo walks away then, but that small exchange of dialogue speaks volumes to the almost self pitying aspect of Ryan who is brought up sharply by the simple retort. A brilliantly conceived movie on all counts, the acting, directing, writing etc are all so well done. I can't really find anything else to say about this movie, except to say that it is very hard dealing with the death of a loved one but this is done superbly, to the infinite degree. The respect for the subject matter and the outpouring of love (without being contrite and mawkish) speaks volumes in this rather selfish world we live in today. Well done to all concerned. Not many movies bring me to tears and give me pause to think about life in general, and also to be glad for all the things I have and not be sad for the things I don't, but this movie did, it was unbelievably uplifting considering the subject matter."
2,,"Boogie Nights follows a theme that is extremely familiar to gangster films (although it doesn't fit into that genre itself) - the rise and the fall. We see the rise of several individuals, some of them from complete obscurity, to achieving great heights ... and then falling from grace due to their excesses. I believe that this is the first feature by writer/director Paul Thomas Anderson, and it's a great start! I saw elements of other directors' influences, such as Robert Altman, but the film holds its own in originality and plot development. Character development is the movie's finest feature. I really identified with all of the characters and felt their pain and their success with them. All of the performances were brilliant. (It was especially good to see a small part performed by real-life porn veteran, Nina Hartley). Basically this film combines comedy and tragedy with the result being one of the best films of 1997, which was snubbed at the Oscars (probably due to the ""racy"" - as they would say - subject matter, and the general conservatism of the Academy."
2,,I watched this movie probably more than 20 times. The jokes are now 10-15 years old but every time I watch it it makes me fall off my chair. Two of the finest actor Salman Khan and Aamir Khan plays the lead roles here. Even if Aamir Khan is a much better actor and got the better role(smart guy) in the movie Salman Khan matches and sometimes perform even better as the dumb guy. All the characters are memorable. This movie is filled with hilarious one-liners and funny situations(a little too silly probably). Don't try to look for logic in this movie. Let your brain relax for some time. I promise it will be an experience to remember.
2,,"In the 60's Cleveland television audiences could watch a episode of ""Flash Gordon"" as part of the Ghoulardi Show (11:30PM Friday). This was the best mockfest material any of us in junior high had ever seen. We would have regular ""sleepovers"" (although we did not call them that) just to get in on the fun of watching this stuff with a group of friends. Then the next week we would quote our favorite cornball lines from the latest episode. Watching it today provokes much the same reaction. But if you can stop laughing at the dialogue, the lame creatures, the silly costumes, and the horrible spaceships long enough, there are some good things I did not appreciate the first time through. The production designers built some excellent sets, both the rooms and the laboratory devices. Charles Middleton's ""Ming the Merciless"" character was the all-time best screen villain, certainly up to that time and arguable better than anyone since. Jean Rogers is staggeringly beautiful. Then again, what do I know? I'm only a child."
2,,"Intruder in the Dust (1949) Dir: Clarence Brown Production: MGM Excellent 'Southern Gothic' tale, adapted from the Faulkner novel, about a black man, accused of the murder of a white man, who asks a young white boy he has befriended to help him prove his innocence. Lucas Beauchamp (Juano Hernandez) is something of an anomaly in this small town. He's a black man who owns the land he lives on and doesn't think much of the diseased social order that mostly keeps the peace here and in many similar small towns. So when Lucas is found holding a gun over the dead body of Vinson Gowrie, shot in the back no less, young Chick Mallison (Claude Jarman) (who Lucas once saved after Chick fell through the ice while hunting on his land) fears that the town finally has the chance to ""make Lucas a n*****."" Arrested, and with a very real chance of being lynched before the night is through, Lucas reaches out to Chick for help, as the only person he knows ""not cluttered with notions"". Chick asks his Uncle John, a lawyer, to defend Lucas and while the man is initially bothered by his own notions he agrees and they race against the gathering mob to save Lucas' life. The film has an uncommon frankness for its time and is mostly free of moralizing. The lawyer character has a tendency to speak incredibly self-aware dialogue that sounds mostly like something from the printed page, but it has minimal impact on the tone. That's a credit to the rich characterization of everyone else. Juano Hernandez, who had mostly appeared in Oscar Micheaux films, is superb as the proud Lucas. Porter Hall as the murdered man's father, in maybe the best role I've ever seen him in, and Elizabeth Patterson as a plucky old lady sympathetic to Lucas' case, standout in support roles. The setting is perfectly realized. It is actually filmed in Oxford, Mississippi, Faulkner's hometown. Brown also uses the crowd in an effective way, it's always an anonymous mob against a single person (like Lucas when he's arrested or John when he's going up to his office), that is very threatening. Or the grotesquerie of the whole town gathering at the jailhouse to witness the lynching like it was a parade. Of note is an absolutely riveting scene when Chick and his friend Aleck go evidence gathering in a cemetery. Robert Surtees (THE BAD AND THE BEAUTIFUL, THIRTY SECONDS OVER TOKYO, BEN-HUR) shot the picture. *** 1/2 out of 4"
2,,"Having heard of Modesty Blaise before, but never having read a novel or a comic strip, my wife and I liked the film a lot. It delivered, in a captivating way, a good introduction to the character and her background. Although it has some action flick elements, it is much more an intimate play, excellently written. Sadly, this is also, where a major drawback of the movie is revealed. An intimate play lives on the capabilities of its actors and unfortunately only half of the cast delivered. While Alexandra Staden did an excellent job as Modesty Blaise, her counterpart Nikolaj Coaster-Waldau - as the villain Miklos - did not. Smiling his way through the plot as if it is an extend toothpaste commercial, he fails to build up an atmosphere of anxiety that would have made the movie a masterpiece. The supporting cast is somehow similar, from some stereotyped gangsters and sluts to decent performances from Fred Pearson as Professor Lob and Eugenia Yuan as Irina."
2,,Very good dramatic comedy about a playwright trying to figure out how to keep his head above water after running out of ideas. Can't say much about this film without giving away the story. I can say that little was as it seems as you are watching the picture. Everybody has his or her own agenda. Nice little surprise at the end - after all the other surprises. Well written with good performances by all.
1,,"Hope Floats with Sandra Bullock is a real disappointment. The story starts off ok. Her husband cheats on her and she finds out on national television. So she has to rebuild her life. Here it could have gotten interesting or built up in a story line, but you become so bored with it. She moves back with her parents and Harry Connick Jr. who plays Justin begins hitting on her. The two have no real chemistry at all, yet your supposed to get the impression that Justin is in love with her. The movie ends the way you figure it will but you wish it hadn't ended like every other kind like it. They had a good start with this movie and could have turned it into something watchable but instead its a movie that you definitely want to miss."
1,,"""Curse of Michael Myers"" is a very frustrating piece to deal with for a fan of the Halloween series. After a very disappointing letdown in Halloween 5, the series reached a near ebb in plot lines, with a silly devolution into witchcraft and a teenage cult dedicated to the worship of Michael Myers. ""Curse of Michael Myers"" ups the ante in blood and gore, but really represents a decay in the series' integrity. It's too bad to, as this is the last movie for Donald Pleasance as the character of Dr. Loomis. Pleasance has some good screen moments (precious ones if your a fan of the series) as the now very aged and as he says ""very retired doctor"". Sadly he died before the movie was completed, and it is very apparent at the conclusion of the film that the stories original climatic scene was never realized. Right from the beginning credits, Halloween 6 has more of the feel of a made-for-TV movie then that of the block-buster horror flick that it started out as in 1978. Any loyal Halloween alumni should have demanded more from this film,... Dr. Loomis and Donald Pleasance deserved more."
1,,"A large part of the scenes should be cut off. There is a lot of scenes that should have been cut off. For example the scene where the hunters mentions ""I got spiders on my dick"", ""I like dick"", playing in the mud scene, or a bar scene where a professional dinocroc hunters main job is a snake charmer. How about other terribly incoherent scenes featuring a woman, Diane who wants to loose her virginity to a boyfriend who walks like he wears women's panties three sizes too small. While they make love, didn't they realized they are making it out next to the little boy who will soon run away and loose his head? Why did they do in a living room? I mean his head really flipped. How about the beach scene very reminiscent of Steven Spielberg's Jaws scene at Grant Lake. All these strange scene could easily be re-dubbed and billed as a comedy. Here in my local town, the cineplex theaters had been advertising for months about Dinocroc, and I am glad I didn't watch it because I later found out it was shown only for 1 or 2 days before it was canceled. The movie was THAT bad. I suspected that Dinocroc was not a good movie looking at the preview. It features the leg of Dinocroc that looks like a child wearing green pajamas and slippers with claws and walks up and down like a 2 year old. It could easily passed over as Baby Geniuses. If any students of movie making wants to learn what not to do this is a real classic trash. Such as Diane's boyfriend who walks like he had an advanced case of syphilis makes you wonder what the poor woman sees in this guy who looks drunk even before he get to drink beer. When this happens, who cares about Dinocroc? The panties man looked more more interesting than the entire movie of Dinocroc. His acting was so bad, he makes a much better replacement for Mr. Bean. MOVE OVER ROWAN ATKINSON, here is a man with a better comedic talent in a horror sci-fi flick. Perhaps the worse casting in the history of Hollywood."
2,,"Time For A Hit! Waqt Dir- Vipul Amrutlal Shah Cast- Amitabh Bachchan, Akshay Kumar, Priyanka Chopra, Shefali Shah, Rajpal Yadav and Boman Irani. Written by- Aatish Kapadia Rating- *** Eureka! We've got it! Yes, ladies and gentlemen in Vipul Shah's 'Waqt', we have probably found this year's first bona fide hit. Replete with all the necessary ingredients of a commercial Bollywood fare, 'Waqt' has all that it takes for a movie to click with the Indian audiences. It's the kinda film that makes a distributor feel happy and contemplate his next phoren visit! In this 'saga of Indian emotions' then, we have a happy family(isn't it always?) of three. Ishwar(Amitabh Bachchan), the postman-turned-millionaire(don't ask how!...there's something about selling toys while delivering letters and all that seriously- who gives a damn!), married to Sumi(Shefali Shah) is a doting father to Aditya(Akshay Kumar). Ishwar has to make a serious decision about his son's careless attitude towards the responsibilities of life. His love for Aditya though, results in his procrastination of the grave issue. However, when faced with a situation that will test his race against time, Ishwar has no alternative but to throw Aditya out of the house- hoping that the new predicament might make him more conscientious of his own life. But this presumed solution becomes a problem in itself, as the rift between the loving father-son increases and the fences continue to grow. You don't have to be a rocket-scientist to realize that such a story provides ample opportunities to infuse comedy and drama alike. So, pre-interval you have the initially funny, later annoying comedy track of Boman Irani and Rajpal Yadav; and post-interval there are the go for your kerchief moments between Aby and Akki! Writer Aatish Kapadia(he also penned the original Gujarati play 'Aavjo Vhala Fari Malishu' on which the film is based) does a good job of keeping the narrative fluid. The dialogues tend to get inconsistent at times. It doesn't help that songs appear like acne on a teenage face and mar the proceedings. Clearly, a couple of numbers could've been done away with. On the directing front, Vipul shows that he possesses a natural flair for story-telling. 'Waqt', as well as his earlier debut effort 'Aankhen', manage to keep you interested till the last reel. On a personal note- the seesaw of emotions was a tad jerky for me. But gauging from the audience reactions, it was working to the hilt. Finally, 'Waqt' is all about its performances which amount to one whole point in the overall rating! Amitabh Bachchan is dependable as always. His energy is visible and so is his age! Shefali pitches in a finely nuanced performance and matches the superstar at every step. Boman and Rajpal bring the house down with their histrionics. Priyanka has little to do than fulfill the perfunctory role of a heroine. When it all boils down though, 'Waqt' is Akshay's vehicle. I have always maintained that Akki is as good as the role suits him. Put him in a 'Mujhse Shaadi Karogi' and he's fantastic, but in a 'Bewafaa' he is woefully bad. Here, Akki is probably at his best. Whether it is his comic timing or his emotional renderings, he is near-perfect. There's also an action scene for his fans! Ironically, his previous best endeavour was in 'Aankhen'- with the same director and Big B at his side! 'Waqt' is by no means a memorable movie. It's not one that will feature in the better films of our industry. But it is one for the masses. And at a time when the industry is waiting desperately for a universal hit, 'Waqt' might just do the trick! - Abhishek Bandekar Trivia- This is Akshay Kumar's second consecutive film after 'Bewafaa', in which he performs on stage during the climax! Rating- *** * Poor ** Average *** Good **** Very Good ***** Excellent 22nd April, 2005"
2,,"This sci-fi masterpiece has too many flaws after the editors had butchered it after its opening in 1936. Visually it is a wonder to behold, but the script allows too many intellectual speeches about war and progress.This gets very corny when the actors are given to recite a lot of high minded messages at all times.Raymond Massey and Cedric Hardwicke,both great actors,come off as quite a pair of fanatics. Ralph Richardson is very good as the ""The Boss"" a megalomaniac warlord. The prediction of World War II was very eerie considering that the world was on the brink of the most devastating conflict in human history at the time. I'm sure glad that war didn't turn out as it did in the movie. There are some visually stunning montage sequences bridging the leaps of time between the movie's different episodes. Although its not as entertaining as I hoped it would be,this movie sticks in your mind long after you've seen it."
1,,"When you first sit down to watch this movie, keep in mind that you are about to see something you've probably never seen before. Keep in mind that this is a movie where they obviously spent INSANE amounts of cash on explosions and not enough on acting or anything else for that matter. The crazy thing I noticed is that every character is completely over-portrayed, and it seems (most of the time anyhow) that the film had been 'sped-up' to make the characters move faster! (I wonder if the Hong Kong version was dubbed too?) I understand the cartoon had this, but it doesn't work for live-action. It just looks odd... as if the camera crew decided to act because they couldn't afford real actors. The English version is horribly dubbed, and the character's words do not match the mouths at all. I would have preffered subtitles, but since this is a kids movie, and since some kids cannot read well, I'll let it go. But there is something extremely odd about this movie. It's supposedly a kids movie, but there's a lot of material about SEX, RAPE, and STRIPPING which isn't exactly for young Western audiences. (In the Orient, they have different laws and sexuality in children's movies is much more accepted). But parents be warned! There is a scene where two characters talk about rape, multiple scenes where people say 'sex maniac' and a scene where this insanely young japanese girl does a sexy dance for one of the 'sex maniacs' and shows him her breasts! Who was this movie made for anyway? Oh, and the special effects are laughable. You can tell the spaceship-like things that bomb the village are cardboard cutouts (or animation, I wasn't sure) that look unconvincing, even to a kid. The makers of this movie left out a lot of cool things from the cartoon, simply because they couldn't budget the kind of money they'd need. I didn't like how the names of all the characters were changed... it made me wonder if this movie was made by the same people as Dragon Ball Z. I don't really recommed this movie to anyone. Kids, adults, or Dragon Ball Z fans. It's just a poor representation of the cartoon, and obviously, one will be able to tell that this movie was rushed and no care whatsoever was put into it. I won't even get into the camerawork... just wait until the end credits at the still picture that sits there for 2 minutes... most of the shots are not framed correctly AT ALL and the movie just seems made by amateurs. Grainy film quality too. Just all around horrible!!!!"
2,,"This PM Entertainment production is laced with enough bullets to make John Woo say, ""Enough already!"" Of course, it isn't nearly as beautiful as Woo can deliver but it gets the exploitive job done in 90 minutes. Eric Phillips (Don Wilson) is an undercover cop in the near future. When his wife is framed for murdering the Governor by a team using a look-a-like cyborg, it is up to Eric to clear her name. Wilson gets to pull Van Damme duty as he plays the heroic lead and his evil cyborg doppelganger. Why the Academy failed to take notice is beyond me. Being a PM production, there are tons of car chases, exploding cars (4 in the first 5 minutes!) and shoot outs. I particularly liked the van that flips in midair before it even comes close to touching an exploding truck. My other favorite bit involved a neighborhood girl coming over to perfect her karate in Don's simulator. It is merely a chance to show off some cheapo LAWNMOWER MAN effects circa 1995."
1,,"The lines in the title of this review are the first lines in this film's theme song, a wonderfully demented parody of the (in my opinion horrible) song ""My favorite things"" from ""The Sound of Music"". And this fun little detail isn't the only aspect that makes ""The Body Shop"" aka. ""Doctor Gore"" (1973) recommendable to my fellow Gore/Trash fans. The film, which was created almost entirely by J.G. Patterson Jr., who served as producer, writer, director and leading man as the eponymous Dr. Gore, is crap, no doubt, but it is also beyond doubt that it is amusing, and that everyone involved, probably Patterson especially, was aware that they were not exactly making a masterpiece. Dr. Brandon (Patterson) a famous but totally insane plastic surgeon, looses his beloved wife Anitra, a model, in an accident. Along with his hunchbacked assistant Greg (Roy Mehaffey), he henceforth kidnaps beautiful young women in order to build himself a new, perfect wife out of their body-parts... ""Doctor Gore"" is doubtlessly a film of the 'so bad it's good kind', but it is also has qualities beyond the usual ridiculous trashiness. Mad science has always been one of my absolute favorite Horror topics, and, as a matter of fact, it is also one of the coolest topics for ridiculous Gore Trash flicks. Obviously shot on a minimal budget, ""Doctor Gore"" pays some homage to the ""Frankenstein"" films, especially James Whale's masterpiece ""Bride of Frankenstein"" (1935), and resembles the look of the early Troma / Herschell Gordon Lewis Gore flicks such as ""Blood Feast"" (1963) - only that this looks a lot cheaper and crappier. Obviously J.G. Patterson's motive was not merely to make a fun gore flick: Being a rather ugly, weird-looking fellow, his role of Dr. Brandon gave Patterson the opportunity to make out with a couple of hot, scarcely dressed young women (who would later end up as body-part donors in Dr. Brandon's laboratory). Most of the gore is actually pretty well-made regarding the obviously tiny budget. The dialogue includes some extremely hilarious lines (""Get that, it might be the door... and put a coat on so they don't see you're a hunchback.""). Besides the aforementioned theme song, ""Doctor Gore"" also includes a wonderfully crappy appearance by a country band called 'Bill Hicks and the Rainbows' - my new favorite band, NOT. For the rest of the film, I kept wondering whether Bill Hicks and Roy Mehaffey, who plays the hunchbacked assistant, are twins or even the same person - the two look exactly the same, and having two unrelated obese, red-bearded guys looking this weird in one film would be a huge coincidence. Other than J.G. Patterson, most of the cast members never did any other films. This is the first film I've seen out of the few by Patterson. Sadly, the man died of cancer in 1975. Overall, ""Doctor Gore"" is a film that certainly isn't for everyone. As a matter of fact, it is total crap. But it is also amusing, and recommendable to my fellow fans of weirdness and cheap camp stuff. Dictionaries should show a screenshot from this film under 'trash flick'."
2,,"He now has a name, an identity, some memories and a a lost girlfriend. All he wanted was to disappear, but still, they traced him and destroyed the world he hardly built. Now he wants some explanation, and to get ride of the people how made him what he is. Yeah, Jason Bourne is back, and this time, he 's here with a vengeance. OK, this movie doesn't have the most elaborated script in the world, but its thematics are very clever and ask some serious questions about our society. Of course, like every Hollywoodian movie since the end of the 90's, ""The Bourne Suprematy"" is a super-heroes story. Jason Bourne is a Captain-America project-like, who's gone completely wrong. In the first movie, the hero discovered his abilities and he accepted them in the second one. He now fights against what he considers like evil, after a person close to him has been killed (his girlfriend in ""Suprematy"") by them. That's all a part of the super-hero story, including a character with (realistic but still impressive : he almost invincible) super powers. And the interesting point is that the evil he fights all across the world (there's no frontiers in the Bourne's movies, characters are going from one continent to another in the blink of an eye), is, as in the best seasons of ""24"", an American enemy, who's beliefs that he fight for the good of his country completely blinds him. Funny how ""mad patriots"" are now the N.1 enemies of paranoiac Hollywood's stories. Beside all those interesting thematics, the movie isn't flawless : the feminine character of Nickie Parson is for now on completely useless and the direction is quite unoriginal when it comes to dialogs scenes. But all that doesn't really matter, for ""The Bourne Ultimatum"" is an action movie. And the action scenes are rather impressive. Everyone here is talking about the ""Waterloo scene"" and the ""Tanger pursuit"" and everyone's right. I particularly enjoyed the fight in Tanger, that reminds my in its exaggeration and craziness the works of Tsui Hark. Visually inventive scenes, lots of intelligent action parts and a good reflection on American's contemporary thematics : ""The Bourne Ultimatum"" is definitely the best movie of the series and a very interesting and original action flick."
2,,"Loved this film. Real people, great acting, humour, unpredictable. The characters were believable and you really connected with them. If you're looking for a film about slightly offbeat characters outside the mainstream of society and how they help each other, this would be a good choice."
1,,his has to surely be one of the worst gay-themed films of all time. Who told any of the so-called actors that they can act. Bad sound - bad script - gestures so overboard that they defy reality. A nightclub scene with only one actor and dubbed crowd scenes. After seeing other low budget films similarly made I was prepared for something innovative - but not plain pathetic. Parents and friends really should not encourage anyone to make such tripe. And the DVD - No menu access; its worse than a VHS tape. Once you start you have to watch the whole thing through - luckily the fast forward button works - with this film and DVD nothing else does.
1,,"John Leguizamo must have been insane if he thinks this was a funny movie. I laughed more times watching Remains of the Day. Pathetic plot, unbearable acting. Horrible music -- Michael Sambello IS a ""Maniac."""
2,,"I really enjoyed this movie - I like prison movies in general (I'm not sure why -- I'm sure some shrink could make something out of it!) I spent one night in jail more than 20 years ago, and I knew then I would never go back - I got the individual version of ""scared straight""! (I did get locked up in an isolation cell on Alcatraz for a couple of hours, compliments of a park ranger, but that's another story!) Anyway, the genre really interests me. The soundtrack, specifically ""Sympathy for the Devil"" by the Rolling Stones, was the perfect backdrop for the film. To this day, I think of ""The Jericho Mile"" every time I hear the song."
1,,"Why a film maker with a track record like Wes Craven would want to lend his name to a tedious collection of cliches like this is anyone's guess. And if he did stump up any money for it - all of £50 judging by the looks - he should have been banging on the director's door for a refund the minute the film was released. There are many ""Alien"" rip-offs and this is one of the worst. Even the reliable Lance Henriksen, saddled with a character dumb enough to allow his kids to wander around a dangerous government lab, can't save it. As a cure for insomnia, this rates a 10+. As a piece of quality film making - forget it."
1,,"""Visitor Q"" is a failed attempt at black comedy which focuses on what might be the world's most dysfunctional family including physical abuse from beatings to murder to incest to sodomy to necrophilia to a lactating mom who nurses her husband and adult daughter, etc. The film is so outrageous it garnered some critical praise and established a small cult following. However, with home video quality and a slapdash production, ""Visitor Q"" just doesn't hold up even as a curiosity. Genitals are blurred out and sanitary appliances clearly visible, make-up is awful, and everything else is amateurish at best. A waste of time. (C-)"
2,,"The hip hop rendition of a mos def performance (according to the film's musical credits)...it is an incredible piece of savage consciousness that slams the violence in your heart with each ""snap"" if anyone can tell me someplace this song, ""Live Wire Snap"" by Mos Def from ""The Ground Truth"", an undeniable duty to see as the Americans who might not support the mission but embrace each soul caught inside this savage miscalculation of purpose...they take on the haunting as so many of us can sit back and be angry... ""Live Wire Snap"" by Mos Def, where can it be found desperate to find it : medically unable to serve"
2,,"Tim Robbins did a masterful job directing this film. I say this because he avoided convention and cliché. He also oversaw superb performances from Susan Sarandon (who won an Oscar for her role) and Sean Penn. Even more amazing, Robbins doesn't patronize. He just tells the story and lets the events play on the viewer's mind. This is so effective because it allows the viewer to form his own opinions on the death penalty, one of the most controversial subjects of our time, without being unfairly manipulated in either direction. I can't recommend this film enough, 9/10."
2,,"A wonderful story that should be seen by all families. The story, acting, and production values are all first rate. I highly recommend ""Checking Out!"" Peter Falk is marvelous as an aging actor who wants to decide when he will die, so he can continue to know how things will end and not be ""a member of the audience."" His three children rush to New York to confront him and try to change his mind. There are, of course unresolved family issues to be addressed, and the script and actors handle them well and with great humor. The story is about a Jewish family, but it could easily be about any other family. Well, maybe not a WASP family. The siblings have issues with each other and also with their father. I loved the writing and directing, as well as the acting. All in all, a humorous and touching film."
2,,"Director Samuel Fuller concocts a brilliant visual set-up: cocky pickpocket unwittingly lifts some microfilm from a woman's purse; it turns out she's a courier for the Communists, and now she and the grifter are being watched by the police. The Film Noir Formula is all its glory--before the ingredients became clichés--including waterfront locales, floozies, saxophones on the soundtrack, and one hell of a climactic fistfight. Performances by Richard Widmark and Jean Peters are right on target, and the smart, sharp script is quite colorful. Fabulous Thelma Ritter received an Oscar nomination for knockout supporting role as a ""professional stoolie"". Exciting, atmospheric, tough as nails. *** from ****"
2,,"Two great comedians in a great Neil Simon movie based on his hit play. Great combination, especially when the comedians in question are Matthau and Burns. Small wonder why Burns won an Oscar for this; he's as sharp and as funny as ever. And Matthau is every bit his match, if a tad more crotchety. This is familiar Simon territory: two old vaudeville partners reunite for a TV special but still can't stand one another after all these years. It's a delight to watch these two pick at each other, their scenes together make this film an absolute delight. Myself, I especially enjoyed the ""knock, knock, knock / ENTER!"" scene. And if you're a fan of either Burns or Matthau, you'll enjoy it, too. In fact, you'll enjoy the whole movie. Ten stars. Put a little ""Sunshine"" in your life."
2,,"What can I say about this film that won't give you any preconceived notions when you see it? Very little. The plot has to do with the return from hospital of a teenage girl after she broke down. What follows after that is the movie. It is one of the creepiest most mind blowing films of the past several years. Everything about the film is just slightly off center and leaves you feeling ill at ease well after the film has ended. It is not a perfect film. The film has problems in its final half hour which make an already confusing story, even more confused.(If you've read any number of other comments here on IMDb and elsewhere you'll know that a great deal of time has been spent trying to unlock what actually is going on) I'm not sure what I actually think of this film beyond the fact that it scared me and disturbed me in ways that most well known horror films ever have. If you like horror, and don't mind not having everything clearly summed up I suggest you try this since it will more than likely make your skin crawl."
1,,"What were they thinking when they made this truly TERRIBLE film? Arbus, one of the most important photographers and women of the Twentieth Century, had a fascinating and dramatic life. What possessed anyone to make this film, which explains her unique artistic vision, as being the result of an (imaginary) affair with a grotesque, yet charismatic hairy freak (played by Downey)? In real life, Arbus broke out of a traditional marriage and woman's role to express herself. In this movie, Arbus is an ultra-dreary Nicole Kidman whose inspiration is all attributed to a ""Beauty and The Beast"" devotion to an interesting man. For this reinvention, the film is truly shameful. Independent of that, it is also just dopey and dull."
2,,"Okay so there were the odd hole in the plot you could drive a zeppelin through, but how well was the emotional stuff handled? It would have been so easy to descend into cheesiness but the writer pulled it off. The image of the ex female cyberman making crying noises as she/it saw her reflection after regaining her emotions is one that will stay with me forever. That's twice now the monsters have shown a soft side and been presented fleetingly sympathetically, the previous being the last Dalek from series one, but by Jove it's worked. Add to that the other ex-female who had been ""upgraded"" on the eve of her wedding, and Jackie Tyler recognising her husband after she had become ""cyber"" and you have a permanent throat lump. Keep it up!"
1,,"`AfterLife' is about a somewhat arrogant, reasonably wealthy man who discovers that his mother is dying, and finds himself looking after his sister, who has Down's Syndrome. He can't be bothered with her, and basically just wants to get her off his hands; he has better things to do. At one point he finds that he has to take her, by car (she doesn't like flying) across the country. If that all sounds familiar to you, it is probably because you have seen `Rainman,' a film far superior to its imitator, `AfterLife.' That it copies the basic premise (heck, it nicks a few characters and even scenes too) is not the fundamental problem with the film. The fundamental problem is that I did not care about these characters. The brother, Kenny (Kevin McKidd), is a bit of a womaniser. He has a girlfriend who comes and goes in the story, and who learns to like the Down's Syndrome sister (again, this is taken from `Rainman'). He is a journalist, trying to get an interview with a doctor who is facing a scandal. When he ends up looking after Roberta, the sister, he doesn't have much time for her, and sometimes leaves her alone for a little too long. When she wanders off, he becomes even angrier towards her. Am I spoiling anything by saying that he becomes a nicer, loving person by the end of the film? Roberta is not determined to be 'normal'; she is 'normal,' and wishes people would stop treating her differently. She is played by Paula Sage, an actress who does have Down's Syndrome, and her performance is easily the best thing about the film; why did the screenwriter not explore her character more? Well, probably because that would mean the characters would get in the way of the story. When we surely already know the story anyway, didn't the filmmakers see the problem they were creating? For a film about a dying mother and her handicapped daughter (the father is absent; I think he is dead, but I'm not sure), it is surprising how little impact the film has on the emotions of the viewer. The scenes are performed in such a standard, dull way, with such standard, predictable dialogue, that I found myself rolling my eyes. I have nothing against sentimentality in films, but it only really works if you care about the characters. Here the characters are so uninteresting and two-dimensional that I didn't really think there was much to care about. `Rain Man' has an emotional climax, but that moved me, because I cared about the characters. Talking of climaxes, this film has a stinker. There is sequence at the end of the film that starts off as an unbelievable situation and ends up in even worse territory; an unforgivably cruel trick is played on the audience. The sequence is designed to move the audience, but ends up being horribly manipulative and offending the intelligence of the viewer. Audiences aren't stupid, and they know when the film is cheating. What a cheap shot. There is not one scene in this film that has the impact it should. There are a few sequences that are funny, yes, but when the characters talk to each other, I can practically see the screenplay in front of me, moving predictably and uninterestingly, never hitting anything that touches the mind or the heart. There are those phoney arguments that are reserved especially for the movies, where the other character knows exactly what the reply is. Why don't supposedly 'realistic' films not realise that, in real life, anger can be irrational, and sometimes people can't express their emotions, and they might say things that don't make sense, or not be able to say anything at all? All of the actors in this film deserve better material. This film is not based on fact, but I think a documentary on a family with a Down's Syndrome member would be much more interesting. That way, we might have had truth and emotion. For some reason the characters in this film think that an emotion only involves saying something loudly and making a suitable facial expression. ** (out of 5)"
1,,"i'm watching this horrid film as we speak. it is possibly one of the worst movies ever aired in my house. i'm sitting here with 3 friends and they agree. its not scary. its not funny. its not dramatic. it contains nothing appealing whatsoever. we are 49 minutes in the movie. we've only seen 2 critters. only one person has died. this movie is one big letdown. nothing about this horrible, horrible movie has made me want to watch the rest. i'm getting a movie hang over. i hope that everyone who had anything to do with making this movie dies. i don't just mean the actors. i mean the director, producers, the presidents from the studio that financed this movie. it is in full, the worst movie ever. it should make the IMDb worst 100 movies of all time. at number 1."
2,,"I first saw Heimat 2 on BBC2 in the 90's when I was at art college living and moving among artists and musicians, hoping for future success. So 'The Second Home' - of friendships made after leaving the familial home, of striving for a professional excellence - strongly resonated with my living reality. I was captivated by the characters, the storytelling, the lyrical camera-work and above all by the music. In it I could divine the beginnings of German Electronic music, of 50's Stockhausen, Kraftwerk, Can, Neue, Faust of the 70's, the sound experiments of John Cage, Walter Carlos and the British electronic psychedelia of The White Noise. The soundtrack composer Nikos Mamangakis studied with Carl Orff of Carmina Burana-fame so I found its tastes contemporary to the Electronic Pop/ Sound Effects world. I hadnt seen Heimat or Heimat 3 so I watched it as a whole in itself without a before or after. As someone else has commented, it is both epic and lyrical - historical and artistic. Many favourite moments including the wonderful voice of Gisela Muller (Evelyn), the Bach marimba of Daniel Smith (Juan), the piano-playing of Henry Arnold (Hermann) and the cello-playing of Salome Kammer (Clarissa). I could write more but it's already been said here. Why can't British or US TV PRODUCE SUCH MASTERPIECES ? The Wire had the realism and politics and epic sweep of a city, David Lynch and Dennis Potter had imaginative tropes to their serialised TV work too but this is art-house and soap at its most cinematic and narrative sublime. It's never included in critics' choices of Best Films but it should be. Still as poetic and powerful as when I first saw it over 17 years ago. I watch the 3 boxed sets every autumn for their 'mellow fruitfulness'. Inspired and inspiring."
2,,"Back in the day if Marion Davies had had her druthers and didn't just listen to William Randolph Hearst, she'd have done more films like Show People and been a lot happier. In fact when you see her get her first big break in two reel comedy, she'd have loved to have done that in her career instead of such epics like When Knighthood Was In Flower and Janice Meredith. What you're seeing by all accounts in Show People is the real Davies, a gifted comedienne, a superb mimic and a generous good hearted person. She could really identify with the character of Peggy Pepper aka Patricia Prepoire, she put up with her share of pretense in her Hollywood stardom. If the plot of Show People was set in the legitimate stage you would call it a backstage story. I guess it being one of the first movies about the movies you could call it a behind the camera story. Marion is eager young hopeful who arrives in Hollywood like so many others, looking for that big break. She wants to drama, but her introduction to the movies is as the foil for the burlesque comics. She gets her share of pie and seltzer in the face, but learns her trade. And also wins the heart of young comic actor William Haines. She does get her first big break, but it doesn't come for Haines as well and Marion does get to do legitimate drama with actor Paul Ralli, playing Andre Telfair, a pretend no account Count of Avignon. Somebody here was taking a shot at actor Lou Tellegen, lover and husband of Sarah Bernhardt and Geraldine Farrar and others and to hear tell of it, one of the most despised people in cinema. Show People was one of the first films to have the unbilled cameo appearances of stars as themselves. You will get to see folks like Charlie Chaplin, Douglas Fairbanks, William S. Hart, Mae Murray, John Gilbert, Eleanor Boardman etc., just being themselves in and around the film colony. That in itself makes Show People a film worth saving. Show People also made good use of standard Tin Pan Alley songs like, Ain't We Got Fun, I'm Sitting On Top Of The World, You'd Be Surprised, California, Here I Come. As the film came out on the cusp of sound being introduced, a song called Crossroads was introduced in it. It's not a bad number, but no credit is given to the boy and girl singing it in the soundtrack. I guess since they're not seen, it was felt no billing was necessary. Still I'd like to know and I'm sure you would to if you are fortunate enough to see Show People. It's easy to see why Marion Davies liked this film so much and considered it a personal favorite. She looks so at home in this film and her real life lack of pretense shines through in her performance which makes it a real treat for the audience."
1,,"It is such a shame when actors and actresses of high quality get involved with pure crap, probably because they were offered a great deal of money. Not one of Helen Mirren's better career moves. The acting of the ""teens"" is simply appalling, not helped by a script that is in parts simply inept. Most of Kevin Williamson's work is above average box office dross, but this is really below par. This is the sort of movie that you watch on TV when there is nothing better on and you have had half a bottle of wine to drink and are waiting for the Pizza to be delivered so you can drink the other half."
1,,"If you'd like a great April Fool's joke, then please by all means show this film to someone. However, it is important that you in no way criticize the film but instead talk about what an artistic triumph it is and how ""they just don't make great films like this any more"". As your victim watches many disconnected and nonsensical scenes (such as a cute dog getting punted for no apparent reason, a cow standing on the bed, a woman licking a statue's feet or Jesus apparently raping a woman), make lots of comments using words like ""brilliance"", ""juxtaposed"" or ""transcendent""--all the while acting as if the film actually makes perfect sense and isn't a complete waste of an hour of your life. Also be sure to keep a straight face and feign shock when (and if) they say that they either didn't understand it or thought it had all the artistry of a cow patty. Then, to further mess with them, show them all the comments on IMDb, as nearly all (except for a few trouble-makers like almagz and rooprect) talk glowingly about what genius and artistry this film is! By the time you are done with this little charade, they'll most likely think they are idiots and will make an appointment with a psychologist. This, to me, is the ONLY possible reason to watch this horrid mess of a film!!! That, or you could show it to the prisoners at Guantanamo in order to get them to talk! If you ask me, the famous painting of dogs playing poker or a velvet Elvis painting are superior artistically."
1,,"It really doesn't matter that Superman comic books are unbelievably naive and their target is ten year old. What matters is that ""Superman Returns"" is bad movie. In the beginning,a question for You Dear Readers, how many of You actually believe that Superman will be defeated by bald Kevin Spacey? Anyone? Just as I thought. No spoilers here. So let's get to some major issues right now. Firstly, this movie looks like commercial (scene in the bar with Superman/Clark Kent drinking Budweiser is only scene which looks as it supposed to). Imagine commercial of Superman, two and half hour long. Let's be serious this isn't ""Amadeus"" or ""The Departed"". You actually feel, that this movie is way too long. And special effects are not so special by the way. Secondly, scenario is silly. Sometimes even if something is acceptable in comic, in cinema it looks just stupid. And it's like that in this case. Of course dialogs are disgrace. I can't believe somebody took money to write them. How many times we will be fed with villain making speeches? How many times laws of physics will be raped? (Jesus, it's not only the matter of Superman's strength but also a resistance of materials his dealing with.) How many times Lois Lane will be fooled by Kent? How many times Hollywood producers will seek for a story in a trashy comic books? Since there's hard to make a good story, why having a weak story for a starter? It just doesn't work. Guys, get a grip. Try harder, please. Or just stay on this strike forever, who cares. I got the feeling that WGA is permanently on strike. No offense. I'm not questioning the lame money those people are paid, but the quality of the product they deliver. In this case there is no quality at all. (At this point You may ask yourself: is it that bad? Yes it is.) Thirdly, acting is weak, which is quite a surprise since Bryan Singer (Usual Suspects) is directing. Kevin Spacey is having fun, but he's the only one. Audience is rather not in the mood for jokes. Thing is that comic book hero can be developed into real personality, with clear motivations but also with doubts, fears, some depth. In this case nobody did that job, and characters aren't really interesting. Finally, whole effort of creators turns this movie into parody. Second unit is so bad that attracts attention, since there's nothing interesting going on on screen anyway. The harder they try (if they try), the funnier it gets (but it isn't laugh You could expect). Final conclusion? One word: shame. This particular movie, ladies and gents, is camp. Don't waste Your time and don't waste Your money too. Stay home, read a book."
1,,"Cheesy script, cheesy one-liners. Timothy Hutton's performance a ""little"" over the top. David Duchovny still seemed to be stuck in his Fox Mulder mode. No chemistry with his large-lipped female co-star.He needs Gillian Anderson to shine. He does not seem to have any talent of his own."
1,,"...and that's saying something. No matter how bad a movie gets, I'm normally able to sit through it so I can judge the full movie. Through this one, I made it about 20 minutes. Maybe it was the DVD, or maybe it was my laptop, but I could not hear the dialogue, even with the volume turned all the way up. Sound effects were fine, so with the volume turned up to hear the dialogue, I was blowing out my eardrums with the effects. As much as I wanted to see this thing through, I wasn't going to sacrifice my hearing for it. From what little I could tell about the plot, the movie was one big flashback by the main character's daughter. It seems the mother, a military pilot, had to flee her ship because the one person on her ship she trusted turned out to be one of the enemy and now he is pursuing her across a desert planet. The only thing I liked about the movie was the look of the main character; there was something I liked about her hairstyle. Oh well, looks like this one is going into the dumpster..."
1,,Wow probable the worst movie i have ever seen!! This person should never make another movie!!I cant believe anyone would have produce this in good conscience.YOu have have wasted every cent. No concept of real life. I have wasted 2 hours of my life i will never get back. EVER!!! Everyone who worked on this show should be embarrassed!!!!!! I'm embarrassed for them! All of you should be ashamed. If i was gay i would want to tell the director that they have personally set back gay rights progress by 5 years. Please never watch this movie.I have never written a blogg about a film before but The distaste for this film has compelled me to do so.
1,,"Poor old Robert Taylor. Other than THE FEDS, nothing much has gone his way - this almost-shocker is a wasteful ninety minutes and not much more. It's one of those cheesy detective-crime flicks with the narrative of the lead character the whole way through - usually that's reserved for comedies these days but this film takes itself way too seriously! A pity; Australian films, particularly in the 2000-01 periods, have been of exceptional quality overall - but I suppose there have got to be a few misses. Why even make a film like this, that obviously isn't going to be any good?"
1,,If you are an insomniac and you cant get anything to get you to sleep i definitely recommend this movie. If you are renting it for whatever other reason....DONT!....this movie is by far one of the most slow moving turtle motivated movies i have ever seen. The only reason i rented it was because my brother wanted to for some odd and strange reason. I cant even write about this movie anymore...GET IT AWAY FROM ME!!!!!!!!
1,,"Don't get me wrong, I assumed this movie would be stupid, I honestly did, I gave it an incredibly low standard to meet. The only reason I even saw it was because there were a bunch of girls going (different story for a different time). As I began watching I noticed something, this film was terrible. Now there are two types of terrible, there's Freddy vs. Jason terrible, where you and your friends sit back and laugh and joke about how terrible it is, and then there is a movie like this. The Cat in The Hat failed to create even a momentary interest in me. As I watched the first bit of it not only was I bored senseless, but I felt as though I had in some way been violated by the horrendousness of said movie. Mike Myers is usually brilliant, I love the majority of his work, but something in this movie didn't click. One of the things that the director/producers/writers/whatevers changed was that they refused to use any of the colors of the original book (red, black, white) on any character but the Cat. Coincidentally or not, they also refused to capture any of the original (and i hate to use this word, but it fits) zaniness of the original. The book was like an Ice Cream Sunday, colorful and delicious, and the movie was about as bland and hard to swallow as sawdust. Avoid this like a leprous prostitute."
1,,"This film was pure pain. Sitting in the theater for x-amount of minutes, I was wondering when the film was going to start. All the setups were in place; typical love story, characters have to overcome their short-givings, villain has to emerge, but none of it ever initiated. By the time these things happened, I was already bored stiff and the devices were completely ineffective. In scenes that required immense tension and buildup, it felt like necessary frames were cut. Kid's stuff does not have to be this way. Children's films can be as riveting and engaging as adult ones. The excuse, ""hey , its for kids,"" is bull. I'll take ""Sword in the Stone"" any day. This was terrible. I'm getting the feeling that Disney will put out anything these days. And as for the kids, the 10-year I saw this with will agree...pure trash."
2,,"I first saw this movie in the theater. I was 10. I just watched it a second time and I must say it was amazing. The music, the dancing, the acting. It is a great story and told extremely well. I fell absolutely in love with Treat Williams when I was a kid after seeing him in this movie. One of my favorite parts was when his mom kept yelling at him to give her his pants, and then finally said ""how much do you need""? (money). That was classic. ; ). Moms are the best. If you haven't seen this movie since it came out I say see it again. It's timeless. It will do what all great movies do; make you laugh, cry, and think."
1,,"Acting is horrible. This film makes Fast and Furious look like an academy award winning film. They throw a few boobs and butts in there to try and keep you interested despite the EXTREMELY weak and far fetched story. There is a reason why people on the internet aren't even downloading this movie. This movie sunk like an iron turd. DO NOT waste your time renting or even downloading it. This film is and always will be a PERMA-TURD. I am now dumber for having watched it. In fact this title should be referred to as a ""PERMA-TURD"" from now on. Calling it a film is a travesty and insult. abhorrent, abominable, appalling, awful, beastly, cruel, detestable, disagreeable, disgusting, dreadful, eerie, execrable, fairy, fearful, frightful, ghastly, grim, grisly, gruesome, heinous, hideous, horrendous, horrid, loathsome, lousy, lurid, mean, nasty, obnoxious, offensive, repellent, repulsive, revolting, scandalous, scary, shameful, shocking, sickie, terrible, terrifying, ungodly, unholy, unkind"
2,,"One of my desires is to be a film-maker, and I just have to say there's no way I will be able to compete with the powerful drama The War at Home. The reason is because the acting is perfect, and when you see the movie, you'll know what I'm talking about. All I can suggest is watching it, I got so involved in it and was extremely impressed. Estevez's and Sheen's relationship on the screen was absolutely amazing. And so was his relationship with his mother (Kathy Bates). Some of the best scenes include these 2. As well as the relationship between Sheen and his daughter, Estevez's sister in the film. 10/10, and definitely in my top 10. I want the DVD!"
2,,"In this film, the astronauts sent to explore a newly-discovered planet must deal with several dilemmas, and they do so intelligently. The film approaches it's main plot theme in a unique way, and unfolds it gradually, though it can be guessed beforehand. The acting is very good, though sometimes stiff, as some late-60s acting can be. It can also be somewhat wordy and even melodramatic, especially after the plot theme reveals itself. Visually, it has a scene that resembles one in the previous year's ""2001: A Space Odyssey"", and that tends to date the movie. Some of the actors went on to star in the 1970 TV show ""UFO,"" which is delightfully campy and worth checking out on DVD. Despite these small points, the space flight itself is realistic, and considering this was 1969, the scenes inside the cockpit of the spacecraft also had a realistic look. (Look for some 1990s/2000s video technology in use, too!) One thing: I suspect a love scene has been cut, but I can't prove it! It would have been a distraction anyway. Unlike most Sci-Fi films, this film will make you think about the plot, and that's well worth a look. I'm pleased to have this film in my video library."
2,,"Anna Christie (1930) Anna Christie has some terrific parts, and some amazing performances, and yet it should be even better than it is. It has drama. Some of the scenes are really atmospheric, and if the interior shots around the table are a bore, other shots at night and at sea are really pretty exciting. Then there are the nearly historical, lively scenes set in Coney Island (even a brief jittery roller coaster ride), and the episode where two women are behind a netting in separate beds, and visitors to the midway can throw balls to try to tip them over, and the women (scantily dressed) egg the men on is weirdly sexual come-on kind of way. All the while Garbo (at the front of the crowd) watches. Garbo of course is what makes this movie more than just another very good early talkie. She plays all sides of her character. She is coy and skeptical and in some kind of inner anguish. She laughs and cries, withdraws and pushes outward. In some ways it's a forward looking, remarkable movie (directed by Clarence Brown, who has a whole series of significant films from this pre-code sound era). Though based on a successful Eugene O'Neil play, it's the writing that struggles a little as the actors seem to go through the paces at times. Marie Dressler is great in that exaggerated way she almost trademarked. And then there is Greta Garbo, who really does have a natural presence, even if it seems she's overacting, just slightly, at times (but then, so is everyone else). Garbo is of course famous first as a silent actress, and this is her talking film debut. Audiences loved her enough that she made a German language version the following year."
2,,"This movie is about basically human relations, and the interaction between them. The main character is an old lady who at the twilight of her life starts a journey to her past, doing an analysis of how she lived her life. This journey is precipitated because of the sons economic crisis and his intentions to put her in a nursing home. It is a very honest look to some issues that we all ask ourselves at some point in life, and there is plenty of secondary ideas to discuss in this movie such as family legacy, real love, marriage or destiny. although this type of movie melodramas are nothing new, this one can be useful to watch it with family members to discuss some ideas. There is a good performance by the actors and the characters are very believable, but because of the time some characters are maybe not fully developed. I really recommend this movie for a quiet Saturday afternoon."
2,,"James Joyce, arguably, could write some of the best sentences in the English language, and his short story, ""The Dead,"" which ends his collection The Dubliners, containsin its finaleperhaps the most perfect paragraph in the English language. It's fitting that John Huston, who held back in attempting to film this story, ended his career with it. As with The Red Badge of Courage and The Man Who Would Be King, Huston revered the literary source but made the adaptation cinematic. And with ""The Dead"" (which was completed after Huston's death by his son, Tony Huston) we get something nearly perfect in the marriage of literature and cinema. Valuing all that cinema can do, as one of the commentators points out ""this isn't The African Queen"" (nor does it need to be), this is the kind of movie that is uncompromising for an audience. All of us slogged through Portrait of an Artist in school, and one needs to bring the maturity of appreciating how words and images in and of themselves can touch us. As with silent films, Huston seeks something pure here, and he works with the confidence of his many years and leaves the world a masterpiece that equals Joyce's original. Many veterans of the Irish theater world are recruited to bring the story of a man filled with self-importance (and mock self-doubt) that's reinforced by the hosts of an annual party on the eve of the Feast of the Epiphany. What's in store for Gabriel Conroy is an evening of celebration, song, dance, poetry where he's asked to give the annual toast to the two sisters and their niece who host the party. He's distracted by the task wanting to rise to the occasion, and this distraction leaves him vulnerable for an earth-shattering experience, handed to him by his wife. While his ego is shaken when he hears a story from his wife's past, it's also a gift where all that seems to have mattered throughout the evening is swept away by the realization of impending mortality for all who are living. And rather than trying to make the last famous paragraph of the story ""cinematic,"" Huston brings in a voice over and we hear those incredible words recited as we watch ""the snow falling faintly through the universe and faintly falling."" It's the perfect solution to a filmmaker's adaptation. The cast is all we would hope. Since this is basically a testament to the power of the written word and how it brings us together through common experience each performer seems elevated by their role. Anjelica Huston as Gretta Conroy has a wide range to play, and her account of a young boy who once loved her sears not only Gabriel Conroy, but the audience as well. When I think of Anjelica Huston, it's the transformation she makes in this film; and when I think of her father, it's this film I remember first."
2,,"This documentary is such a wonderful example of what an entertaining and amazing experience a documentary can be, if done so well as this. The subject, Mark, is smart, funny and very driven, and this story of his personal fight to live his dreams will be inspiring to anyone who knows what it is like to harbor an ""impossible"" dream. See this mov"
1,,"My one line summary should explain it all, but I'll have a go at it. From the get-go, this movie seemed like an overdone soap opera, and that's about all I can comment on. There were a few interesting scenes, such as the ""Big one"" that hit during the middle of the movie, but, wait, what's that? The earthquake *gasp*, wait a minute! That's Dante's Peak! Well, parts of it butchered and slapped in. I can't believe how poorly this movie was done, ""borrowing"" scenes from other, much better films. One wonders what director thought that viewers are dumb enough to believe large wooded mountain-esque backdrops exist in downtown LA, ala Dante's Peak. My advise, forget the Bond Wanna-be, Nash, in this film and go for the real thing (again, someone from Dante's Peak coincidentally.)"
2,,"Very good point there : ""only an elite few (the upper classes) would both have access to the internet AND be able to communicate on an exclusively English speaking site such as the IMDb"" Some might think Internet Is not reality but this point of view really put media society and democracy at stake: You are probably right.. Even If there Is Internet cafe's in Venezuela most Chavez supporters will not afford to even rent a computer for half an hour to comment on IMDb. Screw you faschist upper class rich right wing capitalist liberal intellectual surpressors .. Probably this is your first time using Internet ;).."
1,,"First, I'm sorry for my English. Second, the true story of this episode: 39 soldiers, operation ""Magistral'"". 6 soldiers were killed. Hundreds of insurgents were killed too. Within 10 years the Soviet Army has lost less than 15 thousand person and killed over 900000 insurgents and civilians. There is no insurgents without permanent help of USA The veteran of war: ""Traditions. There are no traditions in this film. There is no military oath, there is no first jump, no farewell to the Fighting Banner. There is no delivery of awards and medals. There is nothing sacred. There is only a hatred to Soviet army. Being in this area on investigation, we have revealed start-up jet shells by insurgents . An exact place could not define. So gunners have asked to give easier square. Also have covered it. Through pair minutes. Here it was the reality of fights. So there was no feeling ""oblivion"". These feelings have appeared then. Already on other war and in other state (Chechnya). Others were children. More kindly. More humanly. And ""prapors"" were as fathers. Well and culmination fight - full orgy. Shooting in anywhere. Mental attacks young Ben-Ladens, not killed both not broken through. And full absence of mutual aid. That there was a main thing on this war. Even Americans accused us of inadequate application of force against insurgents. And here it is direct on the contrary. In the summer 1981 I about myself have firmly solved, that personally should fill up a minimum 50 insurgents. As a result accepted ""plan"" has been under-fulfilled, and on a demobilization I departed strongly contused and malicious as fig. After returning the first months there was a feeling of that I not was at war up to the end, not business there have completed all how follow. There was any vague, but an oppressive sensation of discontent with itself and caustic irritation. Such here night ideas, can be and out of place at all. Officers really in film are not present absolutely. In occasion of that, what is the time they spent with staff. On fighting-is constant. New Year on fighting. From where did they take beds? In mountains? And so on..."" If you want a fairy tale about war, ""9 rota"" and ""Shtrafbat"" is for you. If you want truth, you must see ""Come and see"" or ""Batallions Ask for Fire""."
1,,This is quite possibly the worst sequel ever made. The script is unfunny and the acting stinks. The exact opposite of the original.
2,,"MGM were unsure of how to market Garbo when she first arrived in Hollywood. Mayer had a lot of faith in her and her appearance in ""Torrent"" justified that. She did not speak a word of English so she must have found it difficult to work, also Ricardo Cortez did not make it very easy for her. The torrent of the title is the river Juscar that winds through a sleepy little village in Spain. Leonora (Greta Garbo) hopes someday that her voice will bring great wealth and happiness to her struggling parents. Leonora and Don Rafael (Ricardo Cortez) are in love but he is under his mother's thumb and cannot get her to consent to his marriage. Meanwhile Dona Brull (Martha Mattox) has evicted Leonora's parents from their home and they send Leonora to Paris hoping to give her a chance to further her singing career. Leonora sends a note to Rafael, urging him to remember his promise and come with her. His mother is enraged and forbids him to go - so of course he caves in to her request. Years pass. Leonora has a new identity - she has become La Brunna, the toast of the Paris Opera. Rafael has turned out just as his mother wished - he is running for office and is courting a ""safe"" young girl, Remedios (Gertrude Olmstead) who is a ""hog"" heiress. Mack Swain plays her father. Leonora decides to visit her old home, and I agree - why hasn't she helped her mother out. Her mother is still living at the family home, working as a skivvy and taking in washing. Leonora and Rafael meet but Leonora is full of ridicule. Garbo is so enchantingly beautiful, it is hard to believe that he could be happy with Remedios. The dam is bursting and the torrent is flooding the town. Leonora's house is in the path of the raging river but when Rafael attempts to rescue her he finds she is quite safe. They then re-kindle their romance. There is a ""horizontal"" love scene in this film, very similar to the one in ""Flesh and the Devil"". Dona Brull goes spreading gossip about how Leonora really got her wealth and Leonora's mother believes her and tells Leonora to go. Rafael meets Leonora just before she is about to tour America. Again he intends to go with her but again he lets her down. He spends so much time listening to other people destroy her reputation - ""what will she do for you but drag you down"". The irony is she has just secured a top government job for him if he comes with her. They meet again, years later - she is as fresh and vibrant as ever - he looks older than his years, bowed down by mediocrity. It is certainly a good film with a positive message to follow your heart. Lucien Littlefield does a good job as Cupido, the barber and Leonora's old and faithful friend. Highly Recommended."
2,,"This is seriously one of the best low budget, B movies that I have ever seen. I am not one to stand up and cheer during a movie, but this one was definitely worth it. Obviously the premise is that there is a bed that eats people, well...eats is a subjective term I guess, it really secretes acid bubbles to suck the victims into itself and dissolves them in it's acidy goodness. The best part of this movie is that William Russ is one of the main characters. The typical family man actually started his career with this movie...and an afro. There is plenty of nudity in this flick, so obviously not for the children, but that should not deter anyone from seeing this movie. It is my belief that everyone needs a little Death Bed in their lives at some point or other, it's best to get it sooner than later."
1,,"The authors know nothing about Russians prisons, the movie is absolutely cockamamie, has nothing common with the reality. They also don't that the foreign prisoners in Russia have a special prison so the foreigners NEVER live together with Russian criminals. The uniforms in this movie look if they were stolen somewhere in Latin America. Prisoners in Russia also don't work outside the prison. Each kill in Russian prison is a subject of investigation so the prisoners kill each other only if there some very important reasons. Playing soccer is also forbidden in the prisons, contacts between the prisoners are very restricted, no chance for bloody combats etc etc etc. So this movie has Nothing common with the reality."
2,,"I rented this movie for two reasons. The first was all of the good things that I read about it. I definately was impressed, and couldn't agree more with all of the reviews I read. The second reason is because I know these guys. I don't know Mark as well as I do Mike. He hasn't changed much from the years we knew each other. I know him as ""the reaper"" from a local Milwaukee radio station (WMSE). The way he is in this film is genuinely Mike 100%. He once gave me a table that he made. It was a little one, about 15"" high, that said Metallica on it. The odd thing about it was it only had two legs. Sometimes it's the thought that counts, and Mike always has thought about others first."
1,,"Beats me how people can describe this adolescent exercise as film noir. True there's a gun & a bottle & a dame & the lead is a private eye, but that ain't what makes the genre, folks. This thing plays like reheated TV cop show stuff - lots of bloody beating & lousy continuity - with a dash of Chinatown memories thrown in. Pretty hard to watch beyond the first 10 minutes. You want contemporary feel, watch anything by John Dahl."
2,,"Wow, its been quite a while since I've watched anything so mysterious in the way it is portrayed. A Detective Story uses old fashioned black and white images to portray a private investigator who dresses in an old fashioned trench coat and hat. The theme of this animation is reminiscent of that of Sam Spayed which was briefly mentioned by Ash. Sick of spying on cheating house wives because of his clients, Ash was offered a chance to track down a ""computer hacker"" which he thought was a worthwhile chance for a four figure sum he could not turn down and the rest is history. The ending was a little bit bland but still okay. For those out there who like old fashion stories this is the one for you."
1,,"Bonjour Tristesse covers similar ground as 'The Member of the Wedding.' to wit, a possessive daughter tries to prevent a relationship from forming between a beloved family member and an interloper. While critics love 'Member of the Wedding,' I find Julie Harris to be a jumbo-drag and an adenoidal, scenery-chomping thespian in everything she's been in. This portrays irritating, rich idiots as in Last Year at Marienbad, but this time it's a travelogue. In this Preminger movie sequences develop, but characters do not. For the first 30 minutes he's content to blur the father-daughter relationship between Seberg and Niven, making uncomfortable sexual readings possible. Once the conflict is introduced, Seberg can't deliver the depth the part requires. Kerr pulls rank and turns the film into 'Endless Love.' Seberg's vacuous narration, is like something out of Strange Interlude - it is not good. I really wish someone other than Niven was in his role. He spends so much time normalizing orthodox British behavior in all his movies, he never gets around to the character. In the most memorable sequence, an evening out dancing becomes a free-for-all in a harbor. Bertolucci steals the entire scene for his empty exercise, 'The Conformist.' Kerr is on board to clasp her hands and portray another major pain (as in Black Narcissus, Night of the Iguana, King and I, Heaven Knows Mr. Allyson, Tea and Sympathy, etc. etc.). Really, Kerr was a horrible actress. I wish every movie with her could end with a fatal car crash, or even better, start with one. People uncomfortable with ambiguity should avoid this."
1,,"I'm not a movie snob. I've liked lots of movies that critics hate, and I've hated movies that critics love. However, I have to agree with critics here--""Galaxina"" is just substandard. Clearly intended to be a comedy, it only has a few scattered laughs. ""Galaxina"" has poor photography; it has poor special effects; it has some pretty poor acting; and the production values...well, the sets might as well have been made of cardboard. ""Galaxina"" tells the story of a spaceship whose crew is looking for a magical object called ""The Blue Star"". After a long voyage (and some very unconvincing space battles), the crew arrives at its destination, a sort of wild west alien world. There's a painfully unfunny cantina scene (clearly designed to be a spoof of the famous ""Star Wars"" scene), a chase involving space bikers, and a final getaway. The cast tries, but can't breathe life into this turkey. Stephen Macht and Avery Schreiber have done better work in other movies. James David Hinton is pretty good as a member of the spaceship's crew. The late Dorothy Stratten stars as the robot of title, and while she looks great, her role doesn't give her much of a chance to act. You might catch this film to see Dorothy Stratten. However, if you're looking for a good movie, you'll probably want to skip this one."
2,,"One cannot help but admire Mike Judge for his hands on ""I've experienced that"" approach. With ""Office Space"", almost anyone working a job could associate with the characters. ""Idiocracy"" has exactly the same feel to it. One can easily appreciate the 505 years later experience of our heroes, because again, the director has tried to put things on a very human level. Somewhat similar to Woody Allen's ""Sleeper"", this movie is very funny. Do not miss the deleted scenes as the ""Museum Of Fart"" is a classic. Imaginative comedy is a rarity, and ""Idiocracy"" is wildly imaginative, extremely funny, and a solid 8.0 movie experience. - MERK"
2,,"""The Egyptian"" is set during the reign of one of the most fascinating figures of the ancient world, the Pharaoh Akhnaton, who, thirteen centuries before Christ attempted to introduce a monotheistic religion, Atenism, to ancient Egypt. The main character, however, is not Akhnaton but rather the fictitious Sinuhe. As a baby, Sinuhe is found mysteriously floating in a basket on the river Nile and adopted by the physician Senmut and his wife. When he grows to manhood, he follows his adopted father into the medical profession, initially working (as his father did) among the poor of the city, but he comes to prominence after he and his friend, the ambitious young soldier Horemheb, save the Pharaoh's life while on a hunting expedition in the desert. Sinuhe is appointed Court physician, but becomes obsessed with the Babylonian courtesan Nefer. Sinuhe not only ruins himself in a vain attempt to win her love, but is also disgraced when his neglect of his duties means that he is unable to save the life of Akhnaton's daughter. Sinuhe flees into exile, where he achieves success as a healer in neighbouring countries, but returns to Egypt when he learns of a Hittite plot to invade. Although Akhnaton readily forgives him for his previous offences, Sinuhe finds the country in turmoil. The Pharaoh's attempts to introduce a new religion have led to civil strife between his followers and those of the priests of the old polytheistic faith, and he is too pacific by nature to take any steps to confront the Hittite threat. Sinuhe becomes embroiled in a plot by Horemheb, now the general of the Egyptian army, and Akhnaton's sister Princess Baketamon to overthrow the Pharaoh and replace him with a more effective monarch. The film's weaknesses arise mostly from its two romantic subplots. In the course of the film, Sinuhe is revealed as the long-lost son of the previous Pharaoh and half-brother to Akhnaton and Baketamon. It might therefore surprise a modern audience that she should fall in love with him; marriage between brothers and sisters were not necessarily considered as incestuous by the standards of Egyptian royalty, but the standards of 1950s cinema audiences were generally less liberal on this point. In any case, the Horemheb-Baketamon-Sinuhe love triangle is an unnecessary complication and detracts from Baketamon's role in the film, that of the voice of cold-eyed, cynical Realpolitik. The Nefer subplot, which takes up most of the first hour of the film, is overwritten and excessively melodramatic. Nefer is morally worthless but fascinating, and the role needed an actress of great beauty and also great dramatic skill to make her credible, especially as Nefer achieves the difficult task of winning Sinuhe away from a woman as lovely as Jean Simmons (who plays Merit, Sinuhe's rival for her affections). It is therefore unfortunate that the role went to an actress as comically inept as Bella Darvi, whose only qualification was that she was the mistress of the producer, Darryl F. Zanuck. Darvi was not only a wooden actress, but also spoke with a thick foreign accent, made even more incomprehensible by a lisp. She was not even particularly attractive by comparison with the two legendary Hollywood beauties in the film, Simmons and Gene Tierney who plays Baketamon. The film is better when it concentrates on its main political and religious themes. The other actors are better than Darvi, although Peter Ustinov as Sinuhe's servant Kaptah makes the same mistake as in ""Spartacus"", that of trying to bring comic relief into a film that does not need it. His voice, anyway, was far too patrician for a ""comic servant"" role. Edmund Purdom, a little-known British actor, was thrust into the main role when Marlon Brando pulled out at the last minute, but more than adequately fills the great man's shoes, even though his style of acting was quite different. He copes well with the challenge of showing the changes in Sinuhe's character, from unworldly idealist, to lovesick fool, to embittered cynic to the enlightened visionary of the final scenes. Victor Mature was never the most expressive of actors, but he is well-suited to the role of Horemheb, a practical, down-to-earth man of action. He is better here than he was in his other epic from 1954, ""Demetrius and the Gladiators"". Simmons is luminously beautiful as Merit. Michael Wilding (hitherto best known to me as the second Mr Elizabeth Taylor) plays Akhnaton as a would-be philosopher-king who ends as a sort of holy fool. His inability to make difficult decisions makes him an unsuitable ruler, but he has a prophetic vision of peace and justice which lend him an air of moral greatness far beyond those who hope to replace him on the throne. Although Aten had more in common with the Supreme Being of the Deists than with the Old Testament Jehovah or the Trinitarian Christian God, there is a quite deliberate attempt to draw parallels between Atenism and Christianity. In the film the Atenist symbol is the ""ankh"", doubtless chosen because of its resemblance to a cross, but in reality it was a common Egyptian hieroglyph for life, not unique to Atenism. Akhnaton's language often has a Biblical ring to it; his comparison of himself to ""wind whistling in the desert"" recalls John the Baptist's ""voice crying in the wilderness"" (hence the title of this review). Sinuhe's finding in the river parallels the Old Testament story of Moses. At the end of the film Sinuhe, who has become the inheritor of the spirit of the dead Akhnaton, achieves a moral greatness of his own. The message of the film is that, while we may need practical men of action like Horemheb, we also need visionaries and thinkers who are prepared to ask the question ""why?"" For all its faults, ""The Egyptian"" is a film which is idealistic and humane in its approach to both religion and politics. 7/10"
1,,"i checked this one out on DVD for a dollar so I could easily smile as this dreadful movie unfolds. every time that you think it cannot get any worse, it inevitably does. The acting is absolutely horrific. the plot makes no sense at all. The title ""cold vengeance"" in the US DVD version has absolutely nothing to do with the script. The action scenes are so obviously taken in their first take. There are lots of mistakes during dialogues indicating that there is just no intend to do another take to at least try to make this movie bearable. I cannot remember having seen a worse movie and I do occasionally get bad ones--well, except for unstoppable with Wesley Snipes. No, who am I kidding, while a bad one, Unstoppable deserves Best Picture awards at the Oscars when compared to this piece of crap."
1,,"The tagline for this show is, ""He's speaking his mind. We're hiring extra lawyers."" If you look back in time, any classic raunchy comedian never prided himself in being controversial. Richard Pryor's tagline wasn't, ""I'm Crude, Racist and Daring."" That's basically how Comedy Central is marketing this show - in your face, non-PC and ""honest"" - but how can a television show pride itself in being this way? Where's the humility and humbleness? And what suddenly has made Carlos Mencia this huge figure for Comedy Central? Let's start at the beginning - Dave Chappelle cancels his show (which became UNEXPECTEDLY popular and controversial) and Comedy Central is looking around for someone new to push. They hire this guy named Ned who claims to be a Mexican, even though he isn't. They splatter his face on a few TV ads and make it look like they're being ""daring"" by unleashing him upon the public. I've seen a lot of hateful topics on the forums for this show, and I don't agree with ""Mencia's"" detractors. This is not an awful show. It had me crying in laughter a few times. When it's funny, it's very, very funny. Yes, it's juvenile - but so was Chappelle's. The problem with Carlos is that he uses a lot of the same material over and over. And he's too obvious. The overt marketing put aside, ""Carlos"" has now said beaner so many times I have lost count. He's trying to make it the next famous line (like ""I'm Rick James, b****!"") but it's way too obvious. In terms of repeating himself, Carlos uses many of the same jokes over and over. For example, on one episode he said he'd love it if all Mexicans disappeared from America overnight. He'd wake up and an American guy would be saying, ""Room ser'vuce!"" in a southern accent. He used this exact same joke - verbatim - when he appeared as a guest on Adam Carolla's talk show. It was a great deal less funny the second time around, because he seemed more desperate. Is ""Carlos"" funny? I think so. There are some outrageous moments on his show. But he focuses too much on TRYING to be controversial rather than just going with the flow and letting his comedy naturally progress. Repeating silly little catchphrases over and over again coupled with goofy faces and loud vocal screams does indeed get old quite fast...I just hope Carlos - or his writers - can give a new edge to this show, because right now it's starting to dwindle in repeat hell."
1,,"This extremely weak Australian excuse for a motion picture is sort of like the Pavlov Dog Experiment amongst horror movies. You remember this famous ""Conditioned Reflex"" experiment from your school books, right? The Russian scientist Pavlov proved that dogs tended to salivate before the food actually came into their mouths and this through repetitive routines stimulating the animal's reflexes. Pavlov rung a bell a couple of instants before the food was delivered to the dog and, after a while, he became anxious and excited and already started salivating from hearing the sound of the bell. What the hell has this whole boring explanation in common with a sleazy and low-budgeted Aussie slasher flick, I hear you think? Well, the modus operandi of the maniacal killer in ""Nightmares"" is an exact variant on Pavlov's experiment. Each and every single murder sequence is preceded by the raw sound and image of the killer breaking a window, because he/she insists on using a sharp piece of glass to slice up the victims. So this means that, after a short while, inattentive and bored viewers can afford to doze off and simply look up again when they hear the sound of shattering glass. That way they still don't miss anything special! Regarding the quality of ""Nightmares"" as a film I can be very brief. This is a cheap, uninspired and largely imbecilic Aussie cash-in on the contemporary popular trend of American slasher movies. In the early 60's, a four-year-old witnesses the cruel death of her mother as her throat gets slit open in a nasty car accident. Twenty years later the same girl  Helen Selleck  is a successful stage actress, but she still has severe mental issues and regularly suffers from horrible flashbacks and traumatic nightmares. She auditions for a role in a black comedy play revolving on death and gets the part. Shortly after the big premiere, everyone who's even remotely involved with the production gets slaughtered. It is truly retarded how this movie attempts to uphold the mystery regarding the killer's identity and motivations even though even the most infantile viewer can figure it out after the first murder already. I don't think I've ever seen a more obvious whodunit than ""Nightmares"" and the creators should have just showed his/her face straight away and save themselves from embarrassment. The murders are explicit and very bloody and there's also an unhealthy large amount of gratuitous nudity to ""enjoy"". However, the production values are poor and thus the movie is never at one point shocking or provocative. The few clips we get to see of the actual play make it appear that it quite possible could be the worst thing ever performed on stage. The only positive elements in the film are the characters of the director and the gay newspaper critic, whom are both delightfully sarcastic and insult the rest of the cast members as much as we do. ""Nightmares"" is a dreadful piece of exploitative horror cinema, but hey, at least I gave you a golden tip to make it more digestible."
2,,"Alfred Hitchcock shows originality in the remake of his own 1934 British film, ""The Man Who Knew Too Much"". This 1956 take on the same story is much lighter than the previous one. Mr. Hitchcock was lucky in having collaborators that went with him from one film to the next, thus keeping a standard in his work. Robert Burks did an excellent job with the cinematography and George Tomasini's editing shows his talent. Ultimately, Bernard Herrmann is seen conducting at the magnificent Royal Albert Hall in London at the climax of the picture. James Stewart was an actor that worked well with Mr. Hitchcock. In this version, he plays a doctor from Indiana on vacation with his wife and son. When we meet him, they are on their way to Marrakesh in one local bus and the intrigue begins. His wife is the lovely Doris Day at her best. She had been a well known singer before her marriage and now is the perfect wife and mother. The film has some good supporting cast, Brenda DeBanzie, Bernard Miles, Daniel Gelin, Alan Mowbray, among others, do a great job in portraying their characters. Although this is a ""light Hitchcock"", one can't dismiss it as a failure. ""The Man Who Knew Too Much"" is a change of pace for Hitchcock's fans."
1,,"This was more of a love story than one about an angel who comes down here to earth, although both angles of that story are given a good share of the movie. If I took this movie to heart, as someone who knows and believes the Bible, I would have canned it pretty quick, but I don't think the general atmosphere was either mean-spirited or blasphemous. It was just ludicrous or just plain stupid. I mean, John Travolta as a grubby angel? Smoking? Scratching his groin? Quoting the Beatles? A ""warring angel"" who knows nothing about Heaven? An angel who flirts with all the women? Yes, it's all absurd and certainly Biblically- incorrect. I could tolerate all that but I don't know how many people, whatever beliefs they hold, who could stand a boring film which this turned out to be during the second half of it. It begins to drag when the romance begins between William Hurt and Andie MacDowell. Some of the dialog during that romance is so stupid it's insulting to any discriminating viewer. This is another Nora Ephron-directed film. Man, I can't believe how many incredibly stupid movies this woman has either written or directed. At least she's consistent."
1,,"Academy Awarding actor Sidney Poitier of ""Lilies of the Field"" reprises his role as Lieutenant Virgil Tibbs from the 1967 Oscar winning Best Picture ""In the Heat of the Night"" for veteran director Gordon Douglas' tired, uninspired sequel ""They Call Me MISTER Tibbs,"" with nobody the equivalent of Rod Steiger with which to swap dialogue. Clearly, both ""Bullitt"" scenarist Alan R. Trustman and Robert D. Webb of ""Cape Fear"" were off their game when they penned this predictable police procedural potboiler. The dialogue is drab and none of the characters are interesting, not even the chief suspect. Absolutely nothing remotely exciting, suspenseful, or surprising occurs in this tame whodunit. Meanwhile, things have changed considerably since Virgil was last seen in ""In the Heat of the Night."" He worked as a homicide detective for the Philadelphia, Pennsylvania, Police Department. In ""They Call Me MISTER Tibbs,"" our hero works for the San Francisco Police Department. Moreover, he has a wife, Valerie (Barbara McNair of ""Change of Habit""), and a family, a young rebellious son, Andy (George Spell of ""The Naked Kiss""), and a younger doting daughter, Ginger (Wanda Spell of ""Hickey and Boggs""). Tibbs drives a medium blue Mustang and his wife holds down the house and hovers over their two children since he doesn't have as much time to spend with them. Literally, there are no surprises in this pedestrian murder mystery. Indeed, the best thing about ""They Call Me MISTER Tibbs"" is Quincy Jones' terrific orchestral soundtrack with a memorable opening theme, more memorable than this forgettable crime thriller deserved. Everything begins sensationally enough with a struggling prostitute, Joy Sturges (Linda Towne of ""The Adventurers""), being bludgeoned to death in the bedroom of her downtown apartment by an unseen assailant. Apartment handyman Mealie Williamson (Juano Hernandez of ""Intruder in the Dust"") enters Joy's apartment and finds her strewn on the carpet dead with a bloody forehead. He picks up the statue briefly and then puts it back on the floor and reports Joy's death to the superintendent of the apartment, Rice Weedon (Anthony Zerbe of ""License to Kill""), and Weedon gives Mealie and fistful of dollars and sends him packing. Afterward, Weedon anonymously notifies the SFPD that popular minister Logan Sharpe (Martin Landau of ""Nevada Smith"") beaten Joy to death and was seem leaving Joy's apartment. Captain Marden (Jeff Corey of ""True Grit"") assigns Tibbs to handle the case; it seems that both Tibbs and Sharpe have known each other for 18 years. Naturally, Tibbs' wife Valerie cannot believe that the well-known, politically active evangelist could have committed such a crime. Just to give the movie context, it should be noted that when Tibbs and the police study the crime scene, they mention the word 'semen,' no doubt a controversial term to mention in an early 1970s movie. Tibbs questions Weedon whom he suspects is either a drug pusher or a pimp. Weedon explains that he has no records on Joy Sturges because she was subletting the apartment from another realty company. Tibbs visits the realty company and realtor Woody Garfield (Ed Anser of ""JFK"") flees and drives off, essentially doing an O.J. Simpson until he crashes his car after a lengthy but tame pursuit. When Tibbs proves that Woody didn't kill Joy, he allows him to leave, with his disgruntled wife, Marge (Norma Crane of ""Penelope""), prepared to file for divorce after the revelation that he paid a hooker to stay in an apartment. Tibbs tracks down handyman Mealie and clears him of the crime, and then he goes after Weedon. Luckily, for Tibbs, our hero catches the evil Weedon in the middle of a narcotics transaction. One of Weedon's henchmen assaults Tibbs, but Tibbs dispenses with him briefly before he embarks on a long foot chase after Weedon. Eventually, he corners Weedon in an underground parking garage and they shoot it out. Guess who wins. The scenes in the Tibbs' household are more interesting than his investigation. Andy runs rampant, striking his sister, and smoking in the garden. Our hero wants him to clean up his room. When Andy refuses, Tibbs pops him three times on the jaw. These child rearing scenes could probably never be handled today as they were back in 1970. At the end of the movie, as if to solidify the family sequence, Tibbs is seen walking off with his wife and kids. There is on confrontation between Valerie and Virgil about the welfare of their children and how his long hours at work has affected them. Director Gordon Douglas directs in competent fashion. Surprisingly, for a film released in 1970, the filmmakers never play the race card. In one scene, when Tibbs searches a billiards parlor owned by an African-American, we see a mixed breed of races scowling at the hero when he finds Mealie and leaves with him in tow. Altogether, ""They Call Me MISTER Tibbs"" is a poor follow-up to ""In the Heat of the Night."" Mind you, Poitier delivers another fine performance with nuance, but everything looks prefabricated. All of the sets look fake and there isn't much physical violence: one underground parking lot shoot-out that doesn't last long and a fight. Beyond Jones' seminal jazz score, the only surpriseand it really doesn't qualify as a major surprise more like a convenient contrivanceis the ending. Donald Medford's ""The Organization"" followed ""They Call Me MISTER Tibbs"" as the second, more action-packed sequel."
2,,"When it was released, in the beginning of the 80's, Pixote brings to Brazilian society the problems of young delinquents, and the impact of this in Brazilian society. I can't watch the movie at that time, cause I was too young, but now I got a chance and watched It a few days ago. It's a very brutal movie, but everything is absolutely true, and sad. pixote is the name of a 12 year-old boy who lives in the streets, and survive with misdemeanors; he stays for a while in a house of detention, and when he left it he continues to plan robs with other buns and a prostitute, played by marilia Pera. the boy is still a marijuana addicted and smell glue with another teenagers, to forget his sad reality. the quality of the images it's not the best, but the movie is totally realistic about Brazilian problems, and must be viewed and admired."
1,,"Crazed Shotgun toting-incest driven-revenge seeking truck drivers & obsessive control disorder ""daddy raped me when I was 12"" handcuff carrying, all latex wearing prostitutes is just a few of the character you will be introduced to in this complete disgrace of a movie that can easily be viewed on any cable TV station (IE: Skinemax) at 4am on Sunday nights. ( And yes I know that was an entire sentence, but bare with me people; this is a long-winded review for a short pointless film). Filmed in ""somewhere"" Canada, with almost no budget, the plot to this freak show is trite, the police in it obviously never heard of ""State Jurisdiction"" because they end up chasing both Miya (Hookers) and Trent (idiotic, Anal Retentive, Generic, insecure College Student) all across the U.S. (and I thought only the FBI could do that). The camera is shaky, the sex scenes are mediocre and the acting is so bad it might actually cause unintentional acid flashbacks to movies like ""Ishtar"" and ""Leonard Part 6"". As far as the Skin scenes go (which is the only reason to even rent this movie, don't even think of buying it) there are two of them. The first one is the only one worth watching though which is the Dominatrix Sex scene with Kari Salin and ____(insert unknown actor here, he's obviously done nothing else worth noting) in a seedy, disgusting Motel room (the kind with the busted sink that drips, and the soda machine outside that only has blue tonic water left in it). It's all S&M (riding crops, handcuffs, hot wax, and underwear licking) folks and in the end, he gets left in a motel room, with no money and cops waiting at his door (that's goes to show you guys, don't let a hooker tie you up in a ""middle-of-nowhere"" motel room). Sadly though, Kari shows no skin worth remembering, and that alone can cause deep-seeded traumatic experiences for some gentlemen, so that is definitely a downer towards this flick. As for the ending, *Snicker*Snicker* I know you probably wouldn't mind if I revealed it to you but I won't, you should spend your hard earned money for that one. All in all I give it a 1/5 for action, a 3/5 for Skin (See last paragraph) and a 0/0 for acting, character development or intricate plot twists. - Laughing Man"
2,,"I rented this movie without having heard (or read) anything about it. What a shame! This movie is intelligent, witty, hilarious, fast-paced, and realistically ridiculous. The characters manage to get developed without relying too heavily on clichéd, tired stereotypes. It was refreshing to watch. I couldn't help thinking that marketing would have helped lob this not-so-mainstream movie into the starved-for-intelligent-comedy mainstream. The quality of the dialogue and the ease with which the actors execute a huge range of awkwardness, heartbreak and comedy is so rare these days--I felt that the actors must have really enjoyed participating in something this rich. How is it that National Treasure was number one at the box office for three weeks in a row--it is so weak in too many ways to mention. I guess I'm just happy that movies like ""Seeing.."" are still being made somewhere out there."
2,,"Val Kilmer... Love or loath him, sometimes he gets under the skin of a character and pulls out a performance that makes you go 'Hey! This guy is a GREAT actor!' He did in the leather pants of Jim in The Doors and he's done it again in the leather underpants of John. Revolving around the fall and fall of uber porn king John Holmes, Kilmer strutts to his knees as we unravel one of the biggest murder mysteries hollywood has never solved for over twenty years, with Holmes the key suspect to a brutal Manson-style slaughter. What Kilmer does so effortlessly is exhude the low-life of the celebrity, the do anything to anyone craving that overwhelms anyone who had it and then lost it. Go see him, you'll know what I mean."
1,,"If I only had one camera that was accidentally glued to the floor, enough film for only one take of each shot, and then lost all that film and had to scrounge up some bucks to buy a few digital video tapes, and was forced to make an over-2-hour movie about the French Revolution, and also didn't have any sets and had to have my 4-year-old autistic son paint the backgrounds, and also the only actors I could find were the people who didn't make the auditions of that year's soap opera, and I was also forced to not use any music in the entire film, and also the zoom function on the camera didn't work except for one time when it accidentally started zooming in and couldn't stop, oh and if I hated my audience, then I might make something kind of like this awful, yet mistakenly hilarious, Hell-worthy waste of time. The almost grand looking but completely fake looking backdrops reminded me of some of George Lucas' latest creations, which made it so much more disappointing because through the whole movie, there was that little glimmer of hope in the back of my mind that the film would climax in a lightsaber duel/space laser battle. I don't mean to spoil the movie for those who haven't seen it, but that's not how it ends. The only thing I can think of that wasted more time than watching this movie was writing this review. Peace."
2,,"i hate vampire movies. with that said, this one was very interesting to me. i do want to point out one thing tho. ""bakjwi"" literally means bat in korean and we all know that in many classic vampire stories, you see count Dracula or vampires turning into a bat and fly away or wuheva. We also know that bats are mammals that can fly thus many categorizes them to be ""exceptional."" As I watched the film, I realized that the theme of bat is deeply embedded in this movie more than just to make the bat-vampire connection. Duality of human nature = if you ever read aesop's fables, there is this one fable where mammals and birds are fighting and a bat just can't seem to take a side and it tries to play both sides to his advantage. Mammals and birds find out what this bat has been doing and banish the bat out of their lands at the end of the story. the two contradicting sides of human nature are constantly at battle throughout the film ex. sang-hyun's blind priest friend, sang-hyun's effort to quench thirst and his sexual desire, tae-ju playing both sides, her ordinary boring life vs. her thrill seeking vampire adventure, etc (won't ruin too much, u have to watch the film) and this theme is beautifully presented on a plate with delicious sides of romance, sex, violence, religion, dark-comedy,tragedy, vengeance, you name it! i feel like many would find this movie boring and too long, but this film is very fresh and new, something that i haven't seen b4 yet. I wouldn't say this is CW Park's best work, but it is mos. def. the strangest to comprehend yet darkly intriguing!"
2,,"I recently purchased Lost Horizon on ebay, having vivid memories of the Things I Will Not Miss number from childhood (I am an ancient 29). I also recently finished the novel upon which it is based. I was so pleasantly surprised to find a genuine hidden treasure. A wonderful cast brings such warmth and depth to a beautifully simple and elegantly told story, subtly updated from the original film (and by now quite a separate entity to the far more intellectual and thought provoking book by James Hilton). Sally Kellerman in particular has a radiant presence as the suicidal neurotic Sally Hughes, who gradually warms to the charms of Shangri-La. Only Liv Ullmann flounders in her wooden portrayal of the schoolteacher (a role far more suited to a Julie Andrews type. The fact that Finch, Ullmann and Hussey are all dubbed isn't important as it is almost impossible to tell. The songs DO vary in quality, the music being far superior to the lyrics but it is still a vibrant and engrossing film that really deserves a proper DVD release and a lot more recognition."
2,,"A bizarre and brilliant combination of talents between the director, Robert Siodmak and Ella Raines as a secretary trying to save her boss from the electric chair by tracking down a mysterious ""phantom"" woman, and Franchot Tone as a crazed and murderous sculptor. As well there are some fascinating smaller parts played by Elisha Cook Jr as a drugged out trap drummer, as well as the other characters who make up parts of the conspiracy. If you're used to seeing Raines in more wholesome parts, she's allowed to go overboard here, especially in her scenes with Cook. Franchot Tone also plays someone very different, and though it isn't a convincing part, he acts phenomenally. While the conspiracy is too contrived, the film has real atmosphere and is very interesting."
1,,"This show was laughably bad. The writing sucked, the dialog sucked. The guy who played Craig couldn't act his way out of a paper sack. Being it was on Thursday night, this was definitely great to watch with some beers. Cool music, bad acting, poor writing, all came together for my entertainment. It was a drama/unintentional comedy. I don't care what happened to any of the characters, they were all boring and stupid. The first five episodes were the worst, since they couldn't reveal who the victim was, they had to write the dialog around it, which was terrible. I mean, the eulogy at the funeral was ridiculous. Actually, all the scenes that occurred in the present were utterly horrible. So, let's review. Everything happening in present time sucked. The flashback scenes, only the writing, dialog and Craig's acting sucked. The music ruled though."
2,,"If you really want to know how most of the actors and directors in the Hollywood scene ""made it"" to where they are, the vast majority will tell you (assuming they will tell) that a strange coincidence took place. They happened to meet the right people at the right time and get into the right project which led to other connections and other projects. Quinten Tarrantino took an acting class whose instructor knew Harvey Keitel. Kevin Spacey lifted a back stage pass from a sleeping old woman at the lecture of a famous playwright who helped him land an important role. And Robin Williams credits his career to Gary Marshall's son who, after having seen ""Star Wars"", suggested to his father that an alien should visit the Cunninghams of ""Happy Days"". These coincidences, many times viewed as pure luck, shapes many of the careers in Hollywood today. Or is it pure luck? Is possible something else is going on? ""Grand Canyon"" written and directed by Lawrence Kasdan, proposes an altogether different explanation for the inexplicable, aka the strange miraculous coincidence. The movie concerns several different characters whose lives intersect because of positive and yet inexplicable happenstance. Kevin Kline, a middle-aged father, experiences a break-down in one of the more dangerous areas of LA. After he phones a tow truck, a young gang accosts him. They threaten violence if he doesn't leave his car. Just before the confrontation can escalate, Danny Glover appears as the tow truck driver and dampens the intentions of the gang. Although Glover denies it later, he probably saved Kline's life. A producer (Steve Martin) of cheap violent films gets shot in the leg and after wards has a spiritual experience. He then announces retirement from producing blood and gore entertainment. And Kline's wife, Clair (Mary McDonnell), while on a morning jog, finds a baby hidden in some foliage. She claims the baby cried for her and that her ""rescue"" of the infant was preordained. The movie explores further the results of these strange connections that lead to further relationships, end to relationships, and new beginnings. And all the while, a strange homeless man appears throughout the movie as if somehow he is also connected to everything that is going on. It is very rare in Hollywood, or for film in general, to explore such a purely esoteric subject. There are a few moments that seem somewhat unbelievable, but maybe that's the point. What makes the film work is the superb acting by the cast. Although the miracles and coincidences may seem far-fetched, the actors make you believe they are experiencing these new realities. Maybe this is a subject we should explore more often."
2,,"This is, in my opinion, a very good film, especially for Michael Jackson lovers. It contains a message on drugs, stunning special effects, and an awesome music video. The main film is centered around the song and music video 'Smooth Criminal.' Unlike the four-minute music video, it is normal speed and, in my opinion, much easier to watch. The plot is rather weird, however. Michael Jackson plays a magical 'gangster' that, when he sees a shooting star, he transforms into a piece of machinery. Throughout the film, he transforms into a race car, a giant robot, and a space ship. The robot scene in particular is a bit drawn out and strange. I found it a little out-of-whack compared to the rest of the film. A child is kidnapped, Michael tries to save her, is tortured and beaten, and suddenly turns into a giant robot that blows up all the bad guys. A little weird? Yeah. But besides the bizarre robot scene, it's a very good movie, and any Michael Jackson fan will enjoy both the Smooth Criminal music video and the movie."
2,,"I cannot begin to describe how amazing this movie is. Suffice it to say, anytime I'm depressed about how unfair or futile things seem, this is the movie I go rent to put me in the right frame of mind. The background music makes you realize the easiness of existence and how simplicity provides for the greatest happiness. The Indian girl that sings is but one example of a character in this film who does not try hard, and is happy as a result. Persifina, the laundry co-worker of Ruby's (Ashley Judd) is another=-her eyes and smile could make the hardest person's day. I watch this movie and I dream of better days to come or of a good conversation with friends, and I realize that being alone--Ruby is alone quite often--isn't the same as being lonely. Recommended for anyone who enjoys a thoughtful lull of a movie."
1,,"I normally like Casper in his movies, a real credit to STARSHIP TROOPERS. But the box cover on this video SSOOOOO mi-sleds the renters. At my local video, people rent it expecting a (PERHAPS) Borg like vampire, and instead they get a bad re-make of Lon Chaney. It had great potential, and fell very flat. Ireally think I could have written a better story line and screen play. Why is it in EVERY science fiction movie, they (the cast) constantly refers to a solar system as a galaxy? Didn't any of these screenwriters or authors stay awake in science class? It is a pet pevee of mine, but a solar system is a single star with planets, a galaxy is a WHOLE bunch of solar systems. It is like referring to a can of coke as a gross of six packs. Makes it sound even dumber."
2,,"Everything is idyllic in Suburbia when the little family moves in, as the father have got a new job in a computer company there. But no paradise would be complete without its snake. Strange things happens as the family joins the local country club without the husband, as it certainly holds secrets. The father is not a joiner, but pressure is on him to join, as everyone who is anything in the neighborhood and at work are members. Robert Urich's good guy part is a bit tepid, but Joanna Cassidy as good natured housewife turning nasty sizzles. Suspenseful and well-made chiller with a bitchy Susan Lucci as club chairperson. Look out for cult favorite Michael Berryman in a bit part as a valet. The movie captures the sense of paranoia and the special effects final is worth waiting for. I have seen this movie quite a few times."
1,,"Hello it is I Derrick Cannon and I welcome you to the first ever Cannonite review show. My movie for this week was debatable, what route what movie, what excellent four star epic would I choose, guess what I decided to pull a one eighty and go the other route, I've decided to review a movie so atrocious that it totally killed what could have been a very unique concept. The movie I will review today is Jack Frost Two revenge of the mutant killer snowman. The Stars in this movie include Christopher Allport as Sam Tiller, Eileen Seeley as Anne Tiller, Marsha Clark as Marla David Allen Brooks as Agent Manners, Sean Patrick Murphy as Captain Fun, Ray Cooney as the Colonel and Scott MacDonald as the killer snowman himself Jack Frost. It's hard to believe that this movie was in the same series that gave us the incredibly funny Jack Frost(loved the carrot scene),but it's even harder to believe that this is the exact same cast. The movie was ruined for me as soon as they arrived on the island and Captain Fun was introduced. What was the point of his character and how did he fit into a horror movie?The only possible reason I could see was that they wanted to give us a character that was total killer snowman fodder. Sam Tiler seemed more paranoid then he did in the original, his babbling about anti freeze was one of the most pathetic display I had seen in a movie. His wife however was one of the few bright spots. She played her role as the main woman to a hilt. She was a voice of reason in film of pure idiocy. The scene where she figures out how to kill the snowmen was one of the most anticipated parts of the movie. Ray MacDonald once again did a great job as Jack Frost despite what he was given. If it wasn't for such weak characters he could have been immortalized like Chucky,Freddy and Jason. Laugh if you must but when it comes down to it Jack Frost had spunk, he had humor, and most importantly he had an undoubtable vicious streak. This movie could have been so much more, it could have been a continuation of a great franchise, instead any plans to make a Jack Frost three have been canceled. This movie gets a two out of ten for me, and it's lucky that it even gets a one."
1,,i think that it was just like Lizzie McGuire except that it was a lot worse than the original. the only thing that is different is that she likes animals and science and all of that geeky stuff. everything else is the same. she likes a guy that she is too nervous to ask out. and later she finds a guy that does like her and she has no clue. i think that people need to quit making that same kind of shows. and another thing that is the same is that it is always thaw the friends are two girls and one guy. don't people think that these things get old and tired and these ideas keep being used over and over and yet they keep using these ideas. but i do know people who watch this show and i know that they like them.
1,,"Somehow they summed up the 60's, ten years that radically changed our country, in four hours. And what a painful four hours it was. They trivilized the major events and happenings and they ""claimed"" it was about two families yet you barely saw the african-american family. If I were NBC I would be ashamed and embarrassed for airing such trash. What was amusing was this happy-go-lucky family you saw in the very beginning was tortured in so many ways, but managed to attend every major 60's event through the country. And the second family was such a non-factor. They devoted maybe five or six scenes total to this family. That poor son... Please NBC, do not make any movies about any other eras....leave that to PBS and the History Channel"
1,,"I love Juan Piquer-Simón! He's my absolute favorite bad-movie director and, throughout his whole career, he incompetently tried to cash in on simply every successful contemporary trend in the horror and fantasy genres. After the big hit that was ""Superman"", J.P made his own and hilarious ""Supersonic Man"", he picked in on the violent slasher-movie madness with the insane ""Pieces"" and he really over-trumped himself with ""The Return of E.T."", the unofficial and downright laughable sequel to Spielberg's SF-blockbuster. ""The Rift"" is obviously inspired by the series of profitable underwater monster movies like ""The Abyss"" and ""Deepstar Six"". From start to finish, you can amuse yourself by spotting all the stolen ideas and shameless rip-offs of these (and other) classics. When a completely new and fancy type of submarine vanishes near the deep Dannekin rift, a second mission with U-boat designer Wick Hayes on board is sent out to investigate what really happened to Siren One. In the dark depths of the ocean, the rescue mission discovers an underwater cavern where the government secretly experiments with mutant sea-creatures. The monsters are quite aggressive but there's also the danger of a government enemy among the crew members... ""The Rift"" is a forgettable film, but it nevertheless has some ingenious  though very dodgy  monster models. Fans of blood and gore won't complain, neither, as the beastly attacks are quite gruesome and merciless. The acting is very wooden although many of the cast names can definitely do better. It's advisable that you simply enjoy the clichés and gory effects in the ""The Rift"" because, if you start contemplating about the screenplay, you'll find that it makes absolutely no sense."
2,,"Maybe it's because I looked up the history of the Irish troubles in the 1920s and then the sad Civil War that engulfed the Free State after the signing of the treaty before watching this movie. Anyway, the sudden turn at the end brought tears to my eyes. Victor McLaglen isn't as famous today as he was back then, and he should be better remembered. In this film, I think he's playing himself as he would have been without his innate talent and brains. For example, the scenes where his buddy in the crowd is challenging men to fight with him is probably quite reminiscent of what McLaglen actually did in earlier years, when he was a world-class bare-knuckles boxer. John Ford is partly responsible for that; the IMDb trivia section shows how he tricked McLaglen into getting a really bad hangover for the trial scene. This director also could bring out a lot in his actors, even without such tricks. Mostly, though, McLaglen is firmly in control, especially when his character is almost totally blotto (which is difficult for an actor to do believably), and he also plays Gypo Nolan with a depth and emotional power that is surprising for someone who has only seen McLaglen later in his career, in ""The Quiet Man."" I especially like the contrast between this role as an IRA man and the much more obviously controlled performance he gave as the IRA man Denis Hogan in ""Hangman's House."" In ""The Quiet Man,"" of course, McLaglen is a country squire at odds with the local IRA. Victor McLaglen was big and bully, in the old-fashioned sense of the word, but he was a good actor, too, and capable of wide range and fine nuances of performance that we just wouldn't expect of a such a man today. It's a rather sad comment on our own set of expectations and prejudices. Ford, as usual, packs a lot into a little bit of film. All the characters are excellent (though the Commandant's mostly American accent is distracting) -- NOTE: There be spoilers ahead! -- Knowing that Gypo once drew the short straw and was ordered to kill a man but let him talk his way out of it instead, we really empathize with the man who draws the short straw for executing Gypo, and the humanity he shows, most notably when they go to take Gypo in Mary's room. John Ford really shows his genius here, taking what could have been a gruesome and yet expected outcome to the whole story and instead using it to set up a totally unexpected and yet very satisfying ending that makes us think not just of Gypo and the other characters, but of poor Ireland during that tortured time."
1,,"Seeing this movie in previews I thought it would be witty and in good spirits. Unfortunately it was a standard case of ""the funny bits were in the preview"", not to say it was all bad. But ""the good bits were in the preview"". If you are looking for an adolescent movie that will put you to sleep then Watch this movie."
2,,"Hurrah! A space film that doesn't take itself too seriously and everyone can come along for the exciting ride that is space camp. The film starts slowly, the usual mix of idiots and high-fliers mixed together into a dodgy soup. But when the going gets tough - the tough get themselves sorted out and it's not an un-believable change in the characters as you can believe that there's some responsibility in their young minds. The only flaw in the film is that Kate Capshaw is EXTREMELY annoying as the ""I'm right and you're all wrong"" instructor. I would recommend this as a nice night in movie and a 7 Vote."
1,,"To this day, I have never seen Elizabeth Shue in anything else because of the stench of this movie. Poorly acted, poorly plotted and racially Neanderthal, it took place in a Chicago where every black person apparently lived in a blues club. . SPOILER AHEAD. . . . . .. SPOILER: Her ""blues"" solo was even more painful to watch than her clueless acting and the intro into it - 'Nobody leaves without singing the blues' -- was as dumb as a post. The children her character was babysitting were insufferable and well before the movie's end I was wishing for something horrible to happen to all of them. I have to say though, there is one special thing about this movie; it takes a lot for a movie to offend me but this smoldering piece of tripe did what Chopper, the Phantom Menace and Catwoman could not -- make me sick to my stomach."
2,,"Once upon a time, Troma, the company that brought us cinema classics such as: The Toxic Avenger, Rabid Grannies, Poultrygeist, Redneck Zombies and Surf Nazis Must Die, decided long ago to adapt Shakespeare's famous play, 'Romeo and Juliet.' This adaptation decided to spice up the story by adding kinky sex, extreme violence, genital monsters, body piercing and incest and it succeeded in creating a bizarre yet hilarious film. Anyone going into a Troma production should know what to expect, and that is irreverent and perverse comedy with plenty of political incorrectness. Expect plenty of nods to other Troma films and plenty of re-used gags (flipping cars and head squashing). Many may think it sounds like utter crap that only morons would find funny...they may be right, but at the same time they may need to lighten up and enjoy the insanity and mind-numbingness that is Tromeo and Juliet. With a great cast, a funny script (by James Gunn and Lloyd Kaufman), a fitting soundtrack and plenty of great visual gags, Kaufman has yet again succeeded in turning what is right upside down and grossing the hell out of everyone. Get some popcorn, grab a beer, invite your friends over and enjoy Tromeo and Juliet for what it is, a Shakespeare adaptation with plenty of balls. The end. 4/5"
2,,"Okay, here's the deal. There's this American pilot who's flying along, minding his own business, when suddenly he's outnumbered by evil, cowardly non-American fighter planes (they're Middle Eastern types, but suffice to say they don't like apple pie or Elvis Presley), who proceed to shoot him down. Now this American pilot was doing nothing wrong, but those evil non-Americans didn't care and before you know it he's banged up in a foreign jail and sentenced to death!! Now, what would normally happen here is that the US Military would carpet bomb a couple of nearby towns until the pilot was released, but not this time. Those evil peace lovin' types probably got involved and managed to stop any kind of retaliatory massacre. As you can imagine, this doesn't please the pilot's family and the evil foreign dictator has this smug, contented look about him. He'll make those Americans pay, oh yes indeed! But He didn't reckon on Doug Masters, the captured pilots 16-year-old son. You see Doug has been able to fly a plane longer than he can drive a car, (which can't be that long) and decides to fly into that evil, foreign country and get his Dad back. So with the help of his friends, Doug and his wingman, retired pilot Chappy' Sinclair, Doug launches a two man air raid on the foreigners. Now you'd think that this plan would be bound to fail, but you'd be wrong. Sure, those Middle Eastern types might be all veteran pilots, but Doug's got an ace up his sleeve, he listens to rock music when he flies! After shooting down a dozen or so enemy planes and blowing up an oil refinery, Doug lands at an airport and gets his now wounded dad onboard the plane. Understandably, the evil, not quite so smug anymore, dictator gets quite annoyed at these antics and takes to the skies himself, in bid to shoot down Doug. But the young lad listens to some more rock music and blows the villain out of the sky. HURRAH! After Doug and Chappy have shot down 90% of their air force, the foreigners send up their last few planes in a rather poor attempt to shoot Doug down, but in the nick of time, a flight of US F16s turn up and scare them away. I cannot recommend this film enough. It was the first ever videocassette movie that I brought, and until I was twenty, I kept hoping that my dad would get shot down over a foreign country so that I could rescue him. But he's doesn't like flying, so it didn't happen."
2,,"I remember watching this as a child as part of the Children;s Film Foundations Friday Film Specials on CBBC and have recently happened upon a copy. In the twenty or so years since my last viewing this film has lost nothing. It is an atmospheric tale which entices with Cornish folklore and adds elements of truly creepy imagery of the ghost of the young miner Billy. Shot in the wonderfully scenic Port Loe area of Cornwall the film utilises the mixture of rugged coastline and abandoned tin mines to make the setting truly believable. There is much packed into this CFF drama, something long since lost from Children's television today and well worth a look if you can track down a copy."
1,,"This movie examines the now infamous Wannsee Conference where top Nazis gathered to discuss the organisation and implementation of the ""Final Solution"" First off, I want to say I was amazed to see Kenneth Branagh play a Nazi. With the slicked back blonde hair, he certainly looked the part but he didn't really act the part well. There was none of the menace & cruelty and in the end, he came out looking like a grinning cheerleader, keeping the meeting going. The real Heydrich would not have let the conference get out of control the way it did in the film. The best performance of all was undoubtedly Colin Firth who played Dr William Stuckart, the man who wrote the 1935 Nuremberg race laws and who gave ""legal respectibility"" to everything the Nazis did. Firth's performance was stunning, the main vocal opponent to what Heydrich was proposing. The best part of all was when he was verbally dressing down one of the Nazi thugs. The thug muttered ""I'll remember you"" and Firth replies ""you should! I'm very well-known!!"" The film is historically accurate but let's boil it down to what it really is - 90 minutes of a group of men around a table discussing, shouting and bragging. There's no excitement, no real conflicts (except the brief argument). It's just 90 minutes of talking! Same room, same table, same people. I'm not sure if the DVD is worth the money. I for one felt short-changed."
1,,"The plot is about the death of little children. Hopper is the one who has to investigate the killings. During the movie it appears that he has some troubles with his daughter. In the end the serial killer get caught. That's it. But before you find out who dunnit, you have to see some terrible acting by all of the actors. It is unbelievable how bad these actors are, including Hopper. I could go on like this but that to much of a waste of my time. Just don't watch the movie. I've warned you."
2,,"Famous was ""famous"" for their tension and release style of cartoon where the semi-main character is in terrible peril, only to be rescued by the hero at the last second. This particular Casper is the only one I can remember where death actually takes a hand. But even in death, there is still a happy ending. The constant in Famous Studios cartoons is that ""virtue always triumphs"". Popeye always gets to his spinach in time, Baby Huey always out-foxes the fox, Little Audery always ""learns her lesson"". And some FS cartoons ARE really dark and depressing. You have to give them credit. as much as I love Looney Tunes and ""Tom and Jerry"" I don't think anyone was putting out a better cartoon product at that time than Paramount. Color, animation, music (the great Winston Sharples), editing, voices. They were consistent and a glowing example of the best that the art form had to offer."
2,,"This well conceived and carefully researched documentary outlines the appalling case of the Chagos Islanders, who, it shows, between 1969 and 1971, were forcibly deported en masse from their homeland through the collusion of the British and American governments. Anglo-American policy makers chose to so act due to their perception that the islands would be strategically vital bases for controlling the Indian Ocean through the projection of aerial and naval power. At a time during the Cold War when most newly independent post-colonial states were moving away from the Western orbit, it seems British and American officials rather felt that allowing the islanders to decide the fate of the islands was not a viable option. Instead they chose to effect the wholesale forcible removal of the native population. The film shows that no provision was made for the islanders at the point of their ejection, and that from the dockside in Mauritius where they were left, the displaced Chagossian community fell into three decades of privation, and in these new circumstances, beset by homesickness, they suffered substantially accelerated rates of death. Following the passage of more than three decades, however, in recent months (and years), following the release of many utterly damning papers from Britain's Public Record Office (one rather suspects that there was some mistake, and these papers were not supposed to have ever been made public), resultant legal appeals by the Chagossian community in exile have seen British courts consistently find in favour of the islanders and against the British State. As such, the astonishing and troubling conclusions drawn out in the film can only reasonably be seen as proved. Nevertheless, the governments of Great Britain and the United States have thus far made no commitment to return the islands to what the courts have definitively concluded are the rightful inhabitants. This is a very worthwhile film for anyone to see, but it is an important one for Britons and Americans to watch. To be silent in the face of these facts is to be complicit in a thoroughly ugly crime."
2,,"A few things to touch on as a response to the earlier person's comment. You just have to pay attention to what is going on in the film. (I guess they are spoilers) The red stuff under David's mouth? Poison ivy, the wife says not to scratch it or else ""it will spread"". David goes ""insane"" because the stranger is telling HIM to get out of the house, which probably proves David's theory of an affair happening between the wife and stranger; he runs after the man. David does not lose him in the woods, he simply hits the stranger a couple of times and leaves it to his wife to pick up the pieces. Only the wife eats the mushroom. I must say, after that one point with the wife and stranger, I began to feel disappointed. But the ending made up for the entire film. And for that and the very last scene... this is one of my favorite movies ever. I should have put it together earlier, but let myself get sidetracked. I was really surprised, honestly. This film is interesting, to say the least. But if you are not watching this for the performances that the actors give, I'd say you better let this one go, because that is all that keeps this certain film together."
1,,"After having watched Darwin's Nightmare, one must have the impression of Tanzania being a living hell, with its population being quasi-slaves delivering the finest fish to the well-fed Europeans while leaving the fish bones to the starving population. In exchange for the fish they get western-made weapons, which the mainly unemployed population eagerly awaits to use, because being a soldier is their only source of income. So everything is all dark with trade as the incarnation of evil and source of all misery? Not quite. Fortunately Darwin's Nightmare shows the dark sides only and completely spares the positive aspects. In fact, the documentary hardly tells anything about the economic and ecologic importance the victoriaperch has for the region. For the countries around lake Victoria the victoriaperch is the second to third most important source of income. The wages in the fishing industry are way above average. Tanzania has banned huge trawlers to secure the jobs of thousands of fishermen. The adjacent states have met agreements to keep fishing on a sustainable level. Cities at the lake are benefiting from the taxes the fishers have to pay for each kilogram caught fish and the taxes on the factories' exports and profits. Furthermore Tanzania has banned exporting the local traditional fish, which still play an important role feeding the local population. By ignoring those positive signs the documentary deters the badly needed western consumers and investors and thus threatens to aggravate the African's situation. For further reading I can recommend two articles the German alternative-wing newspaper wrote on the subject: http://www.taz.de/pt/2006/09/02/a0013.1/textdruck http://www.taz.de/pt/2005/03/17/a0151.1/text"
2,,"As far as I know this was my first experience with Icelandic movies. It's such a relief to see something else than your regular Hollywood motion picture. Too bad that movies like this one have a small chance of succeeding in the big world. I can only hope that people watch this by accident, by recommendation or other... Because it's really worth while. I left the cinema feeling really sad. I couldn't get the tragic destiny's of the characters out of my head. And it impressed me even more when I thought of the complexity of the film. Not only was it a tragic story, it had excellent comic reliefs and a very good soundtrack. If you have the opportunity, watch it! It's really thought provoking and made me ponder a lot."
1,,"This film has the kernel of a really good story. The work of the men and women of the Coast Guard, especially in the North Pacific, is the stuff of heroes and legends. This film mucks up a good story with three endings (none satisfying), a couple of unneeded and pointless bar fights and two alleged ""romantic"" relationships that have as much spark as dead campfire. The rescue scenes are great - even if the computer generation is hokey and the scenarios are pretty unreal - but the backstory is lame and disappointing. Costner is good - especially his hand acting (watch for it). Ashton Kutcher is flat but not terrible. The main female characters are one dimensional. The best female is one of the Coast Guard sailors in the rescue center and she's on camera for about two minutes in the whole film. It could have been an excellent film - and Costner needs one!"
2,,"Before she went into politics or public service, Glenda Jackson was one of Britain's finest film actresses. This film displays her talent despite having a supporting role in a stellar cast that includes Julie Christie as Kitty, the wife of a British Royal Captain who has lost his memory of the last 20 years, and Jenny played by American Ann-Margret in an almost unrecognizable role as the doting sister. Alan Bates plays the captain who suffers from memory loss triggered by the shell shock during World War I. Sir Ian Holm has a smaller role as the doctor treating him. You see familiar faces like Sheila Keith, Patsy Byrne, and Frank Finlay. You can't help but watch Glenda play a dowdy housewife and the first true love of the Captain but they came from different classes. It's not the greatest movie but it's good to see Glenda's amazing talent. She is still a fantastic actress, comedy or drama. She makes Margaret Grey into a likable character and you see why a regal captain fell in love with her."
2,,"I loved this film. Not being a swooning Ed Wood Jr. fan, I prefer to appreciate his ""boundless enthusiasm"" and acknowledge his shortcomings. His movies are fun, but his personal story is one racked with pain. I hoped, and was delighted to find, that this film would be about understanding his turbulent life, rather than simply heaping him with posthumous praise. From beginning to end, this film evolves from a documentary into a mythology, leaving the cast and the viewer unexpectedly connected to each other and to Ed Wood Jr. What we get are people who knew Ed Wood the best talking about him from all perspectives, positive and negative, and showing us their character as much as Ed's. We get insight into Ed's personal and professional life: from his romances, to his drinking, to his sexuality, to his friends, to his enemies, and even to his film making. The film itself is shot in a low-budget way that seems done out of respect for Ed, as if using the techniques of most theatrically released movies from 1996 would be disrespectful (sort of like wearing a nicer suit than the President). The set designer uses a sense of humor and also a great deal of insight when matching each cast member with their background. Fans will be excited to hear personal testimony regarding Ed Wood controversies, and new comers will be amazed that this man was real. The DVD is full of impossible to find gems (""Crossroads of Lorado"" and photo galleries), but the real treasure of this film is the surprisingly engaging and interconnected story. Ed Wood had a habit of defining people through their association with him (for better or worse), to the point where one woman will go down in history as ""Swimming Pool Owner"" for once letting him and his friends be baptized in her pool. This ability to define a person's legacy comes through universally, as the most amazing effect of the film is to not only give a well rounded idea of the man that was Ed Wood Jr., but also to give a comprehensive view of the community that he created. Somehow, without ever having more that one cast member being interviewed on screen at a time, the connection that Ed Wood created amongst the various people in his life becomes clear, and the viewer is left with great sense of involvement. Even the title hints at the B-list horror genre, but by the end, we see that even this is a kindness. What begins as unrelated stories by random people ends with the conclusion that all of the cast will be forever weaved into an unpredictably cohesive fabric that history will bring into haunting unity with Wood's legend. In many ways a living contradiction, Ed Wood Jr. could not be condensed to a single viewpoint. This collaborative effort is the closest to knowing him that we can ever get. Being itself a juxtaposition of themes, it is at once respectful, provocative, thoughtful, gripping, fun, sad, kind, and fulfilling."
1,,"This had to be one of the worst films ever. When Kate shows up and Jed is with a bunch of guys and they all start clapping...so Hollywood. Another bad scene was when Kate was running her hands over the pavement it appeared that she was examining the texture of the pavement. Andie's acting is so bad in this film - I could not connect with them or feel there love for each other. The other 2 women however were very good and overshadowed Andie. Anyway this was such a campy movie. I usually like these type of films but I just couldn't get into this film. Too many unlikely situations and again Andie's acting didn't help the film. Also, she is all gums. Lancome must put her makeup on with a putty knife because she looks glamorous in the commericals."
2,,"Wow, Stella Shorts are great! Lots of patrons from The State and Stella, the TV show. I never knew that Stella could have gotten any better then they were on the TV show Stella or even Comedy Central Presents: Stella. I also never knew short comedies could be any good. My favorite ones were Pizza, Racking Leaves, The Woods and David arranges to a meeting with his long lost cousin Greg. I think over all that David was the funniest one. Its funny when he doesn't make sense. I like the music in the shorts. Thats something I pay attention to a lot. They always had good taste in music. I wish they still made shorts, either that or bring back there sitcom. I hope they continue making good and funny comedy."
2,,"... or was Honest Iago actually smirking at the end, as he died? Loved how the Bard's iambic pentameter just rolled of Fishburne's tongue, with excellent clarity and emotion. And how Branagh made Honest Iago seem to celebrate his own evilness... This is a wonderful film. I have often thought that Shakespeare is inherently not film-friendly: He uses words to create pictures in our minds, which creates a perennial battle with the camera, which only knows to show us what we need to think and feel. Every effort to film Shakespeare ought really to be celebrated. It is not an easy thing to do."
2,,"The Matador is better upon reflection because at the time one is watching it, it seems so light. The humor is always medium-gauge, never unfunny but never gut-busting. The story is a very simple thread. The characteristics of the plot are often recycled features, namely the unscrupulous bad guy in need of a pal and the straight-laced glass-wearing good guy in need of security in life team up and learn from each other and somehow complement each other's lifestyles. I also find the bullfighting parallel to the story unnecessary, as it is a simply cruel thing and the symbolism is hardly potent enough to carry itself. However, it really is a good film, because though it seemed so thin and unaffecting at the time, it wasn't. It has a subtle way of connecting with the audience. I believe the reason it slowly but surely gives the audience something to take with them is because though it's a formula that is nothing new, even most of the humor, both main characters, virtually the only characters in it, are somehow met and gotten to know. Forget calling them real. That's not at all what I mean. What I mean is that though Pierce Brosnan's filthy, womanizing, boozing hit man is a detached comical character, he's grasped firmly by the writer and definitely by Brosnan, who is aggressively communicating how much he enjoys his breath of fresh James Bondless air. Greg Kinnear's character seems quite the same in his detached scriptedness, but he's given certain very unexpected footnotes that for a moment due to the film's lightfootedness pass us by but then hit us only a moment later. We then realize the film is not simply Analyze This or Planes, Trains and Automobiles told stalely over again. Its truly saying something. The film's climax is of a sort that wants to partially be a thriller with twists. But with its lightness, how can that possibly be the focus of the film, though the plot has been leading up to it? No, the focus is what Brosnan and Kinnear get out of their unlikely relationship to each other. Strangely, The Matador is a film about regret and loneliness. Brosnan deals with loneliness and regret every day, and though we don't understand why Kinnear is so lenient and accepting with Brosnan continually interrupting his life, it's slowly understood that Brosnan is salvaging Kinnear from a more down-to-earth version of his own feelings as a means of redemption. The very last scene of the movie stays with me. It, I think, is where the film's subtle side-stepping impact finally begins to seep."
1,,"I purchased this film for $5 in a bargain bin at my local video store for one reason only, Chase Masterson, but I should have crumbled up the five, thrown it in a toilet and flushed. The film is about a bunch of twenty somethings that peaked in high school and reunite on the anniversary of their idiot friends death, who got drunk and wandered into the woods and died. There problem is a reptilian monster is hunting them down one by one. The acting is abysmal, these worthless people were apparently cast offs on shows like 90210 and Dawsons Creek. The directing was on par with a twelve year old and the script was probably done by a thirteen year old. The entire set looks like someone's backyard in Malibu. The people on here that have praised this film are obviously friends of the director and/or actors. Avoid this pile of garbage at ALL costs."
2,,"""The Plainsman"" represents the directorial prowess of Cecil B. DeMille at its most inaccurate and un-factual. It sets up parallel plots for no less stellar an entourage than Wild Bill Hickok (Gary Cooper), Buffalo Bill Cody (James Ellison), Calamity Jane (Jean Arthur), George Armstrong Custer and Abraham Lincoln to interact, even though in reality Lincoln was already dead at the time the story takes place. Every once in a while DeMille floats dangerously close toward the truth, but just as easily veers away from it into unabashed spectacle and showmanship. The film is an attempt to buttress Custer's last stand with a heap of fiction that is only loosely based on the lives of people, who were already the product of manufactured stuffs and legends. Truly, this is the world according to DeMille - a zeitgeist in the annals of entertainment, but a pretty campy relic by today's standards. TRANSFER: Considering the vintage of the film, this is a moderately appealing transfer, with often clean whites and extremely solid blacks. There's a considerable amount of film grain in some scenes and an absence of it at other moments. All in all, the image quality is therefore somewhat inconsistent, but it is never all bad or all good  just a bit better than middle of the road. Age related artifacts are kept to a minimum and digital anomalies do not distract. The audio is mono but nicely balanced. EXTRAS: Forget it. It's Universal! BOTTOM LINE: As pseudo-history painted on celluloid, this western is compelling and fun. Just take its characters and story with a grain of salt  in some cases  a whole box seems more appropriate!"
2,,"I must confess that I don't remember this film very well. But, certainly I liked it. I think it was the best adaptation from Burroughs novel, really. And of course it's one of the best movie from Christopher Lambert. A good movie about Tarzan, as cult as the ones with Weissmuller."
2,,"I teach Japanese for an online high school and I include cultural activities so that the students can learn about the country as well as the language. And watching ""Gung Ho"" is one of the requirements. The students can either buy or rent the movie. Stereotypes or not, this helps the students to see that other people view the world and their lives differently than we do. Many of my students have told me that they enjoyed the movie so much, they are going to get a copy for themselves. It is really interesting to see what we value in this culture and what they value in their culture. I just wish I could get a cleaned-up TV version. I'm not really into the crude language the auto workers use all the time."
2,,"Many horror fans complain that horror has scarcely progressed in the last twenty years. I was inclined to agree with this until the influx of Asian horror films, a trend which has admittedly grown dull. However, it has produced some true classics, and A Tale Of Two Sisters, for me at least, stands out as an exceptional piece of cinema, and perhaps the best horror film in a very long time. Based vaguely on a Korean folktale, it tells the sad story of two mentally-troubled sisters residing with their father and stepmother. After experiencing a few problems on their first night back at home, they determine to stick together and deny their stepmother access to their close relationship. The tension rises and there is the inevitable snap. But what happens after this requires more than a pair of eyes, as the story takes several twists, and the scares become more emotional and quite real. By the end, you may need a few moments to absorb it all and piece it together in your own mind, but it is exactly this pairing of horror and mystery that pushes it beyond the definitions of these genres and makes it an instant classic. One to watch again and again, if only to work it all out."
2,,"This is, by far, the best movie I've seen in a long while. It is a wholly original and beautiful plot. It is not boring, nor is it too dramatic. The characters are tangible and realistic, but it does not take away from the story line. The fact that is not in English is most likely the final touch. The end leaves you fulfilled in a way I've never experienced in a movie before. I wish I had found this movie earlier. More lines. more lines. more lines a lot more lines c'mon, i'm done"
1,,"A Lassie movie which should have been ""put to sleep"".... FOREVER. That's how I'd describe this painfully dreary time-waster of a film. So mediocre in every aspect that it just becomes a dull, uninteresting mess, this is one of the most forgettable movies I've seen. It isn't even an achievement as a ""so-bad-it's-good"" or ""so-bad-it's-memorable"" movie. The idea of Lassie turning bad is intriguing but so little actually happens, and so slowly, that you feel your life slipping away while sitting there, watching the non-actors read their lines off cue cards waiting for their measly paychecks. It's an empty, hollow shell of a movie. Seriously, it's not worth wasting your, or your kid's time on. Unless you're both heavily medicated. That's all I have to say. Avoid, avoid, avoid! It will drive you barking mad! Hahahah, get it? BARKING! Hahahahahahaha! Sorry, I've had a rough week."
2,,"Toy Soldiers is an okay action movie but what really stands out is the amount of effort that the scriptwriters and director put into portraying American counter-terrorist forces accurately. Just check out the end credits--there are more than a dozen US military officers and officials listed. The movie accurately portrays the FBI as having control of the hostage situation but turning it over the US Army's Delta Force (who are unnamed in the movie as the Pentagon was still denying their existence at this time) once the President waived the Posse Commitatus Act of US Code. The US Army forces at the end are accurately dressed and armed for the time. And even the use of an AH-64 Apache for air support--which might seem a bit over the top, is not terribly unrealistic. Far more expensive and frankly better movies have portrayed American counter-terrorist forces with far less accuracy."
2,,"He's stocky, sweaty, slightly cross-eyed and restless. He stands in front of us and calls himself a pervert. He claims that we  the film viewers  perceive the screen as a toilet bowl, and are all secretly wishing for all the s**t to explode from the inside. He's unpredictable and scary. Well ? Come on, you could have guessed by now: he's one of the leading philosophers of our age. Slavoj iek is both a narrator and a subject of Sophie Fiennes' extraordinary new film, A Pervert's Guide to the Cinema. Fiennes illustrates a feature-long lecture by iek, and does so in two ways: by providing exemplary film clips and putting iek on real (or reconstructed) locations from the movies he speaks about. It's always nice to watch neatly captioned scenes from great movies (although Revenge of the Sith got here as well), but the main attraction of A Pervert's Guide is iek himself. What makes the movie such fun to watch is the unanswerable question one cannot help but ask over and over again: what is more outrageous, iek's views or iek's screen presence? In a documentary by Astra Taylor (iek!, 05), Slovenian philosopher at one point confessed his fear of being silent. Because, he claimed, he feels like he doesn't exist in the first place, the only way to make all other people believe he does is to talk constantly and feverishly. And talk he did, and how. Also A Pervert's Guide is dominated by his voice  delivering perfect English in most crazy way, and making some astonishing points about the cinema. What are those? Well, for example he sees Chaplin's reluctance towards talking picture as a sign of an universal fear of voice itself (kind of alien force taking over the human being  think the ventriloquist segment of Dead of Night [45]). He says that the perverse nature of cinema is to teach us to desire certain objects, not to provide us with them. He identifies Groucho Marx as super ego, Chico as ego and Harpo as id. He says a million other interesting things, and all the time we cannot take our eyes off him, so persuasive (and captivating) are his looks. At some point I couldn't help but stare at his thick, scruffy hair and wonder what kind of a brain lays stored underneath. Craving, of course, for more insights. Most notable are iek's readings of Lynch and Hitchcock (which comes as no surprise since he has written about both of them). The cumulative effect of many brilliantly edited clips from their respective work made those parts of iek's lecture memorable and  unlike others  difficult to argue with, since he seems to really have gotten things right on these two directors. This doesn't go for his reading of Tarkovsky for example, upon whom he relentlessly imposes his own utterly materialistic view of reality, dismissing precisely what's so remarkable in all Tarkovsky (namely strong religious intuitions and images). The question isn't whether iek is inspiring and brilliant, because he is; or whether Fiennes film is worth watching, because it is likewise. The real question is rather: are iek views coherent? One smart observation after another make for an overwhelming intellectual ride, but after the whole thing is over, some doubts remain. For example: while considering Vertigo (58) iek states that what's hidden behind human face is a perfect void, which makes face itself only a facade: something of a deception in its own means. However, when in the final sequence we hear about the ever-shattering finale of City Lights (31) as being a portrait of one human being fully exposed to another, it's hard not to ask: what happened to the whole facade-thing ? Why should we grant Chaplin's face intrinsic value of the real thing and deprive Kim Novak's of this same privilege in two bold strokes ? Or maybe that incoherence might also be read in Lacan's terms? (The name of the notoriously ""unreadable"" French psychoanalyst is fundamental to iek's thought.) The film has all the virtues of a splendid two-and-a-half hours lecture: lots of ground are covered, many perspectives employed, even some first-rate wisecracks made (when iek travels on a Melanie Daniels' boat from The Birds [63] and tries to think as she did, he comes up with: ""I want to f**k Mitch!""). But it has also one shortcoming that isn't inherent to two-and-a-half hours lecture as such: it's almost obsessively digressive. iek's yarn about how far are we from the Real is as good as any other psychoanalytic yarn, but after some 80 minutes it becomes quite clear that one of iek's perverse pleasures is to ramble on and on, changing subjects constantly. Overall effect is this of being swept away by a giant, cool, fizzing wave: you're simultaneously taken by surprise, refreshed, in mortal danger and confused no end. As you finish watching, your head is brimming with ideas not of your own and you're already planning on re-watching some films  but you also share a sense of having survived a calamity. The ultimate question is: did iek lost it? Or haven't we even came close to the real thing? Once cinephilia becomes punishable by imprisonment, we shall all meet in a one big cell and finally talk to each other (not having any movies around to turn our faces to). I dare you all: who will have enough guts to approach iek and defy him? My guess is that once you look into those eyes in real life, you become a believer."
2,,"""Why did they make them so big? Why didn't they just give the money to the poor?"" The question about cathedrals was asked by a student to Mr. Harvey during a school field trip to Salisbury Cathedral. ""That's a good question,"" he replied. ""Partly to inspire them - to get them to look up with awe."" I'm not sure that cathedrals have that impact on everyone, but this movie certainly had that impact on me. It was awesome! It didn't start out that way. For a while it seemed to be little more than a depiction of - well - a school field trip to Salisbury Cathedral. If you've ever been on a high school field trip to anywhere this is basically it. You have a group of largely disinterested kids just happy to be out of school for a day, the bus driver who's driven crazy by them and some teachers trying desperately to keep it all under control. Been there, done that, got the t-shirt was my initial reaction. I figured that in the end this was going to be a typical story of a teacher managing to inspire a group of disinterested students. YAWN! But it turns out to be so much more! Timothy Spall was brilliant as Mr. Harvey - a sombre, unsmiling teacher with a strange fascination for cathedrals. Over the course of the movie, his story slowly comes out and becomes the focal point of the story. We also get introduced to some of the troubled students - most notably Helen, also brilliantly played by Nathalie Press, who's into self-mutilation. This isn't a religious movie, but it includes some powerful reflections on religious themes. When Harvey's colleague Jonathon (played by Ben Miles) says ""I don't care what anyone believes as long as they don't try to force it on anyone else"" Harvey replies, ""that isn't tolerance - it's indifference!"" - which is, in fact (in my opinion) what often passes for religious tolerance in our society. There are scenes of reconciliation between various characters, and the final scene of the movie was brilliant. As Harvey climbs back on the bus, director Susanna White has the camera slowly pan upwards, so that the final shot is simply of the sky - hearkening back to Harvey's comment that the purpose of the cathedral is to get people to look up in awe. The cathedral accomplishes its goal. We look up into the universe in awe, seeking something greater than ourselves, however we choose to define it. This is a very powerful and very inspiring movie. 9/10"
1,,"Okay, first off, Seagal's voice is dubbed over for like 50% of the film... Why? Because apparently there were rewriting the script and story as they were shooting and they need to change his dialogue for story continuity as they have multiple versions. From the very beginning, you just scratch your head because the overdubs are not only distracting, but they make no sense. That said, the story still sucked and doesn't make any sense at all. When I got the the end, I was just scratching my head cause the movie was so pointless and the ending didn't even make sense. Avoid like the plague. This movie made me stop watching Seagal straight to video movies cause they just get worse and worse."
2,,"Every scene was put together perfectly.This movie had a wonderful cast and crew. I mean, how can you have a bad movie with Robert Downey Jr. in it,none have and ever will exist. He has the ability to brighten up any movie with his amazing talent.This movie was perfect! I saw this movie sitting all alone on a movie shelf in ""Blockbuster"" and like it was calling out to me,I couldn't resist picking it up and bringing it home with me. You can call me a sappy romantic, but this movie just touched my heart, not to mention made me laugh with pleasure at the same time. Even though it made me cry,I admit, at the end, the whole movie just brightened up my outlook on life thereafter.I suggested to my horror, action, and pure humor movie buff of a brother,who absolutely adored this movie. This is a movie with a good sense of feeling.It could make you laugh out loud, touch your heart, make you fall in love,and enjoy your life.Every time you purposefully walk past this movie, just be aware that you are consciously making the choice to live and feel this inspiring movie.Who knows? What if it could really happen to you?, and keep your mind open to the mystical wonders of life."
2,,"Rupert Friend gives a performance, as Prince Albert, that lifts ""The Young Victoria"" to unexpected levels. He is superb. As we know, Queen Victoria fell into a dark, deep depression after Prince Albert's death and looking into Ruper Friend's eyes I understood. The film doesn't take us to his death but to an incident that may very well could have cost his life. An act of love. I believed it, or I should say, him. I believed what he felt was real. Nothing or anybody gets anywhere near the delicacy and profundity of Friend's characterization. Emily Blunt is good but I didn't believe for a minute she was Victoria. No real sense of period. It may no have been her fault but her prince deserved the crown."
2,,"Oh my gosh!! I love this movie sooooooooooooooooooooo much!!!!!!!!!!!!!!!!!!!!!!!!!!!!!!!!!!!! It is so incredible......I loved it as a wee babe and still love it as an adult. It is my favorite Disney movie of allllllllllllllllllllllllllllll time! You should watch it, watch it and love it. My friends and I watch it a ton.....It is soooooooooooooooooooooooooooooooooo good. I recommend it to anyone who is a child or a child at heart. My favorite part is the song and dance number with all of the strays and Thomas O'Malley. The writers/producers/director completely nailed this one.....yeah, nailed it to the wall. xoxo~Wolly~xoxo"
2,,"I didn't give this movie a perfect score in order to be honest in comparing to great classics like ""Citizen Kane"" and ""Seven Samaurai."" However, this movie is so all-around wonderful, it's a real shame it scores so poorly for the general IMDb voter. However, the IMDb voter leans to the geeky, and ""Paulie"" doesn't qualify for that. The only acting criticism I might suggest is that Hallie Kate Eisenberg didn't portray the perfect stuttering child. I'm sorry, but asking a 6 year-old child to out-do Dustin Hoffman as the Rainman is asking for the impossible in film-making. Moving past that minor complaint, the movie has the best of many films: buddy road-trip, con-games, hero as friendly party-animal (party-bird?), Disney-like humor for young and old, etc. What's not to like? Tony Shaloub wears his role like a pair of comfortable jeans. That's normal for him, it seems. (""I'm Russian... I LIKE long stories.) I don't like mangoes, but he almost makes me want to go out and buy one. Watch the movie and that will make sense. Buddy Hackett and Cheech Marin make very appropriate appearances in the film. Roles that are quite fitting to what we all know about them. I have always found Jay Mohr to be a bit slimy, and his on-screen role fits that as well. The only surprise to me was finding that Jay was also Paulie's voice. In the end, even that works well; put Parrot and anti-Parrot together as a team and it creates a magic of its own. If you are trying to find a film for you and the kids that is neither insulting nor boring for either, ""Paulie"" is a perfect candidate. I will, however, admit that a happy moment colors my review of ""Paulie."" I was on a road-trip during a major heat-wave. The car's air-conditioning died, half the restaurants had dead cooling (as did our hotel) and I said, ""let's watch a movie where there is working air-conditioning."" So we did. So for 100 minutes we were cooled, amused, and given a heart-warming experience. When I saw it recently on VCR under less emotional circumstances, I realized just how well this movie was made. It's a sleeper film you won't regret watching."
1,,"The film version of 'Rising Damp' came out two years after the television series ended. Like many fans I duly went along to the cinema when it opened. I came away bitterly disappointed. Eric Chappell could not have spent very much time writing the script; most of it is rehashed ideas from old episodes. At the time of the film's release, the 'Rising Damp' series was still being repeated regularly on I.T.V. so the public was being asked to pay to see something they'd seen already. At least the 'On The Buses' movies boasted original screenplays. Secondly, Richard Beckinsale had died the year before, so they eliminated the character of 'Alan' as a mark of respect, substituting art student 'John', played by Christopher Strauli of 'Only When I Laugh' fame. It simply wasn't the same. As another poster has pointed out, Rigsby's boarding house looked nothing like the one used in the series, being bigger and altogether cleaner. Director Joe McGrath was one of the directors who worked on the original 'Casino Royale', a film steeped in surreal humour. 'Rising Damp' also has its share of 'Walter Mitty' style fantasy sequences, such as the 'Saturday Night Fever' parody. Personally, I found them horribly out of place. A case of 'over-egging the pudding'. On the plus side, Leonard Rossiter is as magnificent as ever as the seedy 'Rigsby', as are Frances De La Tour as 'Ruth' and Don Warrington as 'Philip. Its just a shame the film isn't worthy of their talents. When Rossiter died in 1984, it was shown by I.T.V. as a tribute, with its final scene - showing Rigsby laying prostrate at the foot of the stairs - removed in the interests of good taste."
1,,"A fine line up of actors and a seemingly nice plot -- though not original -- promised me a nice evening in front of the TV. I was disappointed. The actors delivered up to standard (Juliette Lewis cuddly as ever; William Hurt solid but in the background; Shelley Duvall convincing as ever) but the story was too thin to keep me engaged to the story and, the twist to the finale was too obvious and too late; there was only one character who was nice to he girl, so guess what?! Then the final after-twist I do not know what to think of that. The boyfriend and the neighbor? Contract with the Devil, or just to get her to move in? What! The film had a nice idea behind it, but the idea was not worked out in detail. It could have been good, but it was not. Too many loose ends to tie up, Columbo would say."
1,,"I was once a big Olsen fan. I received this movie when I was six and watched it almost nonstop until I was nine. Then it lay on my shelf gathering dust until yesterday. I was left speechless. Mary-Kate and Ashley play Allie and Mel, two twelve year olds who are sent to spend Spring Break in Paris with their ambassador grandfather. Along the way, they meet, as one might expect, two cute French boys who show them the more fun side to Paris. I guess the two boys were okay, fake French accents aside. The plot is predictable and the humour is shallow and corny. Mary-Kate and Ashley play two shallow girls with too much make up on their face. Don't watch this movie if you're not into the Olsen twins or family movies."
1,,"As it is often the case, the impressive and explosive trailers of Asian films add up to nothing more than lackluster stories. Similar to Unleashed (which was great,) Dog Bite Dog tells a story where men are raised as ferocious savage dogs that carry out their master's bidding. The main characters, an emotionally undeveloped, amoral killer who is matched against an equally unstable police officer, are far from the common heroes and villains we often see. In fact, by the end, you lose track of who you're supposed to empathize with, failing to feel even the slightest emotion for either of the men  whether that was the failure of the director or perhaps the underlining message he was trying to tell is up to you to decide. Although the beginning of the film was filled with intrigue and unpredictability, by the half-way point it slopped down to a humdrum story of survival and revenge. The suspense which was evident at first soon disappeared because of a grossly mismatched music score which brought down the potentially effective story telling. And in the end, you were left feeling that all that detailed background information and introspection of the main characters was somehow very unnecessary. On the plus side, the transition in story from point a to point b was quite atypical compared to US movies  so those who aren't familiar with Asian films and are tired of Hollywood's predictability should check it out. The white balance seemed off throughout most of the film. It was like looking into a picture shot on fluorescent when it was supposed to be set on tungsten. Maybe I'm the only one, but it strained my eyes. The movie also enjoyed playing tricks on you  an interesting build-up gave me hope for the slow moving story until it was diverted to a low budget, low speed chase scene. And just when you think you were going to get an unanswered indie ending with a mix of Shakespearean tragedy, you realize that it's not an ending at all, but rather a transition into a wacky country-music montage about peace and serenity. Throw in some grisly from-behind choke scenes, a moment of redemption unexpectedly brought back into savagery and back again the other way, Asians' fascination with bodily fluids and a horrible music score that didn't match the film, and you get the average bland Asian thriller. I just don't get why every fight scene was overlaid with clips of roaring lions I thought they were supposed to symbolize dogs? Ultimately, in the end, we are reminded about a true killer that still lurks amongst us  tetanus. 4/10"
2,,"Not having heard of this film, it came as a surprise when it was shown on cable recently. Gary Ellis, the gifted director of ""Tough Luck"", does wonders with the screen play written by Bill Boatman and Todd King. The film involves the viewer from the start. Archie, the young hustler at the center of this story, has been involved in all kinds of petty crime. In fact, we witness a confrontation right at the beginning which makes him get out of New Orleans, as fast as he can. He ends up in the carnival that is run by the mysterious Ike. Archie falls for Davina, the woman he should have been wise to stay away from. The result proves a fatal judgment for Archie who then becomes the object of double crossing all around. The director should be commended by the casting of Norman Reedus, who obviously is loved by the camera. In spite of his nature, one feels for him because we know his heart is in the right place. The beautiful Dagmara Dominczyk is perfect as the exotic dancer Divana who, in spite of being Ike's lover, entices Archie into falling heads over heels with her. Armand Assante is barely understandable with the thick accent he speaks during the first half of the film. ""Tough Luck"" shows a new director, Gary Ellis, showing he will go to do bigger and better things because he knows what he is doing."
1,,"""Three"" is a seriously dumb shipwreck movie. Masquerading as a psychological thriller, it's closest relative is the monumentally superior ""Dead Calm"" (also featuring Billy Zane). ""Dead Calm"" provided well drawn characters to root for in the form of Sam Neil and Nicole Kidman's grieving parents attempting to re-define their relationship on an ocean cruise. They end up being terrorised by Zane's adrift psycho-killer. It provided sharp, increasingly ratcheted suspense, a scary feeling of claustrophobia in open seas as the cat and mouse game of life and death unfolded. ""Three"" suffers from poorly drawn characterisation (the audience doesn't care what happens to any of them), a stupid and unnecessary voodoo plot device, a total lack of suspense or excitement and some thudding, hammy performances from the principal players. Zane in particular goes way over the top in an irritatingly mannered fashion. In ""Dead Calm"" he was menacing, wired and seething with barely controlled sexual violence. Here he is bombastic, petulant slimy, and unravelled. And where does he get his seemingly inexhaustible supply of dry cigarettes and cigars? And how come his lighter stays full of juice for over a year? Ms Brook is very picturesque, stunningly pretty, but both her chest and rear appear to have been wildly over-inflated by some sort of life-raft pump. They do, however, succeed in acting with more skill and conviction than the rest of her. Dramatic actress, in the purest sense of the term, she is not. The guy playing the voodoo-hexed Manuel, the third component of this sorry triangle, could have been replaced by a lump of driftwood - no one would notice. In fact, judging by his complete lack of ability to deliver dialogue in any meaningful or dynamic way, driftwood represents a potential improvement in the casting stakes (excuse pun). Plus sides: the scenery is nice and the cinematography (above and below the water) is credible. I'm guessing this had a very limited (if any) theatrical release or went straight to rental and retail DVD. The reason for this is it's not very good. If you want something decent along these lines, get ""Dead Calm."" It was made by people who knew a bit about cinema."
1,,"I, also having endured hundreds of children's movies in the past, consider this to be one of the worst I have ever seen. 1) I resent in this day and age having to explain to my children that Russia is not ""the bad guys"". Also, that mocking Russian names like ""Poopchev"" is inappropriate. 2) The grandfather fly's birthday party scene contained a quasi-sexist joke in which he implied that males drink beer and women talk on the phone. Two other flies also needlessly use the word ""crap"" twice. 3) The whole movie largely smacks of 1950's stereotypes and propaganda that I thought we, as a nation, were proud to have risen above. In all it's just crude, badly animated, even more badly written and not worth wasting the time to view."
1,,"Sorry this was a woeful excuse for a film.. a plot line so holey it resembled a block of swiss cheese and a butch of characters who seemed to me to be utterly devoid of inter-personal relations.. Well except of course for Carlyle and Lee-Miller who i could have sworn were meant to be in love.. Unlike the union of Tyler and Miller who were for the most part, like the rest of the film, utterly unconvincing.. although the end product was uncaptivating and amusing for all the wrong reasons, the production values were high and deserve some acknowledgement..but unfortunately the end result was rubbish..what was everyone involved thinking..? they definitely should have packed up early on this one.."
2,,"This production of Oliver is masterful in showing layers of evil in the human soul. What makes the story remarkable is a brilliantly bright Unseen Character, who pierces this darkness as he leads an innocent boy through the gravest dangers safely into the hands of his own relative. Yea, though Oliver walks through the valley of the shadow of death, he fears no evil. A rod and staff are there to comfort him. In the end, he is saved from the dregs of humanity. At the bottom is Fagin, the most wicked of the lot. Fagin contemplates repenting of his ways not once, but twice, yet declines because he is unwilling to pay the price. Fagin is worse than Bill Sikes, because he raises little pickpockets who become murderers. In the middle is Oliver. His innocence is unsullied, but untried as well. The best is Nancy. Lacking in judgment, she ignores Bill Sikes' violent nature out of her deep need for love. Yet unlike Fagin, at the probable cost of her own life, she does repent of her sins by saving Oliver from Bill. Things are not as they seem. In my opinion, this quality is what makes art worthwhile - unpredictability. I would give this film a ""10,"" but its '70's made-for-TV soundtrack and ambiance were distracting. Overall, a fine parable and a thoroughly appropriate story for all audiences."
2,,"The Five Deadly Venoms is easily the most memorable K.F. flick from the Shaw Brothers' stable (exc. maybe Master Killer). It has the artists who came to be known as simply ""The Venoms"", some of the best fight choreography ever, and, surprisingly for a Kung Fu movie, a great plot! One of my all-time favorites!!!"
1,,"I loved this movie, I'll admit it. This has to be the best (straight to?) video movie I've seen. Well... me and my friend decided just for shits n' giggles that we'd rent this movie. We knew what to expect and we got exactly what we expected, plus more. When that red neck gets slammed up against the tree by the Sasquatch, we literally watched that part about three to four times, it was that amazing (hysterically, of course). And why? Oh why does the main character have to roll that much? Like honestly, we know that you're in danger, rolling that much isn't gonna help all that much. But really, if this movie is in you're local video store RENT IT. It is worth the money and it's not even that bad, like it's bad, but not incredibly bad. Overall, complete amazing will be in store for you if you rent this movie."
2,,"This film has ""haunted"" me since I saw it when I was about 8 years old. I didn't know what it was called so am so pleased to have tracked it down finally. I remember being quite scared, because I'd just been to a tin mine in Cornwall when I watched it, so could imagine it all. Fortunately I didn't see any ghosts of dead children there, but I found this film really quite disturbing and scary when I was much younger. I've certainly never forgotten it, even though I couldn't find it anywhere. I seem to remember The Children's Film Foundation films being generally good, but they don't show them at all any more. I also remember programmes like The Children Of Green Knowe in the same era on BBC - equally unsettling in its own way."
2,,"From the perspective of the hectic, contemporary world in which we live, the so called `good old days' always seem so much more serene and innocent; an idyllic era gone by of which we have only memories and shadows that linger on the silver screen, as with `Christmas In Connecticut,' a warm and endearing film directed by Peter Godfrey. Barbara Stanwyck stars as Elizabeth Lane, a popular `Martha Stewart' type magazine columnist who writes about life on her beloved farm in Connecticut, always with the latest recipe at the center of the story. One of her biggest fans is Alexander Yardley, played by Sidney Greenstreet, the publisher of the magazine for which she writes. Yardley has never visited her farm, and in response to an idea expressed to him in a letter from a nurse, Mary (Joyce Compton), he decides to spend an old fashioned Christmas with Elizabeth, her husband and child and, as a special guest, a certain Mr. Jefferson Jones (Dennis Morgan), a sailor just recovered from spending fifteen days at sea on a raft after his ship was torpedoed. Elizabeth of course cannot refuse her boss, but there are problems; not the least of which is the fact that she has no farm and writes her column from the comfort of a high-rise in the city. It makes for a precarious situation for her as well as her editor, Dudley Beecham (Robert Shayne), as the one thing Mr. Yardley demands from his employees is total honesty. What follows is a charming and delightfully romantic comedy that transports the audience back to a seemingly more simple time and place, to share a Christmas Past where a warm hearth, good food and kindness prevail. Barbara Stanwyck absolutely sparkles as Elizabeth, with a smile and presence warmer than anything the grandest hearth could provide, and totally convincing as a city girl entirely out of her element on the farm. Morgan also fares well as the somewhat naive sailor, whose trust in his fellow man is admirable. Even with the deceptions being played out around him, he's the kind of guy you know will somehow land on his feet, and in the end it's Elizabeth you really feel for. One of the true delights of this film, however, is Sidney Greenstreet. His Yardley has a gruff exterior, but beneath you know without a doubt that this is a man with a heart as big as Texas. It's a straightforward, honest portrayal, and it's a joy to watch him work; the most memorable scenes in the movie belong to him. The supporting cast includes Reginald Gardiner (John Sloan), the terrific Una O'Connor (Norah), Frank Jenks (Sinkewicz) and Dick Elliott (Judge Crothers). A feel-good movie that plays especially well during the Christmas Season (though it would work any time of the year), `Christmas In Connecticut' is a memorable film that never takes itself too seriously, is thoroughly uplifting and will leave you with a warm spot in your heart and a sense of peace that makes the world seem like a good place to be. It's a true classic, and one you do not want to miss. I rate this one 10/10."
2,,"Saw this movie the first time while drunk at a motel in Canada. While flipping through channels came across the Easy Lube part. My friend kept flipping but I told him to go back. Something about the name easy lube just didn't sound right. Watched the rest of the movie it was pretty damn funny. Jotted down a couple of names from the credits and got home to look it up. Turned out to be Chevy Chase's first movie. I didn't remember him in it. Didn't remember much about it, so I rented it and gave it a second veiw. It's pretty funny and quite graphic. It's just like Kentucky Fried Movie except not as funny. Love the fingers, easy lube, and I'm da f**kin' president parts. Dealers skit is pretty cool too. I give it a 6.5 or 7 out of ten"
2,,"""Pharaoh's Army"" defies formula. Instead of selling out for cliches and big stars, it relies completely on the excellent acting from a strong cast, the strength of a well written script, and a fascinating and bitter story. The result is a raw and realistic film that moves along fast, with a heavy emotional current. One of the best I've ever seen about the Civil War, and I think it can owe that to the pleasure of being an independent film (if you like this film, try to see the similarly brilliant indie Civil War film ""Wicked Spring"" as well). ""Pharaoh"" simply tells the true story of a small expedition/forage team of Union men who ride into a Confederate farm to take provisions, but end up stuck there because of an accident of one of the men. Tensions broil and relationships are made and broken. Nothing happens the way Hollywood would write it; this movie comes from the mind of someone who actually cares about quality film and the telling of history. Superb dialogue and plot exposition move along a film that looks highly professional, but often doesn't feel like you're watching a movie, more along the lines of hearing a story. The film boasts an incredible performance from Chris Cooper who shows an amazing versatility in the exploration of his role. He transforms, but is always at the height of believability and is easy to emotionally relate to. Patricia Clarkson is equally as stellar and realistic in a role that many actresses would crumble in. She shares an interesting chemistry with Cooper's character and where she's the more severe of the characters, is still as easy to identify with. The rest of the cast is quite capable, and fill their roles in well. The art design and the set are wonderful, and personally I love the cinematography. It all has the feel of a Civil War period photograph with the camera presenting strong contrasting colors and shadows and a tin-like metalic tint, but always keeping the naturalistic look of the rustic setting. They seem to have used natural lighting, but whatever they used works beautifully. Everything looks like it belongs where it is, it feels period, something I find rare in American period films. The actors act 19th century, not like 20th century people in old clothes. Above all, this film is very personal. I think that as an indie it can afford it. The film is nearly flawless with an outstanding script that effortlessly creates and explores the relationships and personalities of these characters and lets them grow in a situation, as bad as it is. It doesn't fail in getting it's point across, and it gets it's point across without the usual and overused techniques that are used in all war films these days. It's brave. It relies on it's characters, a fantastic script, human emotion, and in the cold hard fact that the Civil War wasn't all CGI, big stars, and hoop skirts."
2,,Loved Joan. Great performance. What isn't she good in. I watched this film and then Jane Eyre right after... she just keeps getting better. My heart was racing. Great old movie drama. Just what i want from a classic movie. Facial expressions are worth the whole film. I'm glad i have it on video. Don't know what more you need in a film. Beautiful woman....wealth..... greed.....murder....detectives......a trial..... The costumes are very nice. Makes me wonder what the budget was for this movie? Wish they still made films like this. Whenever they try they just seem to make a cheesy movie. Films in black and white still hold a certain mystery.
1,,"An American Werewolf in Paris wasn't really that good compared to the original.The original didn't use computer effects for the werewolf and they looked more realistic .The werewolf effects in this film looked too cartoonish.most of all,the movie did not have enough for me for a horror film to enjoy."
2,,"In the New Year's Eve, the tuberculous sister of the Salvation Army Edit (Astrid Holm) asks her mother and her colleague Maria (Lisa Lundholm) to call David Holm (Victor Sjöström) to visit her in her deathbed. Meanwhile, the alcoholic David is telling to two other drunkards in the cemetery the legend of the Phantom Coach and his coachman: in accordance with the legend, the last sinner to die in the turn of the New Year becomes the soul collector, gathering souls in his coach. When David denies to visit Edit, his friends have an argument with him, they fight and David dies. When the coachman arrives, he recognizes his friend Georges (Tore Svennberg), who died in the end of the last year. George revisits parts of David's obnoxious life and in flashbacks, he shows how mean and selfish David was. ""Körkarlen"" is an impressive and stylish silent movie, with magnificent special effects (for a 1921 movie). The characters are very well developed; however, the story is dated and there is a weird and unexplained situation, when Sister Edit tells that she loves David Holm. Why should a enlightened woman love such a despicable man that wasted his life corrupting other people? Despite being religiously dated in the present days, it gives a beautiful message of faith and redemption in the end. My vote is nine. Title (Brazil): ""A Carroça Fantasma"" (""The Phantom Coach"")"
2,,"I just returned from viewing this academy award-nominated doc, and I was thoroughly touched and interested in exploring the works of this fellow I'd never heard of before. Of course I'm someone who's captivated with beautiful architecture, so I realize others won't care. We can only imagine if there had been a couple more visionaries in Philadelphia back in the late 60's when Kahn's plans were a possibility, what a wonderful city center there would be. If you wonder whether you'll see more about the Bangladesh building at the beginning of the movie, be patient, for there it will provide the climax of the film at the end. His son's personal discoveries in the process of making this film are quite interesting, sometimes touching, and even funny at times. There is one of the most comical anti-visionary rants ever captured on camera. Rounding out the good points of this doc is a touching musical score with some excellent expressive string music. And expressiveness is a major point to be found in Kahn's architecture. The points made by other architects about the spiritual nature of matter, and how Kahn's buildings brought that out tie together the overall experience of this movie."
1,,"I'm surprised over the number of folks that have rated this entry as their favorite ""Chan"" (didn't they ever see ""...at the Opera"" or ""...at Treasure Island?""--- the latter ironically written by John Larkin, who dropped the ball here). This plot is a train wreck and overloaded with pointless characters. First, viewers are required to recall the sordid details of Steve McBirney's (played by venerable thug and HUAC squealer Marc Lawrence) 1929's murder spree. Let's not forget he escaped a capital murder rap at the courthouse with a lone policeman on his tail. There's also a victim that was fished out of a river 11 years earlier that no one ever seems concerned about. Then there's the suspension of disbelief required when all the characters are seemingly trapped in the wax museum (although Inspector O'Matthews manages to wield his fat wet rear end inside through a window). Why is Joan Valerie (as Cream's assistant) in this movie? She can't even handle pliers properly--- I realize Chan suffers the same boo-boo but yeesh, he's 66 years old here-- (and has less than 10 lines--- and her character's motivation is too weak to ever be adequately 'splained (excuse me, when I'm on a rant I write like Ricky Ricardo). The Mary Bolton (Marguerite Chapman) character is written to as a eager wide-eyed moron, apparently existing only for the vapid romantic interest of horndog lawyer Tom Agnew (played by the ferret-faced Ted Osborne). Why is Willie Fern a character? Why couldn't McBirney's henchman pulled the switch at 8:20? (not a spoiler, okay?!). One wonders how, with the IQ of lint he manages to dress himself or why he hadn't stepped in front of a bus years ago. Toler himself is given a little more acting rope than usual (a plus) and the real kudos go to set designer Thomas Little and cinematographer Virgil Miller who created some genuinely spooky atmosphere... but this entry has less logic than a Ritz Brothers film. I'm still boggled by how a toothpick can be used as a blow gun."
2,,"My mom always told me to sit down and to actually watch this movie because it's one of her favorites, I never did for years until I caught one night on TV. This movie was great, I don't even know how to explain it. Not only is the cast excellent (Julia Roberts, Keifer Sutherland, Kevin Bacon, William Baldwin, and Oliver Platt) but the story is awesome. It's freaky but not too scary and it makes you think. I was left speechless after this film and amazed of how good of actors and actress all five of these people really are. Where did William Baldwin go, he's great. This film is a must see for anyone, if you haven't seen it go rent it, you will not be sorry. Amazing!"
2,,"Arthur Bach is decidedly unhappy in his life as a multi-millionaire and is attracted to people 'below him' in social standing - he pays for a hooker in the opening scenes and then is enormously attracted to a shoplifter. He drinks quite a lot too, and sometimes he is driving while drinking, too, which of course is not funny, ever. The movie is great but behind the comedy is some reality, too. John Gielgud wipes the floor with everyone else on screen and created a character for the ages. Talk about deserving an Oscar. Moore and Minnelli have their moments, but its Gielgud as ""Hobson"" you'll remember the most."
1,,"Like a lot of people, I loved the original; ""American Graffiti"" was one of the great movies of the 70s. The sequel, ""More American Graffiti"" is a horrible, depressing mess of a movie. It wasn't funny, the wide-eyed, likable characters had become cynical and jaded, and the stories were contrived (such as ""Laurie's"" character having another brother because Richard Dreyfuss didn't do the sequel and ""Terry the Toad"" and ""Pharaoh Joe"" somehow managing to serve together in Vietnam). They even have a police officer by the name of ""Falfa"" (Harrison Ford's character in the original) who makes a ""cameo"". He doesn't even look like Harrison Ford, who was way too big a star by 1979 to even bother with this garbage. The operative word here is ""funny"". This movie isn't even amusing. Debbie (Candy Clark) is a stripper mixed in with a bunch of dope spoking hippies and trying to bail her dealer boyfriend out of jail; Steve and Laurie (Ron Howard and Cindy Williams), the lovebirds in the original, have two kids and have become an annoying, bickering couple; Adorable little tomboy Carol (MacKenzie Phillips) has become ""Rainbow"", yet another hippie child. John Milner (Paul LeMat) is a loser race car driver whose fortune was foretold at the end of the original. Even Wolfman Jack, whose voice was such an integral part of the original, and gave it such a great flow, only is heard sporadically. Perhaps it was different writers, a different director and the complete lack of a cohesive story line that makes this movie such a dismal failure. The episodic charm and authentic nostalgia of the original is nowhere to be found in the sequel. It was a movie that didn't need to be made and its best just to remember what a great movie ""American Graffiti"" was and avoid the movie with ""More"" in the title."
2,,"I was lucky enough to watch this without any pre viewing hype. I was surprised at the resilience of the ghost's image in my mind the next day, and the day after that. I've watched it 3-4 times, and each time I appreciate it even more. The settings are gorgeous, the town at dusk has beautiful lighting effects, the marsh long shots, and the house itself is sufficiently grown with moss. The main hero is so likable and good natured, that he is easily sympathized with. To the person who complained that there wasn't enough 'spark' in this film, I'd say that it's because the whole fight against the ghost is being waged by just this one person. It is a fairly slow paced film, with an unusual amount of time being spent ,pre and post ghost attack, on developing his character with family and work life. SPOILERS discussion/ I especially liked the turning point, when he comes back to the main town and meets with the man helping him and explains about seeing the ghost. He describes the Woman in black, and then at the end of the conversation he says that he is going back, because after all, what harm had she done to him? The other man says, ""you can't go back... alone!"" and lends the hero his dog. The cute little dog offers a small respite of comic relief, with it's bounding through the house and even into the locked room. The many casual appearances of the ghost really freaked me out. The woman shows up in mid shot at the church, showing that it is not afraid of the church, and is also not shy or bound to the house. This is all in the very beginning. Another unbelievably memorable scene was with the kids outside of the church fence, watching the funeral. As the camera pans to the right, the woman is seen in the background among the gravestones. The older man won't even look at it, but the kids are all yelling and taunting it. Crreeepy... Usually ghosts are hidden in shadows, haunting specific locales or people. As has been mentioned, the ghost's malevolence and wrath are frightening, and I feel it's attacks and the ending were perfect and fully justified. The ending underlined the fact that the hero made a major mistake by going back to the house. Or perhaps he was marked no matter what, by saving the gypsy girl. The guy who plays the hotel manager is so believable, and really fills the role well. I have been spreading the word to my friends about how much I enjoyed this film, and it is reassuring to see others feel the same. I can see how people don't quite see the same masterpiece, especially if they went into it with a lot of review hype. I think another person summed it up when they said that this movie settled the question of whether or not Ghosts could physically harm man. Whew.. I plan to watch it again tonight followed by The Changeling, aaww yeah. Any other films to recommend? Thanks,"
1,,"I have to say that I really liked UNDER SIEGE and HARD TO KILL. watching Seagal doing his funny martial arts on people. I have been always looking forward to Seagal-Movies and, unfortunately, I was first disappointed by GLIMMER MAN, which I found really bad. THE FOREIGNER is probably one of the worst Seagal has ever acted in. Horribly boring, badly edited, wrongest soundtrack and so on! Dear reader, do yourself a favor an stay away from this! Honestly: Stay away!"
2,,"I LOVE this movie. and Disney channel is ridiculous for not playing it anymore. I think they should definitely put Susie Q back on the air at least one night so we can record it!!! but if not does anyone know where I can find it?? my email is cristin6891@aim.com please email me if you know where i can find this movie. Online, or anywhere. I told my kids about this movie and i think that they deserve to see it also. All these Disney movies that are coming out now are fake and boring. I need Susie Q back!! It was a great movie and had great actors and i don't see why it was taken off the air. If everyone loves this movie so much why was it taken off the air. Please take my comment into consideration and along with all of the other comments made to this movie. Thank you, have a nice day."
2,,"When Tsui Hark experiments, nothing and no one can withstand him. Legend of Zu is possibly 6Hours condensed into 1h40. One does not understand all, but like at ""2001 A Space Odyssey"" you also don't have to, but one feels the power of the film to every second, every picture. An extraordinary vision of the future of the 7th art and the one of the most pioneering, astounding, rejoicing in the recent years. VITAL severe MASTERPIECE! It's absolutely perfect as it is. When Tsui Hark experiments, nothing and no one can withstand him. Legend of Zu is possibly 6Hours condensed into 1h40. One does not understand all, but one feels the power of the film to every second, every picture. An extraordinary vision of the future of the 7th art and the one of the most pioneering, astounding, rejoicing in the recent years. VITAL severe MASTERPIECE! It's absolutely perfect as it is. 10000000000000/10000000000000"
1,,"Although I do not recommend this film, neither do I recommend reading this review without first seeing the movie. Though I have not given away the ending, or most of the plot twists, this movie would be best viewed without any prior information. It's hard to pinpoint the chief problem with the film Donnie Darko, as there are many to deal with. Richard Kelly, in his first feature film, seems to have collected enough scenes of adolescent rage, late-night stoner diatribes, self-righteous justifications and inoffensive, banal philosophy to inspire twenty teen-angst dramas; then mashed them into a single two hour package with a sci-fi twist. The result is deeply distressing-- for all the wrong reasons. The film attempts to lead the audience down convoluted paths without any sense of symbolism or meaning, to make them sympathize with one-dimensional characters, and above all hopes that they will ignore the underdeveloped plot, full of unreconciled loose ends, by hiding it under a veneer of CGI effects and neo-surrealism. The main character, Donnie Darko, is a young man, committed to therapy, misunderstood by his friends, and rendered hostile and disaffected by his suburban life. We are meant to feel that he is more intelligent than his schoolmates, although sometimes that is a difficult assumption to make. For example, when one of his friends comes up with an absurd theory about the Smurfs, and Donnie counters with a theory of his own, his friend complains about Donnie acting ""all smart."" Donnie's speech, however, is no smarter than that of his friend-- just angrier. The only clear evidence of his intelligence is his principal's description of his standardized test scores as `intimidating;' but given the director's slant against simple categorization of human elements (as shown in the FEAR-LOVE sequence), this is a poor substitute for character development. Donnie takes prescribed drugs to combat mental problems, which are not addressed directly in this film. In fact, the entire issue of the drugs is understated, and one of the first chances the director has to redeem the film is lost. The ambiguity of Donnie's strange destiny, the possibility that all of this may be a product of his imagination, is pushed into the background, making the film 100 percent science fiction. This would not be a bad thing in itself, except that the ""science"" behind the ""fiction"" is very shaky. The explanations of time travel are weak, at best sounding like detached, uninformed rambling. We get the idea that the film's writer once read a book about time travel or a few chapters, and can't quite remember how it worked, but was sure that it was really interesting and wanted to work it into the film. The scientific portion, as a result, depends more heavily on expensive computer animations than actual development of the theories involved (at one point, a teacher discussing time travel states that if he continues to speak on the subject, he'd be fired. Apparently no further explanation is needed). Donnie's dealings with a visitor from the future lead him to commit several vicious actions. The justification for these actions is a tricky business. He damages his school, but it's okay, because his school doesn't treat him like a person. His punishment of a creepy self-esteem advocate (somewhat similar to Tom Cruise's character in Magnolia) results in the man's public humiliation. But should the audience believe that Donnie is some sort of avenging angel, striking out against ignorance and debauchery? He himself seems ignorant of the effects of these actions until after the fact. Aside from these flaws, the film is riddled with flat, uninteresting generalizations of humanity. The story is set in 1988, just before the Bush/Dukakis election, and the director touches on this point during the film. The focus, however, extends exactly this far: Donnie's gruff, blue collar father is voting for Bush, while his free-spirited, rebellious daughter plans to vote for Dukakis. There is nothing even remotely resembling a political statement here; simply a statement of the obvious. The former are not necessary to make a good film, but the latter should be left out. Likewise, Donnie's heartfelt speech about not being able to lump all human emotions into the bland categories of ""fear and ""love;"" this doesn't ask the audience to make any great leaps of understanding. Everybody knows that there are more that two human emotions, and particular emphasis on this fact is worthless. Mr. Kelly gives homage to several symbols of 80's pop culture in his film: E.T., Stephen King, the Smurfs, Back to the Future. At it's heart, this film feels like the director's homage to himself, a collection of his own experiences, interests, personal heroes and adversaries, affirmations and disenchantments, roughly stitched together by untrained hands. Entire songs are played in music video format to the characters actions, seemingly because the director likes the songs. Characters who have little to no bearing on the plot (including the archetypal bully, fat girl, and right-wing idiot teacher) are given unnecessary focus, because the director really wanted to pack them in somehow. The awkward mess that is Donnie Darko leaves us wondering if Mr. Kelly has enough ideas left in his head to make another film, or if he has wasted all his creativity in one pointless, cluttered, meandering effort. My rating: 1/10."
2,,"MINOR SPOILER Underrated little Stephen King shocker. It's not perfect, by any stretch of the imagination--even if the limp performances of Dale Midkiff and Denise Crosby were better, there'd still be the mismanaged mystical story elements to contend with. The old Micmac burial ground, Rachel's terminally ill sister, and the Jacob-Marley-an Victor Pascow never really come together into anything coherent, and the film in places feels confused and overstuffed. But few horror movies really are perfect, and what this one may lack in other areas it makes up for in its willingness to shock. `Pet Sematary' may actually be one of the cruelest horror films in recent memory, with its murderous zombie baby and its insanely insensitive portrayal of Zelda. It's politically incorrect, it's tasteless, it's gratuitous--and yet it makes us squirm with revulsion in a way `safer' horror movies never can. Add to that one of Fred Gwynne's best performances and Mary Lambert's witty direction, and you have an intensely satisfying scary movie--even with the hokey ending. Highly recommended for genre fans. 7.5 out of 10."
2,,"This movie, even though is about one of the most favorite topics of Mexican producers producers: the extreme life in our cities, has a funny way to put it on the screen. Four of the more important Mexican directors, of the last times, approach histories of our city framed in diverse literary sorts as it can be the farce or the satire, which gives us a film with a over exposed topic in our country, but narrated in a very different way which gives a freshness tone him. With actors little known, but that interprets of excellent way their paper, each one of the directors reflect in the stories the capacity by we have been identified anywhere in the world, that capacity of laugh the pains and to make celebration of the sadness. Perhaps to many people in our country the film not have pleased, but I consider that people of other countries could find attractive and share the surrealism of the Mexican."
1,,"The first 30min of the flick was choppy and hard to know just what was going on (unless you read the book - which I had not). If you can stick with the first half, the second half is sweet - predictable, yes, but sweet none-the-less. The way it was shot one would think it was produced in the early 80's, not 2005. No stand-out moments, bland, but it moved along without boring me. I would like to know why Keaton selected this role, her part would have been better cast with a player more at the level of the other actors to keep the balance."
2,,"Although Kris Kristofferson is good in this role, who wouldn't want to see Elvis Pressly instead? With the drug addiction and the fall from supreme fame may have scared away Elvis' agent to be apart of the movie, it was a mistake. This would have been a perfect movie for Elvis. Even though the soundtrack is far from terrific, Paul Williams and Barbra Streisand do a decent job in creating an original soundtrack for this ""period"" piece / musical. Somewhat of a love story, this is more of a drama about the fall from grace and the gift of redemption. Like is most tragedies, the hero of the story was die. Also, Gary Busey is once again perfect in a not so perfect role."
2,,"Roopa (Kamalinee Mukherjee) loses her parents and other family members in a gruesome car accident. She starts living on her own as an independent woman without taking any help from her relatives. She has a boy friend named Rahul (Anuj) and is about to get married to him, but backs out due to the behavior of her future mother-in-law and due to lack of confidence shown by her boyfriend. Anand (Raja) joins her neighborhood. And he starts making Roopa feel comfortable and secure. The rest of the story is about why Anand - MD of the richest corporate house of AP - has chosen to reside as neighbor of Roopa and what follows next. This movie has a freshness to it which we rarely see in Indian movies to it. Although the story goes slow, you get a sense of familiarity with it. Kudos to the director shekhar kammula for such an awesome direction! Brilliant music and background score composed by K.M. Radhakrishnan adds to the quality. Kamalini mukherjee as Rupa has given a marvelous performance. I think she was the best choice for this role because of her non-glamorous looks and amazing histrionics. Anand as Raja has done well too. I have watched this movie thrice now and enjoyed it thoroughly every time. It is a class apart from the daily dose of action movies we get here. Highly recommended!!"
1,,"Two years ago, on Berlin Film Festival we watched the Amos Kollek movie ""Sue"" in the Panorama program, with a wonderful Anna Thomson in the leading part. It's a film about loneliness and sex, and how the one thing is compensated by the other. In the same section on the Festival now we have to complain the superfluous antithesis of Sue, ""Extension du domaine de la lutte"", which now tries to convince us that loneliness and having NO sex is one and the same problem. But unfortunately we can't sympathize with ""our hero"" (how he is called by the story-teller), because he is unnecessarily and incomprehensibly tired of company and himself. Own fault, I'm sorry. I can't understand him. Not enough, the writer/director/actor want us admitting to him, that it's not his destroyed self-consciousness or the passivity of his personality, what brought him so far, but the rotten society and its image of sexuality. Yes, there are some deeper insights about gender relations, but we won't follow him so far... And the point is, that there is rather any sign of reflection about his own portion to the fate, having no sex. Who didn't notice yet, it's a quite depressing film... In the beginning, there had been some starts to be more accurate in sketching the situation. At the bed store the ""hero"" speaks about the hindrances buying a new bed. Perhaps it's too broad getting up the stairs, you have to stay at home half a day... THIS is a satire about a character, who doesn't know taking the life and heart in hands, DOING something... The movie doesn`t follow this path, but handles his characters with helplessness. Nobody believes, that ""our hero"" is able to instigate Tisserand for a murder. Too dull, too kind, too - passive (not to mention Tisserand's complex; he has an inhibition, but he couldn't be, of course, a murderer of women!). To finish: There are women and the world, it's not a device of a modern sexualized society. Help you as you can, but don't follow the messages and the ""wisdom"" of this movie, which announces bankruptcy to human relationships, without seizing the real conflicts within."
1,,"In 1914, Charlie Chaplin began making pictures. These were made for Mack Sennett (also known as ""Keystone Studios"") and were literally churned out in very rapid succession. The short comedies had very little structure and were completely ad libbed. As a result, the films, though popular in their day, were just awful by today's standards. Many of them bear a strong similarity to home movies featuring obnoxious relatives mugging for the camera. Many others show the characters wander in front of the camera and do pretty much nothing. And, regardless of the outcome, Keystone sent them straight to theaters. My assumption is that all movies at this time must have been pretty bad, as the Keystone films with Chaplin were very successful. The Charlie Chaplin we know and love today only began to evolve later in Chaplin's career with Keystone. By 1915, he signed a new lucrative contract with Essenay Studios and the films improved dramatically with Chaplin as director. However, at times these films were still very rough and not especially memorable. No, Chaplin as the cute Little Tramp was still evolving. In 1916, when he switched to Mutual Studios, his films once again improved and he became the more recognizable nice guy--in many of the previous films he was just a jerk (either getting drunk a lot, beating up women, provoking fights with innocent people, etc.). The final evolution of his Little Tramp to classic status occurred in the 1920s as a result of his full-length films. It's interesting that this film is called TWENTY MINUTES OF LOVE since the film only lasts about 10 minutes! Oh well. The plot, what little there is, involves the Little Tramp in the park. A couple wants to neck but inexplicably, Charlie insists on practically sitting on the couple's lap and really annoying them. I can't understand why and the short consists of Charlie wandering about the park annoying these people and some others later in the film. Perhaps he was looking for a threesome, I don't know. But the film lacks coherence and just isn't particularly funny--even when people start slapping each other and pushing each other in the lake. A typical poor effort before Chaplin began to give his character a plot and personality."
2,,"The only reason I decided to view this film is because of the great acting talents of Karen Sillas,(Alyson Haywood),""Bad Money"",'99, who is deeply involved with Gary Cole,(Dave),""Cry Wolf"",'05, who is a great war hero and has all kinds of ways to make money and never seems to stop telling LIES. Alyson and Dave are trying to rebuild an old home and restore it to comfortable living conditions. The relationship gets troublesome and Alyson decides to find out what is going on and the plot gets very mysterious. If you are a big fan of Karen Sillas, this is the film for you. I only wish Karen would appear in more films, I miss her great talents."
2,,"Renee Zellweger absolutely shines as Nurse Betty, easily one of the most charming, off-beat, and lighthearted comedies of the year. When soap opera obsessed waitress Betty Sizemore witnesses her insensitive husband's murder by two hitmen (Morgan Freeman and Chris Rock), she snaps and thinks the cast members on A Reason to Love are real. She decides to travel to Los Angeles to find famed heart specialist Dr. David Ravell (a character on the show). As the two oddly paired Hitmen, the caustic Rock and the pontificating Freeman generate some very fun chemistry, and Greg Kinnear also has fun with his smarmy offscreen actor persona. Renee Zellweger turns in an innocent, candy-coated, and sometimes terribly sweet performance as Nurse Betty. She exudes goodness, warmth, and is irresistible. While the script sometimes feels like a sit-com, is filled with sometimes unbelievable characters and contrived situations, Zellweger is so likeable and so utterly disarming that it all comes together. With just a few splashes of black comedy to keep things interesting, a winning performance from Zellweger, a great supporting cast and a competent script, Nurse Betty is utterly delightful. 7 out of 10"
1,,"I have always had this morbid curiosity when it comes to notoriously bad and unpopular movies. I also have always enjoyed so-bad-it's-good flicks, you're looking at someone who actually liked recent cheese filled kid flicks like Catwoman and Thunderbirds (2004). So I watched this, and it turned out that all the critics are right about this one. It's a MAJOR flop, but unlike a lot of flops, it isn't even enjoyable on any level, not even just to make fun of. It's just one boring cringe-fest after another all the way through. I had been warned. I didn't listen. I am a fool. Don't be a fool, don't waste time and money on this pile of trash."
1,,"Tempest is based on the classic Shakespearean work of the same name, but bears little resemblance to its source material. It masquerades as being as cerebral as its namesake, but instead is a jumbled, convoluted, and hackneyed exercise in tedium. The original probed the premise that people have an evil side, which would be destructive if unchecked. Here you just get an uninteresting mid life crisis (yawn) goof ball who is having everything go wrong in his personal and professional life. He becomes endowed with a supernatural power that he uses to try to control his environment; in other words: to get his own way. Every few minutes, after something else in his pathetic life goes wrong, he finds a secluded place and starts babbling ""Show me the magic!"" while waving his hands around and making a ""serious concentration"" expression. From the way these scenes are shot, it looks like he's trying to turn bugs into other kinds of bugs. Turning a spider into a cockroach, maybe, but by this time, you really don't care. The story has him bolt from his life with his daughter to a Greek island somewhere, then have a awkward relationship with some girl he meets, one of the dullest romances ever committed to film. The story just bogs down and moves at a slower and slower pace. You are never given any reason to like or dislike anyone. I'll give this a 2 because of the beautiful Greek location shots and the semi-optimistic conclusion (although it isn't clear if the tempest power brought this ending about or not). The spirit of Shakespeare's work has been captured much better in other movies; one notable example is ""Forbidden Planet,"" which gave credence to how the power gets out of control. As for this ""Tempest"", its only magic is to cure insomnia."
1,,"I cheer for films that fill in subject matter gaps in world cinema. So after watching the trailer for ""Water Lilies,"" I expected to like this film because I thought I'd stumbled on something unique: a movie that honestly portrays teen lesbian love - sort of a female version of ""Beautiful Thing."" The main characters are young French women 15 years old. Marie is slender, reticent and pretty in a tomboyish way; Floriane is outgoing, athletic and beautiful; and Anne is loyal, pudgy and behaviorally immature. The erotic interrelationship between Marie and Floriane is always simmering in this movie, if not at the surface, then just below it. ""Water Lilies,"" however, is not about the dawning of lesbian love upon two teens; it is about sexual frustration, suffering, ennui, teens working at cross-purposes and - in at least two instances - joyless, mechanical sex. It also proves that screenwriters and film-makers mar their own creations when they become too manipulative. In the extra features on the ""Lord of the Flies"" DVD, director Peter Brook says, ""French cynicism starts with the arousal of sex,"" meaning the French regard children as angels while they regard adolescents and adults with a pervasive cynicism. Part of the downfall of this film is film-maker Celine Sciamma has gulped a mighty dose of this cynicism. ""Where is the joy?"" I asked myself while watching this film. Yes, first love can be painful and frustrating, but it can also be joyful and triumphantly erotic in a fresh, life-affirming way. These positive aspects are missing from this movie; there is no balance. Organically, this movie wants to be a poignant celebration of first love. But Sciamma is too impressed with her own cynicism and cleverness and ruins the film. First, what is the point of showing only the plump girl nude? I know there is an established tradition of tasteful teen nudity in European cinema, as evidenced by films like ""The Slingshot; The Rascals; The Devil, Probably; The Little Thief; Murmur of the Heart; Friends; Beau Pere"" and ""Europa, Europa""; but this instance is a petty authorial intrusion - ""See, audience, I can make a film where I show only the unattractive person nude."" Either no nudity or evenly distributed nudity would've been an honest way to go. There is a scene in a club where Floriane and Marie are dancing. What follows next is not just Floriane cynically manipulating Marie; it is film-maker Sciamma cynically manipulating her audience. Perhaps the biggest betrayal of authenticity and organic honesty takes place when Floriane warns Marie she's about to request something that is ""not normal."" Marie understandably asks, ""Who cares about being normal?"" Then Sciamma plays false with her audience and the hurtling momentum of the movie, because Floriane's request is a phony, derivative and substitute question - not the authentic, heartfelt question the movie, Marie's character and the viewers who've invested their time deserve. Here are also two moments which clank falsely on the viewer's nerves: 1) Since when do the French - of all people - take baths wearing bathing suits, and with a turtle to boot? 2) What teen - of any nationality - would chomp down on an apple core that's been thrown in the garbage in order to get a taste of the beloved's mouth? The three main actresses are promising and, if they find better vehicles for their talents, may become excellent actors. Louise Blachere (Anne) is the best actress in terms of technique and could have a successful career in supporting roles. Adele Haenel (Floriane) could become a leading lady, or a bombshell, or both. Pauline Acquart (Marie) possesses an intensity and magnetism which are unmistakable. In the future, she could play everything from an emotionally crippled librarian to a mysteriously sensual seductress to a reluctant politician riding a meteoric rise in acclaim. All in all, ""Water Lilies"" was very disappointing. Will an honest film-maker please make an authentic movie about two young women falling in love! No - not necessarily for the sake of this middle-aged guy - but so young lesbian girls can have something of quality they can watch and identify with. And yes, to fill a subject matter gap in world cinema."
1,,"I am not saying that Night of the Twisters was horrible, but it was far from great. Mediocre at absolute best. I seems though that every time one type of movie is released, a second must be around the same time. (Think about Armageddon and Deep Impact, Volcano and Dante's Peak) Night of the Twisters is really just Twister except worse and with mundane special effects. I have nothing against the actors who starred in it, even if they weren't great, it was the movie itself, the directing, the special effects, the whole storyline was just too strange to interpret. A series of tornadoes strike a town and basically the movie is about people trying to find family and friends and deal with the damage. I really don't know why it seems as though duplicates of disaster movies are released almost in sync with each other, but this one would have been better with Bill Paxton and Helen Hunt."
1,,"Not being familiar with US television stations, when I flicked onto this on my in-laws' cable, first I thought it was just a low-budget sci-fi film, then after a couple of minutes I started thinking it might be a clever satire on the worst excesses of Christian fundamentalist, and then it dawned on me - good grief, these people are serious! It's been a while since I saw anything so unintentionally hilarious. I hesitated about writing a review of this for fear of offending believers, but then I saw other reviews and thought, hey, they can take it. Tough philosophical conundrum: how do you make a movie criticizing movies without actually showing what it is you're criticizing? Answer: make it in such a way that the only people who'll appreciate it are people who hate the kind of movies you're criticizing. I suppose some liberals (ugh! spit when you say that!) might be offended at the filmmakers' contempt for those in the audience who aren't obsessed with the J**** C***** myth, but I didn't mind - it was so darn funny!"
1,,"This is the first film of the Horrorfest I have watched and after Im almost thinking I don't need to see any of the others. I was told its a ""thinking mans horror movie"" and have to say that if this was supposed to make me think I shutter to think what the splatter/gore films in the collection will be like. Don't get me wrong not even the gore in this film is worth sitting through. The plot is very washed out with way too much art for arts sake. The camera effects and music are out of place most of the time and the characters are banal to say the least. Several characters and scenes seem worthless in the end when they start to reveal some of the hooks of ""The Hamiltons"". I figured out who Lenny was about half hour in when I figured out the movie. I was so visually under whelmed and confused by the Lenny reveal that I completely felt ripped off. I expected what I got but they could have gone so much further, in fact all the gore falls completely flat. With movies out there like ""Hostel"" and ""Saw"" you need to come a little better for a film that is ""considered to graphic or too disturbing for general audiences""."
2,,"I watched the presentation of this on PBS in the U.S. when it originally aired in 1988 (?). Assuming the miniseries was available on DVD I purchased first editions of all three books last year. Since then I have been searching for the series on internet movie sites. Today I found this web site. I will give up the search. I too would like to buy this complete - 26 episodes - miniseries. After buying the DVDs I would read each book, then watch the episodes for that book. That is what I did with John LeCarre's Karla trilogy and Larry McMurty's Texas ranger trilogy. Does anyone have any suggestions for great books or book series that became very good TV miniseries - or movie series - that are now available on DVD?"
1,,"Dull, predictable and uninteresting story of a man contaminated by a chemical substance (Weller) who goes on across the country just to find his ex-wife and children; meanwhile, he kills everyone in his way only by a single touch of his hands. In his dangerous track, a doctor (Hurt) and a young reporter (Natasha) try to stop the man. The movie has a not original premise but even though could be much better. The final result is just a movie without suspense or gritting moments. Even the good cast is completely waste. I give this a 4 (four)."
1,,"A flesh-eating octopus, where does that guy Boaz(what the..?) Davidson keep getting inspiration? Anyway,even for the low,low standards of both the giant sea animal who kills people-genre and me,this one is just beyond awful.The octopus is one of the lamest,laziest,weakest monsters I've ever seen.I think he just ended up in the (ahum)East River because Sea World got sick of him.The actors can be seen repeatedly helping the octopus choking them.Bunch of idiots,that way he'll never learn!You guys want all the other giant killer octopuses(that's the correct plural,by the way)to laugh at him?Meanies. Up to stop the octopus are wind,razors that are hard to handle and also special sea agent Nick Hartfield and his partner,who will retire in a week but first has to be eaten by the octopus.Hooray,octopus won the fight!A couple more and he's going to evolve(the scars in my mind stay).Nick of course tries to help him by not doing a damn thing(doesn't he have a gun or something?)but no,that magically doesn't help either. Okay,enter sea cop's love interest Rachel Starbird.Is this based on some comic book or something?Anyway,together they try to stop the octopus by walking in the park.They hope this helps,cos it's the 4th of July in a couple of days,and the octopus might join the party.And you don't know what he's like when he's drunk.Rachel then gets a school bus from out of nowhere to make sure this movie won't end while Nick feeds the octopus some more sea cops. But all's crappy that ends crappy,Nick manages to blow the octopus to bits a couple of times,and a bunch of children who happened to be there cheer and laugh.You know,on tummy-vision,this would probably get an R.In real life,I'd say all ages but I kinda like all ages so my final idea is:Suitable for absolutely nobody.There's no sex,no gore,no nothing.Now forget this movie ever existed.Join the club."
1,,"Having not read the original book or seen the earlier film, and indeed knowing nothing about the storyline of either of those or the current film, I came to this film with an open mind. It's really difficult to know where to start a comment on the film, because the whole thing seems so confused. It seems like there is a point or a message or something in the film, but what that is remains completely obscure. The effects were fantastic and very well judged. The idea was set up really well with the motivation for time travel clearly made out. However, it was downhill from here. All of the time travel seems to have only the vaguest connection to the quest that was set out at the start. There are some nice ideas, but they seem to be isolated occurrences that really do not flow and make the film seem disjointed and lost. At one point one wonders whether the main story in the film is the fate of the moon. When Hartdegen arrives in 802,701 A.D., the film becomes very frustrating as he seems to be unable to discover anything of importance about the Eloi, and while it seems clear that there is something to find out, what it is remains annoyingly elusive. This is quite an odd change from the previous time travel instances and one wonders why all of this has suddenly been abandoned for what seems like a completely new story. So many things happen that there should be an explanation for, but there is no discovery. I really, really wanted to know what the film was ""getting at"", what there was to uncover, but to no avail. Having read a summary of what happens in the book at this point, it seems like there has been a very half-hearted attempt to render this in the film but it has been so simplified and ""dumbed down"" that the meaning and context is completely lost. Just as we hope that we are finally to discover where this is all leading, the film suddenly takes another significant change in direction, and becomes a mindless action film without any real action. It is as if by this point the director has simply given up bothering to put any meaning into the film. By now countless significant things are happening without any explanation. Hartdegen fails to take the opportunity to return to the past on two occasions for no reason, and then suddenly loses all interest in time travel for no reason. The film comes to an abrupt end as Hartdegen decides to stay with the Eloi. In summary, after a good start the film is very disappointing. Too much time is spent on Hartdegen's adventures before arriving with the Eloi. However, the worst part of the film is what I think is the most important part: the setting up of the situation with the Eloi. The whole point is completely missed, and this undermines the rest of the film. After this the film concentrates too much on effects and action and all attempts to return to the meaning and core of the film seem forced and out of place. With so many things happening without explanation, the film just seems to get lost and lose direction. However, the finale where Hartdegen decides he is no longer bothered about time travel is the most inexplicable of all. Ultimately, the whole film seemed like a collection of unconnected incidents. The meaning and context was lost, although the gaping hole where it should have been was very obvious. What was so frustrating about it all, though, was that there was clearly so much potential here: it wasn't by any means a bad film, it just so easily could have been so much better. The start was very promising, the time travelling looked fantastic and would have worked had it not gone off on tangents, and Hartdegen's experience with the Eloi could so easily have worked had a few more of the right questions been asked, and had there not been such a temptation to ""dumb down"" and simplify. I just wish I had a time machine so that I could travel back in time and advise against the mistakes that were made."
1,,"'Flood' is a prime example of how throwing good actors and cgi at a film will do little to compensate for a rubbish script. The basic premise is fine: what if a freak storm threatened to send the sea straight over the Thames flood barriers and engulf London so fast that most of the inhabitants would probably never get out in time? It's basically the New York segment of 'The Day After Tomorrow', but that shouldn't make it any less of a film. However, the script just isn't there. It's merely functional, flat, and lacking in depth. Great British talents like Robert Carlysle and David Suchet to name but two do their level best with what they've got, but their characters are two-dimensional cyphers, like something out of an old Marvel comic. and it'd be frankly easier to turn back the tide. Not that every actor gets let off the hook - Tom Courtenay seemed capable of only one emotion throughout the film, but then he wasn't given much of a challenge. I applaud any opportunity to see some non-Hollywood disaster flicks for a change, and I don't expect zillions of dollars spent on rendering ultra- realistic graphics. However there's no excuse for shonky writing - especially from a country that has produced some of the best science- fiction ever made on next to no budget at all. This is the kind of half- hearted B-grade fluff the Sci-Fi channel produces, and that's hardly a target to aim for. If like me you are such a fan of disaster films you're still tempted, do yourself a favour and watch it with some friends. Better still; don't bother."
1,,"Mean spirited, and down right degrading adaptation to the classic children's tale not only lacks the charm of its forefather but lacks any talent what so ever. Mike Myers should not only be ashamed of himself for his horrible performance that is a clear rip off of what Jim Carrey did but he should give up acting all together. He is so annoying that you would want to beat the crap out of him if you were able to jump right in the film. The sets are ugly and the cinematography is very poor. I have seen a lot of bad film this year, but this not only takes the cake but it is with out a doubt one the worse films ever made."
2,,"Wow, this movie is amazing. It is such an excellent film. Has some sick scenes (not nearly as sick as Terror Firmer or Citizen Toxie) some nudity, and this was the penis monster's debut on film! This has set the scene for many of Troma's movies, this is a very Tromatic film. It mixes comedy, romance, and my favorite, HORROR/GORE! Not that much gore in this flick, but enough to satisfy. This is the best adaption of Shakespeare's Romeo And Juliet. Much better than any other version. THey make it so entertaining, and fun to watch. And we have Debbie Rochon...hehe...I like her. :) All I have to say is this is a great film, very funny, and Lemmy is a good host for it. The acting is good, and Kaufman directs stylishly as always. Must see for all TROMA FANS!"
1,,"I got hold of this film on DVD with the title Evil Never Sleeps, it gives front cover billing to Carrie Ann Moss, but she plays such a minor character that I didn't really notice her in the film. I'm afraid that I consider this one of the worst purchases I have ever made. The dialogue was stilted and the delivery wooden, I found the acting to be disconnected from the plot. Graham's performance to me was of someone who's wondering whether she's left the gas on at home. All in all both my wife and I found this film painful to watch, and it is not a valuable addition to my collection, watch it at your peril, but spending 90 minutes having your fingernails pulled out would probably be a better way to spend your time."
1,,"I loved the blood and gore. The kind of violence is what Alien and Predator movies are about which is no one is spared. This truly answers the question of how it would be like if aliens were on Earth. The answer to that is simple. We are screwed. The effects were beautiful. How ever there are some real problems with it. 1) The acting was horrible on the part of the Human characters side witch almost put me to sleep because of how dry and boring it was which really interrupted the flow of the movie and was very annoying. The writers could have done SOOOOOOO much better. The good part was the Alien and Predator acting which I thought was done very well for the most part. 2) The size of the Predator ship was much smaller then how it was in the first AvP movie. This I scratched my head on 3) Predators having their mask on while still in the ship. This upset people and I cant understand why. Its not a plot hole like most people make it to be. So I say to you people calm the hell down. Its no big deal. If it will make you feel better, remember, they did have face-hugger's on bored in storage so that could be a good reason why. 4) Predator firing its plasma caster inside the ship. I thought that was rather stupid on the Predators part. But then I began to think if it was a younger Predator that panicked. 5)The hunter and his son almost instantly arriving at the crash site after it fell several miles away. At least they didn't bore us by showing them run through the woods for 30 min. so be happy about that. 6) Why did only one Predator go? I thought this was odd. But then I thought that it was because he thought it was only one Predalien that he was dealing with and not an outbreak. 7) Why didn't the Predators in the ship self destruct? Well if people were paying attention one did, but he was killed before he could completely activate it. 8) The unlimited blue melting goo. I thought that was rather dumb. 9) Predator hiding evidence with the goo but skins a cop. That was also dumb. 10) The black out. Well come on people, an Alien and Pred did fight it out at a power station. 11) Predalien being half face-hugger/queen. This really ticked me off. I am an Alien and Pred fanatic. I know for a fact that Aliens DO NOT DO THAT!! Just like they don't give birth like a human does like they showed in Alien4!! Out of all the comics, games, books, and the movies 1,2, and 3, CLEARLY shows their behavior. They need a queen to lay eggs, the eggs hatch into face-hugger's, face-hugger's infect host, the parasite pops out and kills host and grows into a drone if it infects a human, a Predalien with a Predator, and Runner with any kind of four legged animal. And then after living for years upon years then they molt into a Preatorian (a mini me queen that does not lay eggs) I can go on and on but I wont. But that scene alone nearly ruined the movie for me. If the directors are smart they would go back and edit that by making a face hugger infecting the pregnant women. Any way if you are going to see this movie, just go see it for the Aliens and Predators. And when the scene comes up where the Predalin infects that pregnant women... Close your eyes so you don't have to see that insult to the Alien and Pred universe."
1,,"If one sits down to watch Unhinged, it is probably because its advertisements, video boxes, whatever, scream that it was banned in the UK for over 20 years (as virtually every video nasty does). It's true; exploitation and taboo excites people and draws them in with their promise of controversy. Being an exploitation fan, however, none of this was new to me. The advertisements that scream that the film was banned in the UK don't necessarily make me want to watch it; in fact, the first thing that usually pops into my head is how disgustingly paranoid British censors are. How I came to viewing this then is simple: it promised gore and it was only $6.99. The price alone alerted me not to have any hopes of this being the next Halloween, but a cheap padding of your DVD collection never hurts. I did force myself, however, to watch it all in one sitting, because I find that deciding to save the rest for another day makes you even less inspired to finish it. So anyway, after 90 minutes of Unhinged, I found that I had come across the cheapest sleeping aid in existence. I think the distributors could make a fortune if they simply changed their marketing technique. The layout of Unhinged is of any common slasher from the 80s. There's unnecessary shower scenes and exploitative gore. That's about it. Anyway, it starts with a group of three attractive co-eds crashing their car on the way to a concert. Though two of them (Terry and Nancy) are okay, one (Gloria) is severely injured and is out of commission for the rest of the movie. They are rescued and receive shelter at a mansion (that happens to have no phone, of course) with rather strange occupants: Marion is a middle-aged woman with a man-hating mother who constantly accuses Marion of sneaking men into the house in order to sleep with them (echoes of Psycho?). She also happens to have a crazy brother Carl who lives in the woods, because her mother's hatred for men is so intense that she refuses to let him stay in the house. After hanging with Marion for awhile, Terry (our ""hero"") and Nancy decide they must contact their parents. Despite everyone's warnings, Nancy braves the dangerous woods to make it to a phone (her fate is not hard to predict). After that, we see Gloria again, who is then promptly butchered with an ax. When Terry discovers that Gloria has disappeared from her room, she decides something isn't right with this picture and sets out to find her missing friends. That may be easier said than done, however, with crazy Carl lurking around After viewing Unhinged, I read an overwhelming number of reviews declaring that Unhinged worked perfectly because it took its time to build its subject matter that created real tension by the time the moment of truth comes at the end. Normally, I do not drag other people's opinions into my reviews (especially when they contradict my views), but in this case, I was so puzzled by their reactions that I thought it would be relevant to mention. This is because in actuality, the film crawls. Normally for the slow-building tactic to work, the audience must have a strong sense that the characters are in danger. Oh sure, we see two of them get murdered, but between that are endless scenes of conversation and boredom. We are aware that there's a killer on the loose, but this is only focused on three times in the film; that means there's no reason to fear for the victims. Instead, the film's events are explained not by the actions of the characters, but are drawn out for us by perpetual talking. If there's one thing I can assure you from watching this, it's that scenes of characters merely conversing with each other for 75 minutes are very tedious. None of this is helped by the atrocious acting. It seems that this was another case of the director needing actors and decided to gather his friends around instead of finding anyone with experience. Of course, I'd be a liar if I said there wasn't one part of the movie that I enjoyed. Specifically, the ending was one of the best I've ever seen in a slasher film; you just do not expect that to happen. Just knowing that the director had the balls to do something like that is spectacular. Ah, I won't spoil it for you, nor will I say that the ending completely makes up for the rest of the slow-moving film, but it definitely will get your attention. Other than that, the other two murder scenes bring at least some faster paced material, but it's not like you couldn't tell exactly who was going to die fifteen minutes into the film. Anyone looking for a bloodbath will be disappointed, however; those are the only scenes of gore present. That and, of course, no one scene can save an entire movie. I normally preach the doctrine that as long as there's action, the worse a movie is, the better it gets. Unhinged only grasps one part of this concept. The whole film just feels Luke-warm; there's potential alright, but the director either wasn't experienced enough to make it work or just didn't know what the hell he was doing."
2,,"The trick to creating a good, solid mystery story is as much a matter of timing as its about plot contrivances, colorful characters or surprising twists. Anyone who has ever labored in frustration with an un-finishable Sunday New York Times crossword knows that any puzzle that takes too long to solve ceases to be any fun. The best murder mysteries, be they on film or in print, are slight affairs that get to the point, spell out their clues, line up their suspects and, hopefully, zap us with a few surprises; being complicated without being unduly confusing. And they play fair; on second, third and fourth viewings of the clues and red herrings we should be just as pleased to marvel at how well it all comes together as we were at being surprised in the first place. Indeed, good thrillers should get better on repeated viewings as we anticipate the double and triple crosses. Sidney Lumet's comedy-thriller DEATHTRAP, as derived from Ira Levin's hit Broadway play, is a great example. It moves along at a tidy clip, skillfully juggling its clues, being (almost) totally honest with us (even when it is lying to us) and yet never revealing where it is going (even when it is telling us where it might go). It is less a murder mystery movie in the traditional vane than it is a movie about murder mysteries, derived from a play about playwriting. Rather than going backward -- a murder and then an investigation to explain why everything happened -- DEATHTRAP leads us through the crime(s) step by step, leaving ample room for the unexpected; as the ads advise it is less a ""whodunit"" than a ""who'lldoit."" DEATHTRAP is often compared (unfavorably, oddly enough) to the play and movie versions of SLEUTH, though in reality it has much more in common with SCREAM, the self-mocking essay on teeny-bopper horror flicks. Like that clever film, DEATHTRAP labels itself (a thriller about thrillers), sets it parameters (""a one-set, five character moneymaker"") and then proceeds to deconstruct its genre by revealing itself as ""the most outlandish and preposterous set of circumstances entertaining enough to persuade an audience to suspend its disbelief."" DEATHTRAP bravely gives us a mystery with only five major characters, two of which are of minimum importance. Henry Jones as a cagey lawyer is on hand mostly for exposition (and to supply us with his penchant for folksy charm) and Irene Worth is all quirks and comic relief as a psychic-cum-sleuth who acts as the nominal detective. That leaves three main characters to be the killer(s) and/or the victim(s): It is a testament to Michael Caine's abilities that as Sidney Bruhl, a down-on-his-luck author of mystery plays, he creates a character who we intrinsically like and trust, even as we recognize immediately that almost everything he says is a lie. As his adoring, if somewhat ditzy wife, Myra, Dyan Canon flirts with being over the top by giving a roller-coaster ride of a performance with a character that by turns seems to be frail or overbearing, crafty or hysterical, timid or bold and uncompromisingly in love with a less than reciprocating Sidney. The third angle of this unexpected triangle is a fledgling playwright named Clifford Anderson played by Christopher Reeve in such a way that we never quite get a handle on just who his character is: enthusiastic preppie wannabe writer, semi-innocent victim or cunningly charming sociopath. As the various character dance around each other, the cleverly dour script adapted by ace scribe Jay Presson Allen manages to be consistently amusing, even as it builds suspense. And even after the final twist (an improvement over the play's finale), it may not be quite clear just who has manipulated who to do what. Lumet is by no means a master of comedy, so he lets his able cast have free reign to flesh out the characters and they all give sharp, theatrical, yet subtle work, with Reeve being particularly noteworthy. But what Lumet does so well is to work skillfully in tight quarters. As he did brilliantly in 12 ANGRY MEN, he takes a one-set play, and with a minimum of opening up, manages to make what could have been cramped, stagy and stagnant seem endlessly photogenic and spacious. The setting, a country home converted from an old windmill, is relatively small, but as designed by Tony Walton it manages to be both cozy and charming, as well as spooky and treacherous. It is so truly difficult to tell where the studio set and the real country house cross boundaries that to a degree the set becomes a sixth character. And as the scene of the crime, it is a most inviting deathtrap indeed."
1,,"The ""math"" aspect to this is merely a gimmick to try to set this TV show apart from the millions of other cop shows. The only redeeming aspect to this show is Rob Morrow, although his career must have been (undeservedly) waning after Northern Exposure if he signed up for this schlock. The lame-ness of the ""math"" aspect to the show is encapsulated in one episode co-starring Lou Diamond Phillips (which just confirms that this show is the last refuge of the damned.) In order to catch a fugitive, the ""mathematician"" uses some theory about ""bubbles"". So, he gives this long explanation that, if we have seen the suspect in places A, B and C, then we can use ""bubble theory"" to calculate where he might be. He does this all on a chalkboard, or maybe with a stick in the dirt (I cant remember). Anyway, when you look at the finished product, he basically took three spots, and picked a point right in the middle and said ""Ok, mathematically, here's where we are most likely to find the fugitive."" At which point, one other character points out ""Oh, that point also happens to be the cabin where the guy used to live."" Is that math? Its not even connect-the-f**k**g-dots!!! This show reminds me of the math major I used to work with in banking who had a mathematical analysis he could do to ""support"" points that every one else had already agreed on through either less-complex analysis or basic common sense. It just goes to show -- When you're a hammer, everything looks like a nail. I can't wait til they stick the NUMB3RS team on OSAMA... They'll use calculus, call an airstrike in the middle of the mountains, and hit Osama and not even scratch the five children he uses as human shields... cuz hey... its all about the numbers. Totally ludicrous TV show."
1,,"I saw the film at the Belgrade Film Festival last week, and I'm still working off the trauma. Essentially my view seems to match a number of others - the first half hour was fresh, sharp, deep, entertaining and promising. Well acted too. Natural. My problem, however, is not simply with the fact that the final hour and a half of the film have nothing to do with the likable beginning, nor the fact that I spent most of this time convulsing in agony at sharp, grating industrial sounds and squinting at drunken, toothless, bread-chewing hags. It's rather with the fact that THEY NEVER WARNED ME!!! The festival brochure synopsis described only the (utterly intriguing-sounding) first half hour - a whore, piano tuner and meat seller chat in a bar, pretending to be an advertising agent, genetic engineer, and petty government administration official, respectively - making no mention whatsoever of the never-ending gum-smacking to come. Serves me right for not reading the reviews, you might say - but to my defense, a number of reviews I looked at post-fact um didn't at all stress the immensity and utter unbearableness of the greater part of the film. The first hint should have been the introductory words by the director (a bashful, tousle-haired Russian youth) who stepped in front of the crammed auditorium (the film seems to be doing incredibly well critically, and tickets were sold out well in advance of the screening, though most of the audience seemed as unaware as I was of the pain to come, judging by the plethora of unearthly moans and groans that utterly permeated the theatre during the last half hour, and many exasperated comments on exit) to say the following: 'Well, I... um, thank you very much for coming to see this film, and I just wanted to say... well, it's a very long film... it took me four years to make it, and... it's.. I suggest that you see it and immediately try to forget about it. It is very long. Thank you for coming.' This is what he said. Alarm bells should have been ringing. 'What's he talking about?' I thought in happy confusion. 'This is gonna be fun!' Of course, by the time his strangely apologetic comments started making sense to me, it was far too late to get out. All I could do is writhe in increasing agony until the lights came on again. And in the end I can't say I feel in any way improved by the experience. Yes, I absolutely loved the first half hour. It was intelligent, new, and had a lot to say. And yes, Russia is probably in a bad state. Yes, every society has many hidden faces. Yes, toothless life in barren wastelands is probably unimaginably hard. Yes yes yes. I get all of this. Really I do. But I see no earthly reason why art and meaning should be so agonisingly drawn out, and so painful to bear. If you want to see a film land somewhere between the extremes of glitzy Hollywood plastic fantastic and hours of muddy vodka swigging, try the Korean-Chinese Bin Jip (3-Iron). It's artsy and surprising, but also to-the-point and fun."
1,,"If this movie is coming to a theater near you, consider it a threat. I was unfortunate enough to see this movie here in Tokyo. Since I'm Dutch, I was surprised to find a Dutch movie playing in a metropole like Tokyo is. I figured it had to be somekind of special if a Dutch movie makes it all the way to Japan. So I went there with some friends, and we were happily telling the theater's staff that we were Dutch and that we were so curious about the movie. As it turned out, this was one of the most infantile, silly, dumb, worst acted, with worst spoken English movie I've seen in maybe 10 years, and I left the theater trying to avoid the staff, because feeling almost responsible for this disaster movie. Sometimes you get the feeling you know what the director was aiming for: Lola Rennt, Trainspotting kind of like movie. Instead it was more like MacGyver on drugs with outdated breakbeat music as a score. But if I wasn't feeling too annoyed, the movie was unintentionally quite hilarious once in a while, as it showed Holland at its smallest."
1,,"A very tired looking Burt Reynolds plays a mercenary battling his former employers for some gizmo these non-heroes plan to sell to ""the Iranians."" Low-rent video nonsense by the producers of ""Silk Stalkings"" offers some decent action footage and a lot of ineptly staged ""drama""...a lack of logic and truly dreadful dialogue are the defining aspects, although the final twists and allegiance shifts could've been a nifty end to a better movie. Burt still has presence, although it also means you notice more when he mouths insultingly half-baked ""one-liners""."
2,,"After I read that ''At the time of its release in 2002, its budget of $47 million, or 327,000,000 FRF, was said to make it the costliest French film ever. However, Astérix et Obélix contre César (1999) had a budget of $48 million, or 274,620,000 FRF, which supposedly made it the most expensive French film ever'' I discovered the reason why I found this movie to be one of the most beautiful and colorful of all I have ever seen. I loved the scenarios,the clothes(specially the ones from Cleopatra) and the atmosphere of the movie! It's so happy and cheerful! I found the jokes smart and hilarious and I have to consider this movie to be in my favorite comedies of all times! The cast is also excellent, with Monica Bellucci(who is very beautiful as Cleopatra)Gérard Depardieu,(great Obelix!!Christian Clavier, Jamel Debbouze(That I saw for the first time in ''Amélie Poulain'') among others!:) I recommend this movie even for people who doesn't know Asterix and Obelix comics. You are going to have a great amount of fun!:) aka ""Asterix e Obelix: Missão cleópatra"" - Brazil"
1,,"There is one good thing in this movie: Lola Glaudini's ass! Sorry to be so blunt but it's the truth. Too bad she didn't do a nude. It would at least have made this mess tolerable. We see another chick's boobs but she's nowhere near Lola. And man, is Armand Assante old or what? The man looks like crap! ""Consequence"" is the usual B-Movie you would expect. The story had potential. It's like they had good ideas but didn't know how to execute them. The cinematography is just plain awful. Ugly! The directing is uninspired and the end result is a bland thriller with lame twists and washed up actors. Lola Gaudini is great as the vixen in a cheap, slutty way but not even she saves ""Consequence"" from being trash and not funny trash, just plain old stinking trash."
1,,"I saw this movie many years ago, and just for kicks decided to rent it and watch it again. The plot is a carbon copy from Fright Night. I did like the hairy vampire and the bug eating driver. Otherwise it was not good at all."
1,,"again such kind of zero-budget digital-video cam trash. and again I fell into this trap cuz the title had ""zombie"" in it (german title: ZOMBIE ATTACK!) the story: on halloween some people visit the ""museum of the dead"", it's a trap, a crazy doctor wants to kill the people, everything connected to some aztec-cult. so they fight against some zombies in there. ultra cheap scenery: some corridors with black tape on it. a few dilettantish drawings and a few skulls as you can find them in every fun-shop. no actors, just low-grade models waking around with absolutely no idea what to do. no effects. laughable make-up, your local hobby-make-up-zombie-fan will do it better, some time it looked as if they had not enough money for enough colour, otherwise they just could not do it like this, man, they have to realize the looks of their ""zombies"". some laughable martial-arts fights with the zombies, slow-motion. just, when the director wants to have it scary he uses some standard digital-video-cam effect where everything is flackering. unbelievable! 0 out of 10!"
1,,"1st watched 4/30/2009 - 4 out of 10 (Dir-John Waters): Corny Waters-like comedy musical with some funny scenes and good parts but it didn't make a whole worthwhile experience. John Waters directed this music-filled spoof of the fifties scene with Johnny Depp playing the title role. This movie is very similar with what he did with the 60's spoof entitled ""Hairspray"" but this one is not as effective. Some of the tunes are catchy, some of the characters are interesting in their quirky Waters-like way, and the portrayals are fine although sometimes overdone. The storyline is similar to the movie ""Grease"", where there is a good group and a bad group. The guy from the bad group, Cry Baby, wow's a girl from the good group. The good girl then joins the bad group but once Cry Baby hurts her -- she falls back to the good group. This just sets up the ending where Cry Baby tries to win her back. Now, one difference that is expected in Water's movies is that the bad group doesn't appear all that bad all the time and the good group acts like they have a pole up their you-know-what. I definitely saw this in Hairspray, as well. The wacky and goofiness isn't really all that much fun in this movie, though and it just leaves us with a feeling like the movie could have been much better. The prime appeal of the Johnny Depp character is that he's able to make one tear roll down his cheek(thus his namesake) at various times and makes the women fall all over the place for him. This is overused and the basic bottom line is that the movie is OK, but not that great."
2,,"I am really sad that that this film has got so much negative criticism. I think it is a nice little comedy and really funny. The humour in this film is kind of warm and innocent and I like it. I also like Madonna's character and I do not agree that she played herself. She has created a character and a sympathetic one. My favourite scenes were the fighting scene on top of the sinking car and where Madonna climbs over the fence in a fancy dress to claim her love. The humour in the film has a slightly syrrealistic touch and perhaps it is not everybody's cup of tea. But it's their problem, not of the film. I found this film wholesome and sunny. In fact, the day I first saw it I was incredibly sad for some reason and this film lit up my day. And Madonna can act. Just take off your glasses of negative thinking."
1,,"I rented this movie because the DVD cover made it look like it was going to be a ridiculous college comedy like van wilder or animal house. I took it to my friend house to watch for movie night. We ended up stopping it 15 minutes into the film, and watched Copper Mountain instead. I don't know if any of you have seen Copper Mountain, but it isn't great either. However, I would have to say that the Alan Thick Jim Carrey Duo made it a more enjoyable watch. I later finished Puddle Cruiser. This movie was slow and the humor was forced. This movie reminded me of some stinkers that I saw in some of my earlier production classes in college. I was left wondering ""was this the film that enabled Broken Lizard to make Supertroopers?"" Also how could this movie suck so bad? Supertroopers was good and Club Dread was decent. Don't see this movie!"
2,,"There is only one film I can think of that might be as good or better than this one when it comes to Bugs Bunny and Daffy Duck--ALI BABA BUNNY. However, determining which is THE best is irrelevant--just watch them both and enjoy. I compared this to ALI BABA BUNNY because both feature Daffy at his absolute worst--greedy, nasty and very funny in the process. However, I think I prefer RABBIT SEASONING simply because Bugs is also pretty awful in this one--doing horrible things right back to Daffy every time Daffy tries a dirty trick. The film begins with Daffy leaving rabbit tracks right up to Bugs' hole in the hope that a hunter (naturally, it's Elmer) will blast the rabbit and leave Daffy alone! Not to be outdone, Bugs time and again takes all of Daffy's tricks and turns them around--and in most cases it involves Daffy getting shot in the face! It's all very, very clever and funny and I don't care how old you are, this cartoon will make you laugh unless you are a grouch. I especially love the great and unexpected ending, but I won't say more, as I don't want to spoil the surprise."
1,,"i've watched this movie (movie?) casually and i've never stop watching because is so ridiculous any dog can play this act and will be better then the actors (actors?)of this bad remake of the Fatal Attraction there is no directing, no playing, only an unlucky copy of the Adrian Lyne movie if you have doubt to suicide watch this and you can choose...for ""yes"" i can't imagine people that went to cinema to see this rubbish; maybe someone that had an empty afternoon and choose the first cinema near house to stay 2 hours with some others to forget problems but it's hard to go back home relaxed"
1,,"This is, ostensibly, a movie about multiple grief. As such, it ought to move viewers and make them empathetic with the plight of the main characters. However, its irritatingly postmodern style makes it almost incomprehensible. The camera continually switches from one scene to another, from one personal crisis to the next, creating a choppy, disjointed effect. Most characters appear to live aimless, unstructured lives, held together by their professional commitments. (It also stretches credibility that a man who has just been given what amounts to a likely death sentence, would cheerfully indulge in a sex romp with a woman he has just met). The storyline (if there is a storyline) is difficult to follow. In sum, the overall effect is rather disappointing. In spite of all that, the acting is generally good and some of the scenes are quite powerful."
2,,"The one thing I really can't seem to forget about this movie, is its beginning: classic comedy, brilliantly crafted. I love it. See it for yourself (no spoilers here! :-). The sparring between DeVito and Crystal also glows in this movie, with DeVito as the perfect oppressed son. One of my favourites. Highly recommended for fans of Crystal."
1,,"OK...this MAY contain Spoilers...but who really cares? Do not, if you value the seconds in your life, waste your time on this pile of garbage. There is not one redeeming quality in this movie...and I say that as a full fan of the Vacation Series of movies. I LOVED the Cousin Eddie character from the other Vacation movies...but he only works well as a supporting character. Do I blame Randy Quaid for the failure of this movie? Not at all. I think he's a great actor...but this film lacks any cohesion...the pacing is off...it's just plain unfunny. And the actor who plays the ""Third""...Jake Thomas...was just awful, more than likely due to a real lack of direction. I don't know why...but his whole character creeped me out. Some people say that this is a horrible movie because Chevy Chase and Beverly D'Angelo aren't in it...that has nothing to do with it. The script, directing, acting...special effects...everything is a train wreck. With Orphans. And kittens. Oh...and the Train ran over some old people too. Please, whatever you do...stay away from this filth! I call it filth because it dirties the name of the Vacation Franchise."
1,,"I can't remember when I've seen a worse movie. The acting was overwrought, the dialog trite to the point of being painful to listen to, the special effects second-rate and the overall story laughable. I've never wanted to walk out on a movie more, and if I'd been alone that's what I'd have done, about 30 minutes into it, and saved myself nearly ANOTHER TWO EXCRUCIATING HOURS of nausea-inducing dialog and a plot with more holes than a swiss cheese ""the size of Texas."" I just can't overemphasize what a miserable experience sitting through this collosal waste of perfectly good celluloid was."
1,,"Meet Cosmo (Jason Priestley), a nerdy young bookie content with his boring life crunching numbers for the mob and living in a stark basement apartment at a senior citizens center. His only recreation is watching TV and the occasional tryst with his quirky prostitute pal, Honey (Janeane Garofalo). But one day all this changes, when the mob boss is killed and the well-regarded Cosmo is selected by the smooth and persuasive new chief, Gordon (Robert Loggia), to become a full-fledged hit man. It's an offer the reluctant Cosmo cannot-repeat, cannot-refuse, and he quickly trades in his mundane, solitary existence for a crash course in revenge under the tutelage of veteran mobster Steve (Peter Riegert), a relaxed, suburban bon vivant who relishes the job's maximum pay and minimum hours. In no time, Cosmo surprises both himself and mentor Steve by displaying an absolutely uncanny aptitude for the work. Though he's never touched a gun before, Cosmo proves to be both a crack marksman and, after an initial wave of moral hesitancy, a cool, detached killer. Soon, Cosmo is dispatching deadbeat clients with speed and style and his natural flair with a gun quickly establishes him as an invaluable addition to Gordon's mob. Reality gets in the way though, when one night, while being massaged by Honey, Cosmo admits feeling a bit uptight and she recommends he try yoga to relax. Cosmo takes her advice and joins a nearby yoga class taught by a beautiful young woman named Jasmine (Kimberly Williams). Cosmo is instantly taken with the kind and gentle Jasmine, who soon becomes drawn to Cosmo. Now if she can just get rid of her pesky, abusive boyfriend, Randy (Josh Charles), maybe she and Cosmo can actually start something. Cosmo, using some of the ""skills"" of his new trade, eventually persuades Randy to disappear and his relationship with Jasmine takes off. Writer/director M. Wallace Wolodarksy, a two-time Emmy Award-winner for his work on ""The Tracy Ullman Show"" and ""The Simpsons"", has fashioned a script fusing his three genre loves: ""I like comedies, gangster movies and romances,"" explained Wolodarsky, ""so I essentially smashed together all three to create this film."" But what he's come up with is a film so disjointed and improbable that it looks just like a very long sketch on Saturday Night Live. It's monotonous tone doesn't so much match it's droll sense of humor, as underline the fact that a lot of money was spent on a vehicle for Jason Priestly to blithely shatter his nice guy image, which doesn't even fully succeed because he plays his character not as a nerd, but as a laconic zombie. A nerd may be naive, but a nerd has passion. Passion for inwardly directed things. But Priestly plays his character as mentally deficient, almost the anti-Forrest Gump. Unfortunately, ""Coldblooded"" doesn't have the sense of scope to actually BE the anti-Forrest Gump. Peter Riegert (Local Hero, Animal House) turns in a fine performance as usual, and Kimberly Williams does her best with what she has to work with, but Janeane Garofalo (HBO's Larry Sanders Show) is practically wasted in her role as Cosmo's friend. Probably not for long, though. Garofalo has all the enthusiasm and charm of an apple waiting to be picked and it's just a matter of time before she'll be given a meaty role, hopefully doing a tag team thing with Marisa Tomei."
1,,"Evan Almighty continues the mainstream Bruce Almighty franchise, this time with newsman turned freshman Congressman from Buffalo, Evan Baxter (Steve Carell), at it's center. A wholly innocuous (and not even really self-doubting) man, God (Morgan Freeman) decides to enforce some sort of quest upon Baxter, in order to illustrate the importance of... reciprocal kindness, so that Baxter can ""change the world"" (aka, pay it forward). Think of Evan Almighty as a wholesome derivative of 'Distinguished Gentlemen.' Baxter is not a con, but his colleague, Congressman Long (John Goodman) wants his unquestioned support on a bill that essentially, is harmful to the environment. And well-meaning Baxter, knowing the importance of networking and visibility, is willing to support him. In addition, with the new job comes more responsibility, and Baxter is in a sense, vilified, for not spending enough time with his family. So God, decides to give Evan Baxter some guidance by forcing him to become the modern day Noah. His orders: build an ark. Except, while it may be mildly humorous to see Baxter's transformation to the ""weirdo with a beard-o,"" there doesn't seem to be much point to this whole thing which becomes abundantly clearer when the climax of the film fizzles. (SPOILERS: if none of the population is killed by the ""flood"", then what was the point of summoning the animals... or at least the ones that obviously weren't from suburban Virginia? or, more importantly, if all Baxter had to realize was that Long's projects faltered in their quality, then why did he have to build an ark?). So, although a comedy like this needn't be a hysterical laugh-riot, it was certainly one made far less enjoyable as it was crammed with far too many homilies (and not all from Morgan Freeman) and action that seemed intended for a film of more epic events."
1,,"A man in blackface lands in a spaceship and meets a girl who lives in some sort of shack with a monkey. He hooks her up with a telephone, and she teaches him how to Charleston. Then they fly off in the spaceship, leaving the monkey behind. Cringe-inducing blackface aside, this short film makes no sense. I think that's the plot, but I'm not sure by a long shot. You can't tell that this is Renoir at work, despite his characteristic humanism. Good use of slow-motion, though. Can be found on the NY Film Annex's series of Experimental Film videos, No. 18, I believe."
2,,"I became a fan of the TV series `Homicide: Life on the Street' late in the show's run, but became a fan very quickly. It was a cop show unlike any other: visually different in its use of hand-held cameras, taking the viewer everywhere, with its multiethnic and mutiracial cast and their varying and fascinating personalities, and that it covered all of the good and bad of a police department, including the corruption and personality clashes that bubble up to the surface. Homicide: The Movie, the reunion follow-up to the series, is as good as a made-for-television film can be. After Lt. Giardello (Yaphet Kotto), now a candidate for mayor of Baltimore, is shot, the series' cast members are back to help find the killer. In addition, the cast members who left the force and those who died, also manage to have their place in the film. The intensity and fire that marked the series return, and the script bristles with the same fire that marked the series. All in all, a terrific TV movie. Vote: 9"
2,,"The Italian concept of ""sprezzatura"" was the grace and nonchalance in social manners that led to success in love, as described in the 16th century manual ""The Courtier."" The film ""Hitch"" is worth watching for the embodiment of the ""sprezzzatura"" concept in the dynamic performance of Will Smith. Smith plays the character of Alex ""Hitch"" Hitchens, who is a professional dating consultant to those short on luck and confidence. The best scenes are when Hitch coaches the painfully shy and maladroit Albert in his quest to win the heart of a New York socialite and in Hitch's own attraction to Sara and a surprise for her when visiting Ellis Island. In these scenes, Smith is supported with good work from Kevin James and Eva Mendes. But this film is driven by the charm and winsome personality of Smith. From start to finish, Smith rises above the average comic script to make ""Hitch"" an eminently watchable and entertaining film. I do not believe there is another actor working today who is capable of delivering the charisma and the perfect timing with the comic moments like Will Smith in this film. And his secret is in the ""sprezzatura""!"
2,,"I'm too old to know (or care) exactly what the difference between rap and hip-hop is. And, being Canadian, it's likely that I've never actually seen MTV, but I'm not certain. But I thought this film was very funny when I saw it, a bright little satire. Hip-hop culture is so pervasive these days that it's difficult not to keep hearing about it over and over. (If only we could say the same about bagpipe music.) I got most of the jokes (at least I think I did). Sure, it's derived from Spinal Tap, but there are lots of targets that could stand a Tap treatment. Just not the Carpenters, they're sacred."
1,,"""CIA Codename:Alexa"" is an absolute horrible rip off of Luc Besson's classic film ""La Femme Nikita""(1990). The film is basically about a woman who is taken in and trained by the CIA and is forced to do a secret mission for them. (Pretty much the same story structure of La Femme Nikita) The acting combo of Lorenzo Lamas and O.J. Simpson is perhaps the worst in cinema history. Lamas' ""acting"" is simply a bad Steven Segal impersonation. Watching Orenthal act in this film is an excruciating experience. The writing and acting is so poor in this film at times it is laughable. There are so many action movie ""conventions"" in the film it is ridiculous: unnecessary car explosions, people flying thru glass windows, terrorists, bad ponytails, etc. The musical score resembles David Michael Frank's score for ""Hard to Kill"" (1990), which furthers the Steven Segal theme of this movie. There is plenty of martial arts in the film, and it is pretty well done for a low budget American production. The mindless action and over the top acting never lets up, and I have to admit I was mildly entertained. Lorenzo Lamas had the look of an action star back in the early 90's but he is certainly no action star, that is why he is doing soap operas and not action blockbusters. My recommendation is that you skip ""CIA Codename:Alexa"" and check out ""La Femme Nikita"" instead."
2,,"Bloody marvelous. Recommended by a friend who knew I liked Thomas Kretschmann in The Pianist and Downfall. I loved the flow of the narrative - how the characters moved from hope and ideals of valour through shock, fear, disintegration, desperation and utter annihilation. A first rate anti-war movie that must have created quite the stir in Germany. Not a proud moment for anyone and the study of a generation lost. This movie was excellent at conveying the remove of the command from the ground troops and in pounding the utter futility of trying to control untamed nature and the Russian psyche. If I didn't know I would have thought it was a Russian movie it was so fatalistic. What an uncompromising ending. A pieta."
1,,"It's a pretty good cast, but the film has nowhere near the grace of the original Italian comedy ""Big Deal on Madonna Street"" Anyone looking for an entertaining caper film should visit the original. William Macy may be one of our greatest living actors, but here he's put to little use. And his role in the original was played by Marcello Mastroianni, so I sort of feel sorry for him trying to fill those shoes. Might as well try to imitate Bogart or a young De Niro. The art direction is rich and textured but brings nothing to the story, the extra bits they add to the story feel completely unnecessary and the things they take away are missed. Even starting the way they do seems bizarrely gratuitous and takes away from the surprise of the original. Sam Rockwell has his odd and genial charm and Luis Guzman has that odd charisma, but the love story part of the movie just seems clunky and flat. It's too bad nobody has figured out how to make this movie as well as it was first made, but then again it's too bad we live in a culture where we feel like we need to remake amazing things instead of simply learning to savor the originals."
2,,"Shame, is a Swedish film in Swedish with English subtitles. The film is about a husband and wife named Jan, and Eva. They live on an island working as farmers. There is a war going on and soldiers start attacking people on the island. Once the war subsides a little Jan, and Eva are arrested as going along with the opposite side. Once released even more trouble ensues and the film shows how two ordinary people will act in a situation of war and life or death. Winner of The CEC Award for Best Foreign Film at The Cinema Writers Circle Awards, The Guldbagge Award for Best Actress (Liv Ullman, who plays Eva) at The Guldbagge Awards, The NBR Award for Best Foreign Language Film and Best Actress at The National Board Of Review and The NSFC Award for Best Actress, Best Director (Ingmar Bergman) and Best Film at The National Society Of Film Critics Awards. Shame, has good direction, a good script, good performances by both Max Von Sydow (who plays Jan) and Liv Ullman (who plays Eva), good cinematography and good production design. Shame, is a well acted and well made story of how people in a desperate situation will sometimes do whatever they can do in order to survive. The film has a powerful message and is a good film. The reason I'am not rating this film higher is because it is not a masterpiece like some other Ingmar Bergman films like Wild Strawberries, The Seventh Seal or Persona, for example. The film didn't have as big an impact on me as I thought it would and it lacked Ingmar Bergman's thoughtful and philosophical dialog. While nowhere close to being one of his best films there is still a lot to like about Shame, and it is a good movie. I just probably would have liked it more having not seen some of those other Bergman masterpieces."
1,,"The best part of this DVD is the cover. It goes down hill from there. There was no chemistry between the leads, the kisses looked like something I traded with my grandmother. The sound was so bad that at least I was spared some of the dialoge."
1,,"SPOILER AHEAD! The mummy (Lon Chaney Jr.) is on the loose in a New England college town searching for a college student (Ramsey Ames) who is the reincarnation of his beloved Princess Ananka. Dull, slow (even at 65 minutes--it moves slower than the mummy!), indifferently acted, but the ending is worth waiting for. The mummy gets the girl (!!!!!) and she ages rapidly as the both slowly sink in a swamp. This is (I believe) the only time in a Universal monster movie that the monster got the girl! That aside, this is stricly amateur night. Probably the worst of the mummy sequels--and that's saying something!"
1,,"- A film crew is shooting a horror movie in an old, supposedly cursed house where over the years, seven people have mysteriously died. One of the crew finds an old book of spells and it looks like it would be perfect to use in some of the ritual scenes in their movie. It is reasoned that the spells in the book are better written than the script they are using. But as the book is read, the graveyard outside suddenly comes to life. Now the cast and crew are faced with real danger . - IMDb lists a running time of 90 minutes. For the first 60 of those minutes, nothing happens. Far too much time is spent on the movie within a movie. Are we supposed to be frightened by the horror movie that they are shooting? We already know that their movie isn't ""real"". These scares just don't work. - There are very few things to enjoy about The House of Seven Corpses. The acting is atrocious. Most of these ""actors"" would have trouble making a elementary school play. The score is terrible. It is very reminiscent of a 70s television series and provides no atmosphere. Speaking of atmosphere, other than a few moments at the end of the movie, there is none to speak of. Character logic is all but non-existent. Even in a movie, you expect characters to behave in a certain way. Here, I don't think I remember one scene where a character didn't choose the most illogical avenue available to them. And finally, there's those first 60 minutes of the movie that I've already mentioned. Can you say BORING? - I haven't rated The House of Seven Corpses any lower because of instances where the movie (probably by accident) actually works. My two favorite are the beginning and ending. The opening title sequence presents the deaths of the seven previous owners and may be the highlight of the movie. And, the ending scenes on the massive staircase as the zombie menaces the film crew are somewhat effective (what a ringing endorsement). Overall though, these moments aren't enough to make this a good movie."
2,,"I bought this a while back, during a massive martial arts movie phase. Although this certainly ain't the best, I do love this kind of film making, and there was a lot to keep me entertained in this one. Leung Kar Yan is one of my favorite martial arts stars, I always appreciate the fact that, whilst he lacked formal martial arts training, he usually gave a more than capable fighting performance. He also has a good beard. This movie has him in a good, heroic role and although he doesn't kick as much ass as in some of his other movies, he still acquits himself well. Early appearances from Cherie Chung and Chow Yun Fat are also nice too see, especially for the fact that Chow Yun Fat takes on the bad guys without his trademark gun play. He may not be a great fighter but he does OK. Eddy Ko is as great a bad guy as ever, he performs the same villainry as in many of his other films and does it great, as per usual. The fellow who plays Bu is good too, I don't recall his name, but he's in Magnificent Butcher too. Although the fighting isn't as good as other movies of the era, The postman fights back makes up for it with a lot of imagination, quality cinematography and a nicely quirky ambiance. There are some very nifty scenes, good characters and a good eclectic mixture of Hong Kong talents all coming together to decent effect. All in all, I would recommend this to kung fu and general Hong Kong action fans. It may not be a stylised classic like the Shaw Brothers films, or as crowd pleasing as Jackie Chan or Bruce Lee, but it is rock solid entertainment."
1,,"The script for ""Scary Movie 2"" just wasn't ready to go. This is a problem with the film that is blatantly evident, to the actors and the audience alike. Director Keenan Ivory Wayans, and many of the actors are funny people; and so the movie isn't completely humorless. To their credit, the film has several funny moments. But as a whole, ""Scary Movie 2"" is not even close to being as clever and amusing as the original. The first ""Scary Movie"" was a laugh a minute film. It turned the smallest subtleties of the slasher film genre into comedic gold. The humor in ""Scary Movie 2"" is as heavy handed as it is un-original. They even miss obvious opportunities for parody. Two of the movies stars are former cast members of ""Beverly Hills 90210,"" and this was a show that was begging to be parodied! In the final analysis, ""Scary Movie 2"" is like a fine bottle of wine that was opened far too soon. The script needed a lot more time to age. 2 stars out of 5."
1,,"Well let me say that I have always been a Steven seagal fan and his movies are usually great but this just don't measure up to the rest. This in my opinion is very stupid I did not like it all. The biggest reason I don't like it is because it is very flawed and to me does not make much sense. The acting is very bad even Steven seagal does not do good acting, The rest of the actors I can see because they just do direct to video movies. It does not follow a straight storyline everything happens at once so that why it doesn't make much sense. Ther is barely any action in it at all and in order to make an action movie good you usually need action in it. The special effects are very bad and you can tell are fake. So all in all this has to seagals worst movie of all so if you want to see a Steven seagal movie don't rent this one just pretend it does not exist. So just avoid this movie. Overall score: ** out of ********** * out of *****"
2,,"The best film on the battle of San Antonio, Texas in March 1836, was John Wayne's 1960 epic THE ALAMO. In a one shot job as director producer, that temporarily financially strapped him, Wayne demonstrated that he was talented in movie making outside of his icon-like acting ability personifying the West. I have commented on that film in a review the other night, and I pointed out that Wayne and James Edward Grant (the screenwriter) tackled some points that were barely mentioned in earlier films about the battle. They did bring in the issue of slavery. They also finally discussed the contribution of local Mexican land owner Juan Seguin as an important leader in the War for Independence on par with Crockett, Bowie, Travis, Austin, and Houston. But there was one weakness (though well hidden) in the film. Wayne worked hard to cast it properly, thinking of many people for lead roles in it. But, he did not properly handle the leader of the enemy forces, General Antonio De Santa Anna. The role was played by an obscure actor, Ruben Padilla (on this board, his thread shows only three credits listed). Padilla did not have any spoken dialog (even in Spanish). And while he does have one of the last shots in the film, he just is shown as a silent tyrant, observing the burning of the bodies of the Americans and their allies. Despite several poor choices in the casting of this television movie (THE ALAMO: THIRTEEN DAYS TO CLORY), it is the best film in showing the man who was (from 1836 to 1854) a leading bogeyman to American policy makers. Raul Julia was a wonderful stage actor. I was fortunate to see him in a production (in the late 1980s) of ARMS AND THE MAN in Manhattan, as Sergius. He was never boring, and usually first rate in his acting. Here we see the egotistical monster at his worst. Nothing is acceptable that does not fit Santa Anna's wishes or activities. It can be the failure of an orderly in the army to bring some item he requested fast enough, or it can be the temerity of these ""foreign brigands"" (as he saw the Americans) in not knuckling down to himself, ""the Napoleon of the West"". Santa Anna was President of Mexico five or six times between 1830 and 1855. He claimed that he first got involved in overthrowing a President because that President did not live up to the country's constitution, but it was the power that kept him going year after year. It is a sad commentary that he was the leading Mexican historical figure in those two decades. No political figure or military figure would rise to override him until Benito Juarez did in the late 1850s. Initially he claimed great liberal ideals, but he once admitted that the people of Mexico were children who needed guidance for one hundred years before they could rule themselves (and thus he sounds like Gilbert Roland in CRISIS talking about the people he has helped lead against Jose Ferrer). The amazing thing about him was he managed to keep coming back. His policies were disasters. While we know about his attack on Texas (to put down a revolt there), he also tried to expand into Guatamala (and probably saw himself controlling much of Central America). He did win at the Alamo, but at great cost of lives. His massacre of Col. Fannin's men at Goliad was inexcusable (one might make a case for the destruction of the defenders of the Alamo who were fighting to the last, but Fannin had surrendered). Then came the disaster of San Jacinto, where his army was wiped out (he failed to take adequate precautions to watch for the American troops). He was captured, and humiliated, and forced to sign a surrender of Texas. Houston was kind to him: the troops wanted to string him up. Except for losing a leg in a battle against the French in 1838, he managed not to get wounded in most of his wars. He repudiated the forced surrender of Texas, but could not militarily undue it. Instead, he would lead Mexico into defeat in the war of 1846 - 48 against the Americans, leading to the Mexican Session. The U.S. was ""decent"" enough to pay Mexico $15,000,000 for the Southwest, but Mexico lost half of it's territory. He would be President for the last time in 1853, in time to give Franklin Pierce's horrendously bad administration it's one moment of glory - Santa Anna sold the border of Arizona and New Mexico (the ""Gadsden Purchase"") to the U.S. No other Mexican President (not even Porfirio Diaz) ever cost his country so much (Diaz did sell out to foreign business interests, but he built up Mexico's economic muscles doing so). He was exiled in 1855, and settled in Staten Island. There he managed to do his most creative work: he introduced chicle to the U.S., and it became chewing gum. Some achievement! Julia's Santa Anna is younger than the practiced cynic and schemer who became America's best land purchase agent. He is not going to stand for opposition and he jumps into furious tantrums at a moment's notice. Most of the time his chief aide, Col. Black (David Ogden Stiers, here a British born officer) holds his tongue - he does not wish to be in front of a firing squad as he could be. But Stiers is secretly less than enchanted by his boss. At the end, when alone with the newly widowed wives of the dead Alamo defenders, Stiers suggests that they tell the world what Santa Anna is really like. And they did!"
2,,"This film makes several nods to various science fiction films. The prologue reminds me of the one for the original theatrical version of THX-1138 (the trailer for BUCK ROGERS, here it was clips from some early Japanese SF TV show). Then the opening shot of the city in 2345 has the dragon blip flying overhead with a billboard, reminding one immediately of BLADERUNNER. The BLADERUNNER aspect comes even more pronounced when we meet the hero, who is called a Replicant (He is blond haired and is called Ryo, a homage to Roy Batty, Rutger Hauer's character in BLADERUNNER?). A battle scene soon ensues which reminds one immediately of THE MATRIX. The government forcing the population to take drugs is like THX-1138 and the chief enforcer, while looks like a cross between Elvis and Dan Ackroyd, turns out to be a robot, very much like the TERMINATOR. The end battle reminds one of TERMINATOR 2 and the end result is hilarious. Probably not one of the best SF films out there, but is enjoyable, certainly a lot more enjoyable than tripe like BATTLEFIELD EARTH."
2,,"It's really unfortunate that most people outside of Canada think that the only things that Canada produces are snow, mounties and hockey players. This film is the second superlative Canadian film I have seen within the past few weeks (the first was ""The Red Violin""), far better than all but the best Hollywood efforts. Gustad Noble is anything but that; he is a middle-aged Parsi bank employee in Bombay in the 1970s. This film sensitively explores various things that happen to him concerning his family, his friends and his work, and their effect on him. At the same time, it is a fascinating, and, I would assume, accurate, portrayal of middle-class, urban life in India at the time. However, I was somewhat prepared for this, having read Rohinton Mistry's book a few years ago. The film, as might be expected, cannot capture all the complexities of the book, but, if you want to read a really good book, and see a really good film, read and see ""Such a Long Journey""."
2,,"The One and only was a great film. I had just finished viewing it on EncoreW on DirecTV. I am an independent professional wrestler, and I thought this was a good portray of what life is like as a professional wrestler. Now this film was made 4 years before I was born, but I don't think the rigors of professional wrestling traveling has changed all that much. Sad, funny, and all around GREAT!!! **** 10+"
1,,"Any evening with Jonathan Ross now means to me his wit in first hassling and upsetting with carefully chosen words a 78 year old man by phone and then suggesting he and Russell Brand should house-break and masturbate him while he slept as a way to say sorry for making obscene phone calls to him. Kinky! And illegal. For a really big laugh maybe next time he should try it on someone he knows well, like his Boss? Or a follower of Abu Hamza? Would he be amused if someone did it to one of his daughters? Over all the years I've perhaps seen less than 30 minutes of BBC Star Man Ross's chat show because I find him so loathsome, some of the guests I saw were OK though - probably most of them who ever appeared were OK for all I know. As a chat show it seems pretty poor though  what's so chatty about asking Tory leader David Cameron on this TV programme whether he ever masturbated to photographs of Margaret Thatcher? He chatted up Gwyneth Paltrow by simply asking her if she wanted to f*** him. However, Ross's yob mentality was finally totally exposed with the above revelations, and I thought I'd take the opportunity to warn the few decent folk around the world who might not know just how vile this man is and to steer clear of him and his - unless you think all comedy should be ""edgy"" ie obscene/vacuous. We're not yet all the same here, although BBC and Channel 4 are jettisoning all standards. In October 2008 Ross with fellow tosser Russell Brand made a series of premeditated sexual obscene phone calls to Andrew Sachs' answer-phone (Manuel from Fawlty Towers), had it broadcast as intended on BBC national radio against Sachs' request and then tried to get Sachs' granddaughter to burn the evidence in case they got prosecuted. A significant number of people over here (probably most of them non BBC license fee payers) found it hilarious and/or that the national scandal had been overblown, but many people apparently still knew right from wrong and 42,851 eventually complained to BBC about the incident. Many unrighteous media fools and others snickered about these 42,851 never having heard the radio programme (and never wanting to) - using their argument they presumably also consider an event such as the Holocaust justified because at the time relatively few people complained to the media, and none of us here now should be horrified by it because we weren't there. The 2 BBC producers initially involved in passing it for broadcast thought it was ""very funny and brilliant"" comedy and only 2 people complained about Brand's radio programme at the time - which I'm afraid only indicated the moral level his 400,000 weekly listeners had sunk to with the help of BBC expertise. Highly moral BBC tried and failed to use it in mitigation in the later OFCOM investigation. Roll over Aristotle, tell Lord Reith the news! Sachs' agent complained to BBC but was ignored by them until a Tory national newspaper got hold of the story. The penalty for any ordinary pervert doing this would normally be sacking and prosecution, maybe even prison, but while Brand and the Head of BBC Radio 2 were both eventually ordered to resign the multi-millionaire Ross was given a 12 week holiday by BBC's Boss (I suppose that he asked Ross's permission first though if he could dock Ross's pay by £1,500,000, to prevent him from suing) to come back to this programme afresh in 2009 before his contract runs out. All that time to think of more smut and/or more insulting witlessness for his 4,000,000 viewers to admire - but at least he could still chortle his way to the bank as usual to keep his spirits up. Some people think that his position will be untenable and he won't be able to carry on. I think his skin is so thick because the stakes are so high that he will come back unbowed and re-energised with pent up vitriol. (Update 23.01.09: I've just watched the first 5 minutes of his new series - the ""most enormous cock-up"" - to use his referential phrase - is continuing to allow this sniggering unrepentant law-breaker to take the public's money like this.) But who knows: maybe in the future after the slimy British film & TV industries have comforted him for the moral stance taken by the 42,851 and showered him with awards he will become a Sir for his services to Perversion by the perverts in Government. At the least I hope this pair of edgy deviants sign up with other perverted commercial TV and radio stations and stay there, so I won't be paying for their flouting the law and spouting illegal obscenities in the future. In 2009 OFCOM fined British TV license-fee payers £150,000 for this ""sorry"" affair - Thanks Ross for offering to pay! Not. To the apologists: Get a life/sense of humour/sense of proportion! It's not the end of the world having a pair of talentless perverts as your heroes and there's far more important things to worry about in this world, like the price of real cheese! To sum up family man Dross: a comedy genius to apparently millions of people (especially himself), merely a nasty obscene phone caller receiving an obscene wage packet from an obscene multimedia company to others. So much for our society of Political Correctness and Respect! As you should've guessed, it doesn't apply to the rich and famous and never will, but only to the poor. To sum up BBC: Stumbling blindly on from Huttongate, Campbellgate, Dykegate, Springergate, Crowngate, Phonegate now Rossgate I hope its next crisis will be Abolitiongate. I also hope anyone who thinks comedy should be always challenging and pushing back boundaries ie offensive aren't challenged or offended by my opinion of this particular law-breaking pervert, his perverted programmes and his current perverted employers."
1,,"The English translation of the title on the DVD version of this film is ""Graveyard of Horrors,"" but I think that must be an error. It should have been called ""Graveyard of Horribles."" Horrible acting, horrible editing, horrible story, and horrible music all make this a horrible film best left in a horrible graveyard. Horrible."
1,,"I like Goldie Hawn and wanted another one of her films, so when I saw Protocol for $5.50 at Walmart I purchased it. Although mildly amusing, the film never really hits it a stride. Some scenes such as a party scene in a bar just goes on for too long and really has no purpose. Then, of course, there is the preachy scene at the end of the film which gives the whole film a bad taste as far as I'm concerned. I don't think this scene added to the movie at all. I don't like stupid comedies trying to teach me a lesson, written by some '60's burn out especially! In the end, although I'm glad to possess another Hawn movie, I'm not sure it was really worth the money I paid for it!"
2,,"Holes is a wonderful film to see. It has good messages in in, such as: be a good friend, never give up, etc. I highly recommend it to anyone. I still say the book is better than the movie, but the movie gives the book a run for its money. Also, Khleo Thomas plays Zero. That really adds to it!!!! Lol!!!"
2,,"This film is too good for words. Its so unbelievably great and funny and true to life. You just know from watching this that the person who wrote this has DEFIANTLY felt the way that Jip and his friends do through the film. It was my life at one point and I would rely on coming home to watch Human Traffic ever night before I could even think of going to bed. I think you just get so loved up with the characters and their life style. Of course, this film wouldn't be for old people more around the age of 16 to 22 I guess. There is defiantly nothing wrong with this film and it will have you in stitches all the way through. It doesn't have a particular story line to it. The general idea is a weekend in the life of older teens in London and what they get up to. The places they go, the people they meet, the drugs they take and the experiences they have. You have to get this movie on DVD never mind just watching it, you have to have it!!!"
1,,"This film is so much of a rip-off of the masterpeice ""demons"" and thats the only thing that makes the movie worth watching. The acting is terrible,the action scenes are speeded up,the script is almost painful and budget non existent. If you think this film is good then you havn't seen a real horror film, skip this and get a copy of the movie demons."
2,,"this movie may not have seemed like much to some people but it had everything i look for in a comedy. fall down funny moments accompanied by a moment or two of seriously moving scenes, great actors, and pretty much everything a good movie is supposed to be like. despite David spade playing his usual snobby character he made this role into an unusual performance which i don't think he had ever exceeded until he hit the screen with Joe dirt. regardless of whether or not some people were not Chris Farley fans i saw this film when it came out and my friends and i still talk about it... 11 years later. this movie was what finally told me that Chris Farley was the real deal. he is the best comedian i have seen in my life. in the words of some he could be clumsy, clever, funny, serious, crazy, sober, and moving or depressing at the same time. not the same words but the message is all that counts. one of the true great actors of our time, and one of the true great comedy's of all time. along with good acting, good story, hilarious moments, serious scenes that at times brought me to tears. this movie stands atop the hordes as a movie that marked the beginning of a brief reign at the top of the comedy world by the late great Chris Farley. no actor before or since has captured my interests in a movie since. because no actor before or since has put so much into his movies. this movie is worth the time, if you haven't taken the time to see it do so the next time you rent a movie."
2,,"First off, I hadn't seen ""The Blob"" since I was 7 or 8 and viewing it as an adult was an incredible experience. Pages could be written on its influence on horror films even today. And even more could be written on its social subtext with the 50s ""fear of teenagers"". But this simple little tale of interplanetary horror is still a damn fine scary movie if you let it be. Sure, it looks cheesy as all get out in our modern world. But ""The Blob"" packs in some genuinely frightening moments as a band of kids track the unstoppable creature when then adults don't believe them. In fact, there are even some pretty bleak moments in its candy-colored world. And Steve McQueen gives so much more than the story deserved on paper that we the viewers really get caught in the moment and believe in him. To sum up, if you can take off your postmodern irony filter, there's a lot more to love here than meets the eye."
1,,"Bashki should be congratulated for attempting to convert one of the great works of English fiction into a movie, and then slapped silly for this attempt. The animation was poor, the characters looked ridiculous, the music was overwhelmingly blaring, and the film was a ramshackle blitz through the first book and a half of Tolkien's masterpiece. I can still remember my sheer disappointment and loathing for the movie when I first saw it. Now I realize that any attempt to convert a book into a movie is bound to fail in many ways, simply because of the medium, but this movie, regardless of the source of the story, is just plain pathetic. Bashki is capable of much more."
