label,title,text
2,Blue Hawaii CD,Good music. Elvis is still the King. Brings back memories of when people used to sing and people used to listen.
2,This book got me started!,"I decided during my senior year in college that I wanted to start investing in real estate. After about a year of investigating and reading about real estate I still hadn't been able to purchase any properties.Finally I read this book by Peter and David and it actually had step-by-step instructions I could follow and that I felt were a good match with my un-bold personality.Two years and a half years later I have done 9 deals. I cashed out of one and one was a flip.If you're looking to get started in real estate, I give this book my highest recommendation.Emily"
2,They worked---but I wouldn't use for critical jobs,"They were good, definitely inexpensive. About half the bits, though, were moderately slanted inside the socket. One bit was very slanted, enough to impede smooth rotation. I don't mean that the bits were loose in the sockets. They were rigidly in place, just slanted. For most tasks of slow hand-tightening, though, it wasn't a problem."
1,"Movie files are ""Quick Time"" Don't Need it.....",Nice pictures. I don't have much to compare this too. The camera is complicated to master. A lot of settings. My big complaint is that the movies files the camera produces are only playable with QUICK TIME. I don't use quick time .... I don't want to use quick time. I use Media Player. You can not load these .mov files into Power Point. Bummer. It is crazy for a company these days to produce something like that. My opinion is that I would not buy another one.
2,A Truely Superb CD,"As soon as I got this CD I went home and listened to it, well, about 80 Billion Times. This is one out of many of my CD's that I am not getting board of and still listen to it everyday. It's the perfect CD for any day, anytime, rain or shine. There really is no reason you shouldn't get it!"
1,Don't buy!!!!!,"Bought the pink razor for the daughter's b-day, then after three months the keypad froze up. This phone is made in Europe, so you have to call your carrier to set up text messaging. AND.....it would not pick up Cingular's network around the US when we went on vacation. Pass on this phone and try a Nokia."
1,insipid even for new agers,"From the title and cover art, one would expect something new or challenging to discover. Instead, we get over 70 minutes of the most dull, boring, and weak music ever recorded. If you enjoy ""lite"" jazz or mindless music, you might find something to tolerate on this disc. All the music can be found easily enough from the artists original releases. There are no rare, unreleased or live tracks. I got my copy from the library so did not have to waste money for it. I suggest you do the same. It amazes me how large record companies bemoan that they are losing millions to pirating when in fact no one buys their junk, thus loosing millions to banality, not pirates. Don't waste you time or money on this, but if you do, you have been warned. don't agree with the review? look at how many are used and how cheap they are. that ought to tell ya something."
2,tae kwon do green belt to red belt,I having been in tae kwon do for about 2 yrs. am a beginner. I found that the step by step pictures and writtings were indispensible in learning my forms.
1,Ten Little Indians (1989),Copared to the other versions of this movie this one stinks. It looks low budget and unravles to slow ant some parts and to fast at others. The best books Can be ruined.
2,Love,I am so glad I found this on dvd it brought back some childhood memories thank you so much!!! Love it!!
1,who do I see to get those 2 days of my life back?,"This book was a waste of time, at best. The main character was an obnoxious, whiny, pithy character who you kind of will to fail throughout the whole book. I'm an overweight girl myself, and I would rather change kitty litter than lie to someone online about what I look like. And most overweight women get lots of attention from men who like overweight women. I do feel judged by society and ostracized at times, but I've never been lonely...unless by choice. Don't read this book. Get some Douglas Adams."
2,Stop Looking. This is your vacuum,I bought an expensive Dyson. It was loud but worked well...for about ten hours total. I paid twice as much as this one. This one works great. It's light so it's easy for my wife to use. It has great suction. We have a golden retriever so lots of dog fur hits the rug. This gets it out. The stair attachment works great. The engineering behind it is well thought out. The accessories are easy to get to. It's easy to empty. Forget Dyson. I've spoken to several people since mine died and they had the same issue.
2,Great Total Workout!,This was my first Denise Austin video and I love it. I can only make it to the gym once a week and this keeps me going on the other days. It is not boring and before you know it you've completed 45 minutes of a fun yet challenging workout. I have been doing it about 4 times a week for a month and already notice a big difference. Can't wait to try her other videos.
1,MY BLEEDING EARS,"Yoko....OH NO. Listening to these songs makes me want to punch someone, [guess who]. Makes Shatner and Kathie Lee sound like freekin' angels. - is too high a rating. Should be AAAAAhhhhh. My hummingbirds won't even hum along."
1,oop's not again,"THIS movie was so bad i sold my dvd for 2 bucks, and i told the buyer to burn it. It like watching a monster movie back in the 1960's. sucks big time"
2,This Bed is a Best Buy,"This bed stands head and shoulders above another rollaway bed I purchased from Amazon. Instead of a noisy, sagging wire mesh, it has hard-wood slats for solid mattress support. Instead of an innerspring mattress in which the springs break through and poke you in the side, it has a comfortable 5"" foam mattress. In my opinion, this is a low-cost bed that can't beat. I give it two thumbs up!"
1,Don't purchase,"These DVD series mean well and try to even make the topics that they teach interesting, however, be forwarned, their style is to interject a lot of tangentially related jokes. Not only are these jokes not funny...they detract from the material that they are trying to teach in the first place. There is a lot of empirical evidence that show that students that learn with material loaded with a lot of seemingly related, humorous details...remember only those details and not the details of what they are suppose to learn."
1,don't watch the birdie,I have taken pictures with this camera several times. Each time I attempt to download them I am told that there are no pictures in the camera. This camera was a waste of money.
2,Nice tripod for the price,"For $30, this tripod does a great job. Spend another $100 and you can get one with more metal parts. I just use this tripod at family events and short travels. Can't really take it on outdoor hikes because of its size and weight. I shoot photos and videos with it and have had no problems with it. Overall, it's a simple, adaptable and inexpensive tripod to own."
2,Nice collection but............,"This is a nice collection of some very interesting stuff, but I'm not sure it's really a very useful one. Several quotes are in several categories, so you end up reading the same quote several times. Also, a bit more background on the quotes or the category would have helped this book go a lot further."
1,NEVER GET WHAT I ORDER,every time I pick a sand bag for my grandson they never send what I pick.I liked the one there showing so I picked it and they sent me an ugly brown one.They did that on the order before but I thought it was a fluke so I ordered again and the same darn thing happened.
2,Love it!!,"I asked a lot of friends their opinions about this product and the only other product I was told about was from Polar which had almost all the same features but was geared more towards bikers and a WHOLE lot more expensive. The Garmin fit my needs as a runner and was in my price range. I love the GPS and the fact that it syncs with my mapmyrun.com account which I have been using for a bit now too. LOVE IT, LOVE IT, LOVE IT."
1,Duro-Med 18 Convoluted Foam ring cushion,"Well it is a foam rubber (egg-crate style)foam ring,but as for actual use it provides no support at all!!Do not waste your money!!!!!!!!!!!!"
2,Rock and Roll bonanza,"Well, when I originally recieved this gift over 4 years ago as a Christmas gift. I set it aside, still in its shrink wrap, until later last year. I listened to the first Weezer CD, and liked it. When I unwrapped Pinkerton, I was sonically blown away. I never put the cd down, and in fact, I wore out the ball bearings on my former CD player from playing the cd so much. after going through two copies of this CD. I can thoroughly recommend this CD to anyone who is a fan of rock music. From the lovelorn lyrics to the hard rock background...you'll fall in love. Anyone who's a fan of hard rock to soft songs, will love this CD. Getchoo later"
2,MAGICAL!!!!!,This is more than I could have ever hoped for. This set is truly a gift for all springsteen fans.
1,False Advertising,"Do not but this Kindle edition. There is no TOC. It is a lie. I tried it on both the cloud reader and my Kindle 2. This is the fifth book I have purchased from Amazon that advertises a table of contents, but when I downloaded it there was none. Personally I do not think they should offer ANY e-book for the Kindle without a table of contents. Without that they are utterly useless."
1,Punch vs 3d home architect 4.0,"Punch is a limited program that is not very intuitive. The walls dont self sguare for a room, door choices are few, closet doors are limited, and measuring is difficult. I went to 3d Home, faster more intuitive, easier to use. Punch was a waste."
1,horrible,"It never warms water to appropriate temperature. The water was actually coming out almost cold. I drank cowboy coffee from expensive machine! Maybe it works well with pods, but not with ground coffee. I watched video to see if I missed something. Nope. It is just bad product. It also takes forever to just warm up in comparison with my old simple Krups cappucino maker.Do not buy."
1,Don't Waste Your Time!,"I found this book to be of absolutely no value to me. It's chapters and phrases offer nothing new to the writer, wannabe writer or reader of Romance. If you're seeking to write a Romance, you should be able to come up with descriptive phrases without having to stop your writing and look up a phrase in the book. Additionally, if you have ever read a romance novel, as you should have if you're considering writing one, you don't need this book - just check out your old stack of paperbacks."
1,Shockumentary: Extreme Collection,"I was very dissatisfied with this purchase because after I received the product, I found out that it was in a different language and I couldn't understand anything on the cd's."
2,"Comfy shoes, but extremely big!","I love these mocs. They're so comfy, almost like wearing slippers. The only thing you need to be aware of is sizing. I am usually a size 9 and ordered a half size down 8.5 after reading reviews. The 8.5 was still way to big. I advise to go with 1 whole size down."
2,Bright Star,"""Bright Star, would I were steadfast as thou are""...A portrait of John Keats and his first love, Fracine (Fanny) Brawne.The setting was beautiful, the story line straight foward; it matched the story of Keats beautifully.Be prepared for love, faith, politics, and saddness.I realize the movie is called Bright Star and that it covers Keats love for Fanny Brawne, but I would have loved to see it continue and touch on Isabella Jones, the woman he met and fell in love with during his final months in Italy.This was a wondeful movie."
2,"Best of the XP series, but still wordy",The books in the series have a lot of whitespace and are chatty andrehashes of each other and this cuts down on the amount of information they impart. Contrast that with Steve McConnells books.This is the best book of the series with some great ideas. They addressed many of the software engineering concerns I had.
2,Beyonce video DVD,The package arrived within the time frame that was given and was in good condition.
2,Quite impressive,"I was using bose earbuds untill i got these,i must say they are equally good if not better. The price on amazon was much better than on the sony website so they turned out to be a great buy for me..No problems with them so far ,have had them for some months now.Only problems is the battery usage,but thats the case with most noise cancelling Headphones.Good buy"
2,"Forget Pictures, This Book Rocks","Simply awesome. That best describes this literary tome. If you buy books for solid content, this is the greatest book available on the television show ""Cheers"". If you buy books for pictures, buy this book and read it while watching ""Cheers"". From cover-to-cover, you will be amazed at how craftily this book is written and how comprehensively it is researched. If you love ""Cheers"" you will love this book."
2,Solgar Niacin 250 mg,I really like this product because it is made without synthetic fillers or magnesium sterate (vegetable source) and still provides a wonderfu niacin flush!
2,Eeboo Alphabet cards,"Eeboo cards arrived on time in perfect condition. They make a unique gift for a baby shower, and a beautiful addition to a baby's room that can later become an educational toy. The illustrations on the Animal Parade set are simply exquisite. Thank You!"
1,This book reveals Rushdoony as a dangerous psychotic,He is in the same moral space as Osama bin Laden--religious fundamentalism justifying any sin. If you are looking for a primer on hypocrisy buy this book.
1,Beautiful product. Terrible company.,"Should have known when I opened the box and the first thing I saw was an inventory list to order missing parts that I was in trouble. Sure enough I had duplicates of two parts with two others missing. I sent in the inventory list asking for replacement parts and they were processed and shipped quickly but one of the parts (the most important one) was still wrong. Out of frustration I built the wine rack without the back panel since Winsome is incapable of sending a correct ""middle"" shelf with the proper notches to install back panel. Piss poor job of getting me the product I expected."
1,Returned,"Express card version works great, PCMCIA version not so much. I decided a regular bluetooth mouse with its own pouch was much more useful.Oddly enough, the shape of the express card version looks a little goofy but fits the hand much better than this one. If you have the option, get the express card (Its cheaper anyways)."
2,Excellent!!!,Exquisite in the portrayal of some of the Christmas music I grew up with. You will not often get the chance to hear something like this.
1,saved data gets corrupted,"I was overseas working on a job that requires collecting data and saving/working on excel, power point, and word files (MS Office). It came in very handy until my data started getting corrupted. some of Excel and Words files were totally lost, all I could see was yyyyyyyy..... basically lost 2 days worth of work. I think some section of memory might have gone bad. I heard from couple of people that sandisk flash memory is slow and not reliable, but I bought it anyways. my mistake and won't be purchasing sandisk anymore."
2,Salvatore at his best,"Salvatore has done it again in the third book of the Icewind Dale Trilogy. Entreri, intrigued by Drizzt and wanting to prove that his moral code is the better, that by losing his goodness and bringing his body under absolute control, by honing his muscles to their finest fighting edge to the exclusion of all else, he has become a pure fighter, undefeatable. So he takes Regis and draws Drizzt into a fight he cannot avoid. I think, the most compelling thing about Salvatore's books is his beginning of section musings, a probe into the honorable and wise mind of Drizzt Do'Urden. And in his writing it is apparent that he sees these characters as more than just words on a page, he has done a masterful job of making us see the same thing. For breathing life into a book I will never tire of reading, I thank you, R.A. Salvatore. Nathan Jones"
2,Katz is King,"Mr. Bryson, is Steven Katz a real person? If not, you have created the perfect foil. But Katz, if you are real, forget building houses in Des Moines, WRITE SOMETHING! Or do comedy. I have NEVER laughed so hard at a book! At one point my husband thought I was choking, I was laughing so hard."
2,Bought it as a gift,The recipient seemed to be really happy I got it for him. So I was pleased with the product.
2,Not a Bad Movie at All!,"I thought this was a fun movie to watch. It was cool how they filmed at Planet Hollywood, Red Rock Resort and Hard Rock Casinos. Makes me want to go out to Vegas to try my luck!!!I have read the book Bringing Down the House and the movie doesn't follow the story exactly but what movie does? Just wondering why they didn't call the movie Bringing Down the House instead. This is a much better title than the bland 21.I agree with a previous poster that Kate Bosworth's hair was not very attractive in the film. I guess they are trying to say MIT girls aren't as pretty compared to schools like UCLA or Florida."
1,THIS ALBUM HAS NO AFFILIATION WITH HUMSTING RECORDS,THIS ALBUM HAS NO ABSOLUTELY AFFILIATION WITH HUMSTING RECORDS!!!
1,Poor Quaility (9/26/06 Update: Excellent Quaility!!!!),"If this release is any thing like the set in the Ultimate colection, save your money. Only a few of the episodes looked to be remastered and cleaned. The others were dirty and would loose focus at tmes. One episode kept going in and out of focus all through the episode. Don't buy the set unless Fox releases a better quaility remastered set.***UPDATE***Hey All, These ARE NOT the same release as in the Ultimate set. These have been remastered and cleaned. The quaility on this release of the cartoon series is the best I have ever seen. I rate this set 5 large stars!!!"
2,A must buy!!,"Bon Jovi's new cd ""Have A Nice Day"" is a premiere cd for the New Jersey rockers.All the songs fit together on the cd and help it to flow along. When you put it in and start with the lead single ""Have A Nice Day"" before you know it, you're at the 13th song of ""Who Says You Can't Go Home"", the duet with Jennifer Nettles of Sugarland. When that happens, you'll push play again.Bon Jovi do not disappoint their fans with this latest cd. The songs are all upbeat and not a ballad to slow down the pace. A nice change.Songs that standout are: Complicated, Last Man Standing & Welcome to Where Ever You Are.Of course, all fans are different....so those songs will vary.To the Bon Jovi fans or the non-Bon Jovi fans on the fence about this cd...BUY IT. It will not disappoint and you will find yourself listening to it more than once."
1,Don't waste your money!!!!!,"I have tried 3 types of pumps: electric, batery, and manuel. I thought I could save a little money and go with the cheeper pupms, but obviously I could have saved my self the time and money and gone with 2 of the Isis manual pumps and been much happier than I was with this. This pump looses its suction and will give you a cramp trying to even get an ounce. Three months of pumping with the Isis got me spoiled and I will never reccomend anything but Isis from now on!"
2,Nostalgic fourwheeling,I bought this book while on vacation in Colorado. Other reviewers suggest that it is out of date and certainly there are more explicit trail guides to this State but it's a great piece of nostalgia. I love the pictures of flatfender CJs when they were almost new and ghost towns before the weather took away many of the buildings. It sits alongside other vintage Jeep books in my house.
1,Hides behind humor,"For all of you who think his facts are undeniable, you seem to ignore the pages of claims he makes, but doesn't feel the need to document them bacause after all it's just humor. For example when he says that Coulter would phrase something this way. He says what he wants to say but doesn't document it in the guise of humor. For someone who is all over Coulter's endnotes, he sure seems to have his fair share, and a lot harder to match up with the statement he is documenting than are Coulter's."
2,Unbelieveable!,"This is the best CD I have ever heard from start to finish!!! And I'm usually very picky...it's kinda got a mix between Black Sabbath of old days with a little Kansas influence thrown in (some of my favorites from years gone by). Now blend that with a fresh reggae style and they have truly made the music all their own! Actually it's hard to compare them to anything else, cause it's really - VERY AMAZING MUSIC - a spiritual experience!!! Check out ""Escape"" on the bonus DVD...It's pure energy and fast guitar work in one great song! Enjoy the ride..."
2,Amazing Ballad - You Can Have Me Anytime,"This one ballad - You Can Have Me Anytime - is so beautiful, its indescribable.Isn't it time you KNEW!"
2,"Very Strong Magnets, Very Brittle Exterior","These magnets are incredibly strong. I've placed all four of them in a row & used them as a stud finder -- they are drawn to nails in drywall like fleas to a dog.If you allow these magnets to slam together, you may end up with surface cracks and/or chips on some of them."
2,Awesome coffee maker,"After reading a ton of the reviews and missing REAL European coffee, I bought the Bialetti Moka Express. This little guy makes rich, full-flavored coffee in about 7 minutes. Items to note - make sure you are using FINE ground coffee and don't over-pack; on an electric stove keep the temp at 4-5 medium; make a few cups to throw out first before drinking to season the pot."
2,How do I do that?,"A schoolfriend who recently tracked me down after 30 years sent me this book. He obviously knows me better than I thought. If, like me, you have always wondered how things work, how to fix things, how to reproduce finishes etc., and have a moderately well-equipped garage or workshop, then this is the book for you! Some of you may recall the excellent style of 'Curly' or 'LBSC' who wrote for Model Engineer decades ago; Guy Lautard is from the same mould, and can teach anyone how to use tools and make things which will impress their friends. I look forward to reading the next one."
1,Broke it.,"I guess it would be the tongue of tongue and groove that broke off. Used it 3 or 4 times. I was pulling on it with all my might but was still surprised that I could break it like that. The tongue where it attaches to the body was surprisingly thin I thought. If you need a heavy duty plier as would most people who would buy something this big, I would go for a better brand like channel lock."
1,Pass this one by!!!,"This LSAT Prep book is boring!!! If you want a general overview of the LSAT and a brief overview of some techniques, then maybe this would help you a little bit. The strategies they recommend are too time-consuming for me. Beware, this book didn't help me that much, if any, and the strategies are a little weird. I'd recommend buying PrepTests from LSAC and practicing with real tests rather than the ones provided here. There are plenty of better prep books than this one."
1,Disapointing,"Just a bit too big for a standard stove. Didn't like the coating on the pan, couldn't use metal tools and was sensative too much heat. So I returned it."
2,An exceptional writer's close-up observations of ranch life,"I discovered this book while working as a tour guide in Wyoming, and found that it captured the spirit of the place beautifully. Ehrlich is an outsider-turned-insider, which I learned from her writing and from accounts of Wyoming natives who knew her and indeed respect her. Her accounts take you to shepherding and into a Native American sun dance ritual; fascinating stuff and there's much more. Her prose is highly poetic. My wife and I have recommended this book to many people over the years, and each person has thanked us profusely for the advice. That includes a New York native who moved to Montana, and he, too feels that this book captures the heart of the region."
2,GREAT!,"It's a great toaster! Unlike most of the ones we owned in the past, this does NOT make a mess (crumbles everywhere!) We like the design and functionality of it!"
2,Works great,"The drive was recognized immediately by all of the computers that I use. The transfer rate is very fast and I have heard nothing from the drive when it is operating. There was an earlier complaint about it being noisy, but my drive is very quite.Features that I wish it had ---1 - It has to be manually shut off when turning off the computer.2 - There is no backup software provided.Outside of these issues, it works perfect."
2,A rare and good book,Priceless!! Gives firsthand insight into the wireless era and the high tech of the day!
1,Ineffective,"The smell and gentleness were great, but the product did not seem to help banish blemishes. I used it for at least a couple weeks, and my breakouts somehow became worse. I'm not sure if the product had something to do with that or if it just failed to help at all. I had high hopes for this since I'm a proponent of natural ingredients and it cost so much, but it really seemed to fail at its task. Also, I wish it would list the percentage of tea tree oil, because products supposedly need 5% to be effective against acne."
1,lost air,I put some blankets in one of the jumbo bags and within HOURS some of the air was back into the bag. The plastic material these are made out of is much too thin.Really disappointed - love the idea and wish I could find a brand that actually does what it promises
2,the best cd in a long time,"i've been lene marlin's fane since her first album, and i was really looking forward to her second album. it was a long wait but it was worth it!! after listening to it, i think that it is the best album i heard in a very long time it is even better than her first (which was also amazing) her lyrics are so beautifull and soft she has a way of reaching out and bring you in to her world. lene writes all the music herself.i recomend this album to anyone who loves beautifull lyrics with great soft melodies to match!"
2,I love this product!!!,I have been using this product for about 10 years and I love it. I have tried a few other water conditioners but my tanks always just seam to be healthier when I use this product. I highly recommend it :-)
1,Great CD for 1 song,"I reached in to my cd case to play Abacab for the first time in many years and realized I don't have the CD... and my cassette is long gone. So in reviewing the track listing, I remember that there is only one song on the CD and that is the title track Abacab. Incredible song with long instrumental stretches.However, the remainder of this disc compels me to look for a used copy somewhere. Who Dunnit? Yuck. Phil Collins is tolerable as a solo artist, but he pretty much dominates this band by this time. His so called ""r&b"" infusion in to Genesis has no place. Leave the horn section to some light jazz band. Notice Collins has some irritating song on every one of his solo recordings?Find a used copy if you want this cd, too many weak songs."
1,Apple Support only good in continental US,"After buyng the Apple Support Plan for Apple TV, I went to register it and apple does not offer the sevice outside of continental US. Other websites alert you before you buy it so you know before spending the money. I am trying to solve the issue with Apple, if I am not satisfied, I will request a refund."
1,Awful & Cheap movie!,"How far these once fine actors have fallen to have ""starred"" in this bombshell!This has to be the cheapest made movie i have ever watched! The story line sucked,it didn't wrap up what story there even was. It was just awful! The ""special effects""and i use the term loosely, were pitiful. Don't waste your time or money on this one."
1,looks better on the website.,"I bought a faux fur tree skirt last year from them, and I really liked it. This one looks a little cheap. The background looks more white on the photo but in reality it is kind of a dirty cream. I wish I hadn't bought it. It is definitely not plush. This seller has the worst customer service I have ever seen."
1,Don't bother,"I've read every word (and loved them all) that Amy Tan has written - up to ""Saving Fish"". I tried and tried, but just couldn't come to care about any of the myriad of characters that were introduced in just the first 2 cassettes (when I gave up). Further, the unabridged book on tape is read by the author, who should leave the task to a more talented actress.Hopefully, she will work with a different editor on her next effort. My advice is: wait."
1,Black Hawk Failure,I am going to be to the point. DO NOT BUY THIS DVD. WHY?1) No features2) Full Metal Jacket beats this movie3) Acting so-so4) Story okay but not good enough for you to spend full price.5) It is too long and never gets to the point.6) No minorities at least not enough and they were in a Africa(HELLO)7) Leave no man behind? They left and made them run- patriotic enough for you.If you are into war then buy it- but at least buy it for less. Go somewhere else and buy it full 50% off or something. DO NOT WASTE YOUR TIME.If you aren't into war movies- simply pass by.If you are into war movies so-so buy something else.Simple enough for you?
1,Buy a different coffee maker,"I purchased this coffee maker about 6 months ago, and have had nothing but problems with it. The water filter caused the water to only drip in one spot of the filter basket, so only part of the coffee grounds were used. This problem was fixed by removing the water filter. Everything else seemed okay for awhile... Then the pause to pour failed to work. ""Okay, I'll just wait until the pot is finished brewing."" Two days ago, it just went berserk by over filling the filter area while brewing and overflowing. That's it! I purchased a new coffee maker. This is the 2nd Mr. Coffee that I have purchased in the past year. I refuse to purchase this brand in the future."
1,Delonghi Dehumidifiers are useless,"I too made the mistake of thinking that Delonghi was capable of making such a simple device that will work.I ran it for almost a week before giving up and returning it. In ideal conditions for dehumidifying, 71 degrees F and 75% humidity, this dehumidifier collected NOTHING. Not one drop. I checked everything they say to check. Nothing was set wrong and I tried various settings. It just plain doesn't work ... brand new out of the box."
1,Went back to epilator,"I tried this waxing product three times. It left the skin on my arms red and irritated, with each hair follicle evident. Professional waxing at a salon is incredibly better."
2,A BRILLIANTLY WRITTEN CLASSIC,"From the poetic opening to the climatic ending, Don Delillo doesn't fail to deliver what is promised; a dark piece of history on paper.Character's are expertly crafted and there is rarely the sentence lacking in ingenius observances and irony. Dialogue is extremely provocative and difficult events are pictured with masterful eloquence. The plot itself is very well-crafted if not neccessarily executed to the fullest. The ever-present cynicism is also very welcome and blesses the novel with a unique feel.If there is a flaw with the book, it must be said that there is a lack of consistent progression. You ca devour a hundred or more pages without having a sense of a developing plot. This factor is why I haven't recommended this book any higher. I still believe White Noise is has yet to be toppled over its lofty perch.However, despite this shortcoming, this book is testimony to Delillo's position in comtemporary literature: a master for lesser's to see."
1,"Too many pieces, too much hassle.","The only good thing about this sipper cup is the plastic cover. There are seven pieces in all. That means seven pieces to wash, seven pieces to sterilize, seven pieces to dry, and seven pieces to assemble. What a hassle, it's not worth the effort. (...)"
2,Notes on ICU Nursing: FAQ Files from the MICU: Second Edition,"This book has pertinent information in a easy to read format. The added humor in various sections creates a ""fun break"". As a nurse of 20 years, I found new information, and decided to purchase a book for a ""New"" nurse in the unit. I have gotten very good feedback from other nurses on this book. I find the unit can get very busy at times, and finding time to answer some questions can be difficult, this book is organized in a conversation Q&A format. It also has added pictures from the original book. You will not regret purchasing this book."
1,Not what i thought i ordered.,"I thought i was Ordering A new CD, But what I received was A scratched up old vinyl record . I haven't got around to sending it back yet, But I will. Thankyou Karen Thomas"
1,What a letdown,"Don't get me wrong, I love the Matrix and the whole idea behind it. 1 and 2 were great movies, full of action and awesome special effects. Revolutions however was a horrible way to end such a legendary story. It was cluttered with scenery instead of cool special effects and fight scenes, and if felt very dragging. I was expecting to see Neo finish the whole thing and he didn't do anything monumental (I won't ruin the end for those who haven't seen it) I also got this feeling of a religious metaphor with the savior and sacrifice and peace and all....not my style, thanks. I actually booed at the end. Better than most movies, yes, but come on, this is the MATRIX! It was a disgrace. I won't buy the DVD."
2,Inspirational Masterpiece,"The collaborators of this CD have done a masterful job of blending famous artists, news reports, comments, and speeches of the participants of this historic event. I have continued to listen to this CD long after its initial release in 2001. I think it should be re-released on each anniversary of 9-11. It is one of the most inspirational albums I have ever heard. It comes highly recommended."
1,Okay For The Most Part,"The actress who plays Jane is quite good, and is certainly PLAIN. The story is interesting or not, as you please. I can't quibble too strongly with this adaptation, except in one major detail.William Hurt's performance as Rochester is one of the weirdest, and worst, ever put on film. He plays the role as if Rochester was afflicted with narcolepsy, and is having an especially hard time staying awake. Hurt's characteristic mumbling and bizarre attempt at an English accent don't help matters much. I don't see what on earth possesses even that poor governess Jane Eyre to find him even at all attractive. Weren't there any hunky stableboys she could be dallying with?There's a far more effective version starring George C. Scott, who is similarly untraditional in his outlook on Rochester but manages through sheer intelligence and acting ability to make it work. Seek out that version for an entertaining and moving version of this story."
1,Too bad it can't be rated 0 stars,"Typical Disney software - it should take a developer an afternoon to put this together. Disney should be ashamed for charging money for such a weak, boring, uninspired product. There's better free games for my kids.Buy this and your kids will be bored with it in 30 minutes and you'll feel stupid for giving Disney your money."
2,It really does improve the way things work!,I have a middle price range audio system and a friend told me that I should include a power conditioner as part of the system because I have rather dirty power coming out of my sockets and it caused a slightly audible hum. I couldn't afford to spend the $3... for a real conditioner so I bought this thing hoping that it would do something in terms of quieting down the electricity. I was stunned that I couldn't hear anything but my stereo after that. Good deal.
2,Good Choice,"When Sandy blew away my old outdoor thermometer, I started looking for another. This fills the bill, is pretty accurate and the price is right in case of another storm."
2,Never Gone?thank God for that!,"Not quite what I was expecting but after more than a few listens(it hasn't been out of my cd player in over a week now) I have come to the conclusion that it's just about the best cd they've released-totally unbiased as you can see!I particularly like ""Poster Girl"",in fact the only one that is yet to grow on me is ""Weird World"".It's been so long in the coming that I thought I might have been disappointed -I'm so glad that I wasn't!In my mind well worth the 10 that I paid for it.One question though boys-when can we see you touring in the UK?"
2,The best game of UFC Series!,This is the best game of UFC!!! If you wanna a big fun game that's simply perfect! I recommended!
2,Perfect devise for me.,If you don't care to watch videos but want to listen to music on the go this product is perfect for you.
1,I Have to Agree with Sour...,"I just finished the book, and while the spirit of the thing is terrific, I was a little disappointed with the typos and misstated facts - there are also a lot of lyric errors and one page that seems to end with the middle of a sentence and doesn't connect with the next page.The author is obviously a big fan but some of his articles sound a bit too much like research papers for college.I hope a future edition (if there is one) will correct this stuff."
1,Redux Review: Buy The CD's,"Years ago, I wrote a bad review of this DVD. Since that time, I have SEVERELY altered my position on David Cross as a whole. What initially threw me about this DVD was that I bought it under the guise that it was a proper stand-up special when this is actually more of a ""behind-the-scenes"" sort of documentary-style video. While I still maintain that the DVD was a huge disappointment, consider me ""on board"" as far as David Cross' stand-up comedy is concerned. I just wish the DVD had been what I expected. Oh well....."
2,Nothing is wrong.,It arrived on time and nothing is wrong. No problem to use it for my blower.It arrived on time and nothing is wrong. No problem to use it for my blower.
2,Good Information,"This book gives very practical, in your real world advice. I saw where I was missing it, and made corrections in my own behavior. Then I was able to see more clearly how to change my child's behavior. Their behavior feeds off of yours."
1,There are better cases out there...,"This is an ok product. I'll break it down into pros & cons:PROS: It covers nearly everything on the iPod.CONS: The stitching on the interior scratches the iPod. It's also very hard to connect anything to it while it's in the case, so you have to take it out to connect it to anything. The belt clip is bulky, and the arm strap is cumbersome.Basically, this is a good case, if you plan on just leaving the iPod in there. Otherwise, I would go with one of those cool silicon cases.In the end, I ended up taking this case back."
2,Fire my high school math teachers,"All throughout high school I struggled with math. I always thought that it must simply be a subject I wasn't meant to understand. Twelve years later I've decided to begin college. I bought this DVD in hopes of doing well on the placement exam. I couldn't be more happy with Jason Gibson's Fractions Through Algebra. His delivery of the material is factual and straightfoward. He is easy to follow and always builds on the previous lessons, moving at a comfortable pace to more advanced material. I had no idea algebra could be so simple. I have learned more in one week with this DVD than I did in thee high school math classes.The DVD seems to be VHS quality, but for the knowledge it contains I will gladly accept a less than crisp recording."
2,The best introductory book on statistical physics (especially for biology),"This book is a triumph of technical writing. Ken Dill possesses an extraordinary ability to distill complex technical concepts down to the cogent bits necessary to understand the physics of the situation. The maxim, ""make it as simple as possible, but not simpler"" definitely applies here. The only major challenge with this book is that a reader may come away with a notion of inflated comprehension. This is not a fault...just a byproduct of the big contrast between the clarity of the Dill (and Bromberg) text and the other, technically obfuscated, textbooks and articles in the field.Easily the best (introductory) textbook on statistical physics that I have encountered, and the only one that I can heartily recommend to a student or non-specialist."
2,A hilarious look at a sad childhood,"There is no question that the childhood of Stan Evans and his twin brother was by today's standards completely dysfunctional and often abusive. Life with a certifiable mother can never be easy, but the author manages to find humor in even the most heartbreaking situations. Told with mattter of fact candor and plenty of laughs this is one memoir on the dysfunctional childhood that looks for no pity."
1,enhance what?,"this product did not do anything at all. i tried it about six times and did not feel any ""enhancement"" at all. it is basically crap. maybe they need to do some more work on that formula!!!"
2,Park Link Plyers,A must have tool. No more fighting to remove an old master link and no more pinched fingers! A simple device that just simply works!
1,DEFECTIVE FROM MANUFACTUER,"My brother-in-law bought this product from Fry's Electronics where he was charged 5-times the price I found at Amazon.com, but at least HIS HEADPHONES WORKED. My wife was quite impressed with them and wanted to buy the same model for my birthday.When we found that they were being closed out at a price less than $27, we ordered right away, without even checking these reviews. The headphones would NOT TURN ON, even after charging the battery for 72-hours. It was totally defective. One reviewer, who has had the ""100"" model for ten years wondered why JVC quality has diminished. I can tell them that it is because this ""Japanese"" product is now being manufactured in China, and there IS NO QUALITY CONTROL done any more...just solder it together and hope it works!"
2,Great shoes,My grandson loves these shoes. They keep his feet warm and are easy to put on a moving infant! They look cute as well. Durable. Good value for the money.
1,"Movie, Maybe; Book, Not","Where did the author ever get the idea that his movie could be successfully translated into a book of still shots? This book fails on every level except one:Its one success is that it is a completely innocent book --truely candid. But only one photo in it, a picture of an Afro-American girl smiling at the cameraman, is worthy of the book's high aspirations. Some other shots, which would have succeeded otherwise, are just too diminished by the blurriness that characterizes the entire book. Compositionally, most of the photos are no better than throw-away snapshots. They certainly aren't doing their subjects justice. Kash, as a beachcomber, is a fraud. He hasn't spent enough time at the beach, or else he got his brains baked as a kid and is too fried to take the time it takes in the sun to amass a portifolio of good still shots."
2,Great Value,The 10ft Hi-Resolution monitor cable (Male to Male) provided by Philmore is an excellent value and works well with my desktop PC and plasma TV. I don't know what more a reasonable person could ask of a generic VGA cable. Price and 2-day Prime shipping are unbeatable in my opinion.
2,Compassion and Understanding at it's finest,"As a Certified Hospice Nurse and Hospice Administrator I have access to many tools to help both staff and loved ones through the grief journey. Where Souls Meet is both compelling and insightful. From introduction to appendix this book provides each reader with guidance and support through the most difficult time most of us will experience - the loss of a loved one. As we anticipate death, like life, we are faced with many challenges and obstacles. This book offers both inspiration and suggestions to help ease the fear. Dillon writes and shares with a level of emotion and realism that will help both caregivers and professionals alike. Share this book with a friend!"
1,Not My Kind of Book,"This is our current Book Club book from my church. I was disapointed in this book. It was just not interesting, it was confusing to me switching back and forth between the two main characters. I found myself skimming through the book just in order to finish it before our Book Club meeting. Several of our other members really liked the book. I guess it just wasn't my kind of book. It did enlighten me to the types of prejudices in South Africa between the white classes and even the black classes. Amazing! I wouldn't want to live there, that's for sure."
1,Awful: But Expected,"The original Robotech was Japanese anime with an adjusted American storyline; Robotech: The Shadow Chronicles is all American and it's just plain awful. The characters are shallow, the storytelling is cookie-cutter, and the ending is well... not even an ending.Like with Robotech: The Sentinels, Harmony Gold has once again mutilated the original artwork. It doesn't look like Japanese anime; it looks more like Korean or imported anime at best. The CG is awful as well. The spaceships look like they were textured with brick textures, and the lighting and effects are very poor and amateurish.I certainly hope Harmony Gold just allows Robotech to live on in it's original form -- the form most of us in our 30's remember it as. In trying to gain new, younger fans, Harmony Gold continues to ruin a classic series."
1,I cant believe this game is real,unreal 2 the awakening has a lot of problems the graphics suck the weapons are very ordinary the mission objectives are at times nearly impossible to complete and the thing that puts it over the top is its poorly written plot line the cut scenes are boring and you have to sit through them avoid this game and get halo or halo 2
1,Poor Material in the Anti Chop Bolt,"Less then 100 shots into the Marker, and the Slide on the Anti Chob Bolt Snapped off. This is the same that I have seen in the reviews from other websites. Unfortionatly I did not read that before purchase. I did not purchase through this website or seller, but wanted to warn people about the quality of this gun."
2,Brilliant,"A story about maturing of a childhood friendship amongst three men - so brilliantly done it's so relate-able it wouldn't matter men, women, girls, boys no matter what age, the friendship story triumphs with a dream adventure that seals it even more, and what could one ask for with it being done in one of the most beautiful countries of the world. Makes you want to go there, do all the fun stuff, and with your best friends too...."
2,Some of the truth about the long walk.,"When I read this book I thought that the book was interesting and at the sametime a little sad. I thought it was sad because my ancestors were the one that had to suffer the hard times through the Long walk. The Soldiers were the one that had no repect for the Navajos. They were the one that would shoot any one that would stop, just because an eldery person had to stop to take a break or a Navajo lady was about to have a baby.I think if some of the Soldiers ever regret what they did to the Navajo's. Even thought they may have just rode the horses along side of the Navajo's that were walking for more then 300 miles. To different places and showing them to they people at Santa Fe. Kit Carson was a mean and hateful guy to the Navajo'sthat is all i have to say about the Long Walk.I hope that it never happen agian, and that the Navajo's fought for us to keep this wonderful and beautful place full of adventure."
1,Long-winded and essentially pointless,"It takes several hundred pages for Fukuyama to build some kind of pseudo-philosophical model on the course of history and then essentially refute his own thesis in the last paragraph of the book. I can't believe I wasted the time it took to read this book. It's only value is to showcase the arrogance of Western (mainly American, i.e. George Will and his ilk) conservatives who believe that the entire world should adopt the liberal democratic political model. Fukuyama makes a number of questionable claims about global politics and the state of democracy in the world, and the book is too full of contradictions to list here. If you must read this book, then simply read the introducton, since he makes all his main arguments there, and then skip to the last few paragraphs where, as I mentioned, he contradicts his own thesis. Readers would be better off reading the actual works of Hegel, Nietzche, etc. than Fukuyama's sloppy re-hashing and ""development"" of their ideas."
2,Something that lasts longer than an hour!,I decided to trust the reviews and got this. I am so glad I did. This has lasted us over a week and there is still plenty of paint left. I also love how vibrant and deep the colors are too. Not your typical washed out watercolor look.
1,Self-Congatulatory Text/Superb CDs,"Patinkin has scribed a look back at Second City that is full of self-love for all the club stood for and all the comedians who traipsed through the door. The book would have benefited from a more honest account that featured the failures as well as the successes.The two compact discs are worth the price you'll pay for a copy on the used book club market, however. They are full of funny bits featuring many famous comedians, and will give your money's worth back in laughter."
2,Cracks me up!,"This show cracks me up! It's that simple. I love the goofy characters and raunchy humor. Also, how can you not love Jennifer Coolidge?"
2,brilliant satire of the genre,"Jones (one of the greatest fantasy writers of all time) pulls a Pratchett in her dictionary of the Fantasy genres tropes, but with her own unique and clever sense of humor. A nonfiction version of her Darklord of Derkholm, which is a satire of the fantasy genres. A funny must-read for all fantasy readers and writers (or those that pretend to be such). Grade: A-"
2,Way more than just retro jangle pop,"Not sure how someone can call this ""pseudo-60's crud."" Dude, listen with your good ear! This album has so much going more going for it. Take opener ""Seems So"" is a wonderful look at a guy trying to explain an unusual phenomenon. A few listens and you finding yourself joining in his mystery. Yup-jangle-pop-catchy chorus-power pop, but The Beach Boys? Not in the few tracks, at least. Think more Badfinger. Personal is ""About Your Fame,"" an mainly acoustic effort discussing a friend's changes.Okay a touch of Beach Boys here. ""Silver Chain,"" ""Tin Pan Alley,"" and album ending delight ""Coda"" are worth the price of admission. Don't miss this one."
1,Tries but falls short,"This phone tries very hard to do everything but fails at it's very ability to be a phone. The speaker volume is terrible, drops calls for no reason, refuses to accept incoming calls for no reason, the charger interface is crappy, the battery runs out in a few hours despite turning off the IR and bluetooth, the camera button is misplaced (takes photos of the inside of your pocket), and the power button is on the outside (turns off accidentally).Sure the MS Mobile functionality is great but I will probably never by a Motorola phone again.I just sold the phone for on Craigslist and bought a Sony Ericsson Z520 - awesome phone so far."
1,Iowa vs. Paris--who won?,"This book does not contain many new insights into French culture, which is perplexing since the author has been married to a Frenchman and living in France for 20 years. She often seems to wish that the French weren't so French, despite her protestations to the contrary.This is an amusing and fast read, but I would recommend getting it from the library rather than spending money on it."
1,"Tedious, slow moving and boring!","Absolutely the slowest moving as well as one of the more boring books which I have ever encountered; my personal rule of never starting a book without seeing it through to the finish was severely challenged. And my problems were not with thegenre as I had previously found ""The Da Vinci Code"" to be a most enjoyable read."
2,Kick Butt Buffy,"Sarah Michelle Gellar as Buffy was simply one of the best female leads in a television series ever. And her kick butt sidekicks also included Willow (a witch and a lesbian), Cordelia, Anya, younger sister Dawn, and Willow's lover, Tara. Sometimes campy, sometimes sad, sometimes just wonderful, this show kept me pre-occupied on many a weekend."
1,Disaster waiting to happen,"My credit card was billed, but I never received the book. When I contacted Amazon, I was told that Amazon's staff could not be of assistance other than begrudging and quite insincere apologies. When I contacted the vendor, the first thing they did was suggest I provided the wrong address. The vendor elected not to use First Class USPS, but used ""Media Mail."" In any event, I don't yet have the book and the vendor, The Book Community, stands out as the worst vendor I have used through Amazon, and, finally, Amazon's impotence once a vendor interlopes has become clear. I still need the book and Amazon's system simply is not as good as it is touted. VMR"
2,Motivational,"We got ""The Secret"" because we want to have positive feelings in our family. This is a powerful message in how our attitudes can draw the good or the bad to us. And we can have exactly what we want in life by acting as if it is already there. The more real you make it, the more real it will become. Anyone looking for a way to change their life for the better should watch this."
1,mango habanero sauce,I've purchased this sauce in texas in a smaller quantity. The product that I purchased through Amazon does not seem to be the same qualityas purchased in the 15 oz. glass bottle.I was disappointed with the quality of the sauce. I appreciate Amazon'shandling of the credit for the purchase.
1,New York Cheese Cake,"No New York Cheese Cake in this little ditty! But you are only out 10 bucks or so. I am still looking for a ""real"" cheese cake receipe without Graham Crackers in the crust. This collection was a waste of time and money."
1,Disappointing,"It seems that after reaching the pinnacle that Claudine did with her first book her second book seems like a step backwards, almost as if the books were released in opposite order. Collage Discovery: Beyond the Unexpected is very basic in the technique's that are offered and seems more a forum for promoting her style of art then anything. It would be a great book for the beginner in paint to paper techniques, but not one I recommend for the more seasoned altered artist."
1,Will not be buying this again!,"I know that my 1 year old bulldog is an extreme chewer, so I bought him this toy. I had read the reviews about the middle part being chewed off, but I didn't think that my dog would or could chew off the middle part, especially since he had different nylabones before and he loved chewing the part he was SUPPOSED to chew. I WAS SO WRONG. The first thing he did was chew up the middle part and had chewed pieces off in less than an hour."
2,Great Solution for a Living Room Setup,"This keyboard provides an excellent solution for those with a computer in their living rooms. The trackball is very precise, and the trigger left click and scroll wheel makes surfing the net easy and comfortable. The keyboard also seems to have a nice battery life...i have been using mine consistently for the past month and have not yet had to replace the batteries. Range is also good...i have changed computer tracks on my computer from the kitchen, which is about 8 meters away (and partially blocked by a wall)Some of the keys require a little extra effort to depress, which can limit typing speed, and as noted by another reviewer, it doesn't appear that the trackball can be removed for cleaning.But, for the money, this keyboard is an excellent buy, and a great addition to the living room multimedia center."
1,Buyer Beware,This product assembled easily. The instructions were clear. The product worked beautifully for a couple weeks and then simply quit. My attempts to get information from the manufacturer were unsuccessful.
1,Very disappointed,"I had high hopes for this headset, unfortunatley as soon as i got them and hooked them up to my laptop i was hopeful, the sound was great, but the mic didnt work, after tryen everything i knew how to do the mic still didnt work, very disappointed in this product. I know i shouldnt expect alot for 12.00 dollars but for the mic not to work at all is a complete downer."
2,Much Love for This Album,"I've loved this album with all my heart ever since it came out. Jesse Colin Young's voice is so unique, just beautiful, and the song list here is wonderful. I was captivated the first time I heard it and have worn out many, many copies of this collection of songs in many different formats. I've given it as a gift and everyone always tells me later how much they've come to love it. These songs are like comfort food. I know I'll still be listening to them when I'm old and gray."
1,What's up?,I returned this item because it was too small. Amazon knows this so why am I even being asked to review it?
2,MUCH better.....,"Ann did a great job with Kristy's Big News. Friends Forever #1 is better for teens. The basic plot of The Baby-sitters' Club #1 (and every other book) pratically made me wince! Basiclly, the teens didn't act like teenagers I know! I'm glad the same chariters in the new series are acting more realistic. The plots seem more action packed. Not quite like California Diaries, but that's okay. At least the teens in the book are acting more there age instead of obsessing over the club all the time. In this new series, they seem to have a life. I think I'll get #2. It looks pretty good in the preview in the back. In the meantime, I'll read CDS as well. Great job Ann for this change! The new series looks promesing!"
1,"boring, old, redundant","It's all the same gibberish as is out there, adding nothing to the conversation. When will readers get irrefutable evidence? Probably never, because we humans are still a long, long way from understanding the ultimate answers. To imply otherwise is egocentric and false. Bad book."
2,Great Value,"I bought these to use with my B&W SCM surround speakers. Frankly, I was skeptical about the sound quality for the price, as my speakers are pretty unforgiving. I was very pleasantly surprised. They sound wonderful and are very well made. Came right away. Would definitely buy again."
2,Great fit,"Went in with ease, moog is a great product. Highly recommended I've had this on for weeks and improved steering."
2,An EASY 'A',This book is unbelievably helpful when trying to learn this new concept! I will keep it forever.. I bet my childrens children will learn well with it.
2,Never judge a book by its cover,"Never judge a book by its cover, seems to fit the book very well. At first glance I wasn't sure what to expect. I've seen so many chess books over the year's and have over 60 in my collection. Some have flashy covers and no content. This book however was another matter. I must say the story was one of the best I've seen on the market, and after reading this book , I would recommend it to any chess fan for its heart felt story line. I wouldn't be shocked if I saw it on a movie screen someday. ""Searching for Bobby Fischer?"" I think this story is ten times better, and for every age group."
1,bad purchase,"This purchase was a BIG disappointment. The 5-year-old and 7-year old I bought the geodes for were hugely disappointed. Not one of these tiny rocks had a crystal inside. Not even a fragment. I used to purchase geodes for my daughter when she was little, and most had crystals. These were duds! Buyer beware!"
2,You can't beat the price anywhere,"Very surprised to receive such great pencils for so cheap. Pencils are durable, mechanical. Easy to buy refills for them. Will definitely buy again from Amazon."
2,Good little mp3 player for the money,"Small, light, appears durable. And only $35 on Amazon. Perfect for my 7 year old. Loaded easy, nice little screen and easy to navigate menu. My 7 year old had it figured out in 10 minutes. A good purchase."
1,Damaged goods,"Kettle arrived in pieces and unusable. Returned kettle to seller at considerable expense; but, as yet, have not heard from seller. All in all not a very satisfactory experience.BRAUN WK200B AquaExpress Electric Water Kettle"
1,"Horribly overwritten, silly fiction","At the bottom of the second page I grew weary of O'Kane editorializing - IN FICTION, YET! The author has little grasp of showing a story and a monumental grasp of throwing in numerous, excessive, ridiculous adverbs and adjectives (just like the ones in this sentence).I do not recall reading this kind of puffed up ""LITERATURE"" since the last time I accidently stumbled on a 19th century young adult novel.The editor of this great waste of my time should be fired.Don't bother. There are much better novels out there."
2,Simply-Great!,"Having first a strong love for blues guitar, it was easy to love this album. This was also my first Kenny CD, and I've bought many since then. Kenny has also become my overall favorite jazz guitarist and that's from serious competition from Wes, Johnny Smith, Joe Pass,Tal Farlow, and other top players. Kenny's approach is just cool, his tone great, and it's also what he doesn't do that makes him great! This album says it all for me."
2,Great resource,This book provides a step by step way to handle odd children and I have recommended it to the parents I work with for their children. As a therapist this is a great resource
1,Deja Vu all over again,"Basically a rehash of other books he has written(the others are a rehash of each other). Of some value if you have not read the others. If you have, dont waste time or money."
1,Snoop Needs Ta Please Believe!,"Please Believe That This Album Is Bootsy Fasheez. Tha Only CKredit I Give This Album Is Tha Beats And Tha Hooks. Overall All I'm Hearin Is A Wanna Be E-Feezy, Fasheezy My Neezy. Mayn We've Been Poppin Our CKollah In Tha Yay Fa Years Ya Heard. All Tha Slang Used By Snoop On This Album Is Straight Up Bay Area Slang. Aye Snoop Where Tha CKredit Fa Usin Them. Ya Know! Anyways Fa Ya Snoop Fans That Dont Feel Me, Listen Ta His LyriCKs And Think I've Heard That Befoe. Its BeCKause U Did On His Last Album And Tha One Befoe That And So On. Alot Of recycled LyriCKs. Welps Thats All I Gotsta Say. One Mo Gin Fa Tha BloCK."
2,If your into action you will like this book,This book is about a kid named Jethro and he is the only boy at home because his older brothers are in the army.He is trying to take care of his family during Civil War.
2,Arabian Business Culture,Simply produced book but very informative. A good read with very relevant information for anyone about to work in the middle east.
2,Rain Guage,I bought this rain gauge for my father and he loves it. He says it really is the world's coolest rain gauge.
2,Exactly what I hoped for,Boxwave bodysuit keeps my Kindle Fire from easily slipping out of my hand. Especially while reading in bed. Great buy.
1,Glad the movie was free.,I couldn't tell if some of the caste has other things to do and talked fast to get this over with and the other half was plumb drunk with cotton balls stuffed in their mouths. I missed much of the dialogue.The story was good but the talking was annoying for the above reasons. Watching True Grit was an okay way to kill some time but I am glad I didn't bother going to a theater to see it.
1,Don't waste your money,We have many Leap Frog products that we are happy with but this isn't one of them. It is to hard for a child to follow or interact with. You have to hold the pages down to keep young hands from turning to the wrong page. There are to many options to touch which makes it hard for a child to follow. It just doesn't flow very well. Our daughter just wants to push the On/Off button. We both get much more out of siting down and reading a book the old fashion way.
2,excellent everyday use watch.,"i got 3 days with it , is bigger than i though a litle tricky to set the time but it got directions how to use in the wacthbox the only bad thing is than this watch does not have indigloo light."
2,A good workout for the entire body!,"I bought this video because of the blurb ""two 20 minute workouts"" on the cover; like many people, I have little time and was looking for quick workouts. This workout is divided into two 20-minutes segments, but they are certainly not two separate workouts! That aside, this tape works your entire body from your legs and buns to your arms. Austin alternates between upper body, abs and lower body exercises, using weights and a stability ball. I'm beginning to exercise again after a break, and I found this tape doable but a good challenge, although advanced exercisers may want a higher degree of difficulty.Austin and her on-air cast demonstrate exercises clearly and Ms. Austin is easy to follow. Her unending perkiness and enthuisiastic chatter could be a bit annoying (""Let's see your smiling face!""), but she deserves full credit for her dedication to her work. All in all, this is a good buy, and regular use will certainly produce results."
2,Great Lakes Light Review,"I have found this book very helpful in locating lighthouses in my backyard that I never knew existed. I have long been a fan of lighthouses, and this book has intensified my search to see as many of the lighthouses around my area as I can. I also like the fact the directions are given to make finding each lighthouse easier to find---with these directions, I should be able to find a lot more lighthouses in my own area, and not have to go traveling great distances to see one. Thanks for publishing such a great book!!!!!!!!!!!"
1,Very poor book,This book makes Jesus out to be just a regular man. The misrepresentations start with Joseph being Jesus real father. To the end where Jesus has no discussion with the thieves on the cross and didn't even die on the cross. He is drugged and taken down still alive. The book ends. Horrible book..
1,"Same book, different cover",I'll repeat what an August 5th reviewer stated : If you've already bought the book How To Talk To Anyone - 92 Little Tricks for Big Success in Relationships by the same author then don't buy this book as it is the same. I bought both of them together and was really annoyed when I discovered they were the same. How can someone re-write a book under a different title without any mention of this fact on the book cover ?You'll also note that Editorial review of both books is the same and have the same quotes from Larry King and McKay. Shame on Amazon for not giving me a full refund!
1,why did they make this!!!!!???????,Why even make this??? I could have made a better movie myself!!!!!!!!!!!! annabeth doesn't even have blond hair??? that would have beenb easy to fix!! well end of reveiw!!!!!
2,Convenient,"Overall a good buy. It is convenient to use, comes with three charging options that are also very convenient (including a usb cable that fits into a port on phone car charger), and so far seems to hold a charge for a long enough time even when in use. The unit would probably even stay put in my ear without the over-ear attachement, but I found that as I spoke and moved my jaw it was better to have the loop on. The different-sized attachments for the soft gel piece that actually goes into your ear is perfect for my hard-to-fit ears. The only negatives I've found are that the microphone seems to catch more wind noise than I had hoped, and sometimes it seemed to randomly cut out but there were other possible reasons for that problem. I would defnitely recommend it to others."
2,A+++,This book is the most interesting book about the American Empire I have ever read. The history and implications are just fascinating.
2,"Great value, great monitor","I researched the Proview monitor before buying because to be quite frank, I'd never heard of Proview before and wanted to be sure I wasn't buying a 19"" piece of trash. I found some mixed reviews on Circuit City's website with the main complaint being a broken pixel or two out of the box. I've had this monitor for a year and a half now and have had no issues what so ever. Installation was a breeze (exactly the same as any other monitor). The only short lived problem I had when using it was at first the sides of the monitor were blurry. I used the menu button on the bottom of the screen and selected auto and everything cleared right up. I love this monitor and love the space that it gives me!UPDATE: 1-6-07, I've had this monitor now for 2 1/2 years and it's working like a charm with absolutely no problems what so ever."
1,whiteness of a different color,The book constantly repeats itself along the same line. It is very offensive to be subjected to the same ethnic stereotypes we have heard all of our lives. What is the point? JTD
2,An important critical anthology,"This was one of the first anthologies of critical essays to center on American- Jewish Literature. One of the essays entitled 'Breakthrough' spoke about the new place in American literature Bellow, Roth, Malamud et al. were making at the time. What is interesting is that thirty years afterwards American Jewish Literature is still alive, and that many new voices have emerged who have a more positive relation to their Jewish heritage, than most of those in the fifties- sixties generations did."
2,This will be a GREAT book !!,"Ever wonder how a new breed of dog comes into being? In the Shiloh Shepherd Story, breed founder, Tina Barber tells how her dream of an ideal dog - the Shiloh Shepherd - was conceived and is still being developed.This is not a dry book, but rather a fascinating story of one woman's determination to overcome multiple obstacles to achieve her goal.Not only a fascinating, easy read, The Shiloh Shepherd Story is full of pictures of Shiloh Shepherds. I am so happy that this book is coming out so that the truth about Shiloh Shepherds will be available to everyone.Unlike some who have put a review here - I HAVE read the manuscript - several times. It would be nice if Amazon required reading of a book before allowing a review to be placed on their site. How can a review be written of a book if someone has not read it?"
2,Great Album - Lots of Fun,"This is a great album, a lot of fun to listen to. I love Perfect Day, Succes, and yes - I think their cover of 911 is a Joke is fantastic."
2,A few words to viewers............,"First of all I just wanted to say that this book and all of her others were great. At the moment, I am waiting for the second book of her third series, Circle of Magic. To fans of Tamora Pierce- I think Tamora Pierce made a different series of books because she might have thought that if she wrote more about Numair and Daine the books would get a little boring or stupid or something. I wouldn't really know why she made a different series of books, but that's just my suggestion or thought of why she did so. You never know, she might talk about them in another book, but right now, I surely wouldn't know. I just wanted to get my little point out. I'm only 11 years old and I already have a favorite author and I was able to read one and a half series of that author's books in a matter of three days. Um......well, I'm sorry for taking up so much space on the page, but I needed to say something. See ya!! Juli"
1,Shreds apart,"These were bought for slippers. What a mistake! Every time I took them off, my feet would leave tuffs of lambswool everywhere. Within a month there was not any lambswool left on the insole."
2,"Great vest, great value",Great extra layer for the winter.Very good quality. Generous pockets.Extremely comfortable.Logo over the breast is pleasantly inconspicuous.
2,Dark but real,This book was like a look into the mind of another person and realizing that we're not all these bright happy creatures. There isn't always a happy ending- just an ending
2,Remember that sadistic gym teacher?,"Well this video will bring back those memories. Chyna avoids the latest and greatest exercise craze and instead relies on some old standbies to build strenght. Yes the infamous squat thrust makes its evil return as do the very basic push up. I like the common sense approach that Chyna takes although some of the routines are difficult for those who might have knee problems as they rely a lot on deep knee bends. Even if you do not choose to work out with Chyna, this tape does provide some good suggestions for exercises that anyone may wish to integrate into their programs and some limited instruction in how to do them safely. Not recommended for those who use to hate gym classes that met at eight in the morining in the rain for some good old fashion grunting and sweating."
2,great replacement,Great replacement. Used it in my 2006 Dodge 2500 mega cab. yes it works and fits fine. Only reason I gave it a 4 star rather then 5 is because on the first two settings it has a wineding sound that is anoying.
1,Bad stitching,Crotch blew out after a week. Luckily I'm handy with a needle and thread. Other than that they seem like decent material.
1,Incompatability,I purchased the DVD from the U.S. to use in Australia and it is totally useless - no warning was given with regard to the different zones around the world and the incompatability issue. Very disappointed.
1,Please end this movie. . .,". . .the actors do a fine job. The photography does not offend. The story (no pun intended) had some potential.I thought the movie would never end.In a nutshell, I would assume this is a like it or dislike it film (I can't imagine either love or hate for this.) My reason for disliking it is I could not empathize with most of the folks I thought I SHOULD empathize with. I found it, therefore, difficult to really care what happened next. There were some holes and incongruities in the story which could be overlooked, but required, in my case, that I KNOW I was overlooking them.For me, then, this story -- even though well ""packaged"" was too much work for too little reward.I gave it two stars because the acting was good, and the actors deserve to their due. The story, the story, approached a type of lameness that this director and these actors would be expected (usually) to avoid."
1,SHOULDABOUGHTNEW,"By complete set of Laura Ingalls Wilder books, I assumed that I would get them all. The set I received did not include""Little House in the Big Woods"". The condition of the books was listed as Acceptable - HA! All of the books I received are falling apart, and cannot be opened without falling apart. I do not want my money back, I just will always orderNEW BOOKS. The person I ordered these from ruined this experience for me."
2,Great service and good movie,"I received free shipping on this movie, and the movie arrived within two days after I placed the order. I ordered the movie as a gift for my husband, and he enjoyed the movie. This is one of the few family friendly movies I have seen recently that has a positive message. The movie was a good price, and I would recommend the movie as a gift for anyone that is interested in sports."
1,"pretty dull, zero footage","3 or 4 stories mixed with some good graphic representations. However, there's no footage and there's nothing shockingly new about the ""encounters"". It is interesting to hear the perspective of a few people who claim to have been abducted, babies taken, etc.. I still think it's military, and the little green men are hypnotically induced. Though this video would have you draw other conclusions."
1,halfway up the mountains write about halfway up the mountains,"This is an insightful book, well written, well documented and easy to understand.I only give it a 2star rating because, ironicly, some of the experts who are quoted, in fact the one who is quoted the most happen to be abusive, halfway up the mountain guru's themselves. With this the book's credability is undermined."
1,TERRIBLE,"Not only did I order a book in ""good"" condition, and it came in ""awful"" condition....I ordered a hardcover, and it was a paperback! I have given this company two chances and they have failed miserably both times! Terrible Liars."
1,cheap is not always good,"Read the title again. Bought this for a gift and I did not know much about electronics, my husband does. Lets just say this he told me it was a nice thought but this system is not compatablie with most tv's"
1,Someone set this player up the bomb!,"I bought one of these little zigs two weeks ago, and strugled with it for like three hours before I could get it to connect wich it only did once the refused to do ever again. Then I found out the headphone jack doesn't work.What you say? Theres no way I'm calling tech support and paying 7 dollars (my dad would kill me) just to have them tell me that ""all my bases belong to them"" when they don't now what their doing. ... I'm firing this zig!As for you, if your reading this, you have a chance to escape - make your time!"
2,I read them all back to back and cant wait for soul of fire!,"People who read Mr.goodkinds books instantly compare them to the wheal of time by robert jordan and its obvious why we do this ,the similarities are just to close to be coinsidance,but while i was wating for mr.jordan to finally compleat another book i read these .Its like reading a fast paced exiting all the way through jordan novel. Not once did he(goodkind)devote an entire chapter to a main character sitting in a tavern with a spiced tea watching the people go buy waiting for someone special to show up. read this book and read mr.jordans latest A PATH OF DAGGERS,(witch has no begining and no ending and way to much in the middle.)youll stay awake a lot longer with RICHARD and KAHLAN than you will with RAND and EGWENE!"
2,How do dey do it?,"For each songwriter whose work has made the charts, there are hundreds of songwriters whose voice will carry only into their personal recording device. For all those songwriters in the trenches, you can finally learn how those who have had commercial success do it. I am finding it entertaining and informative. Even if you don't fancy yourself as a songwriter, discovering how the writers of your favorite songs approach their craft will be enlightening. The book is a hefty compendium of songwriting knowledge. It was delivered in a timely manner and was in the condition as described."
1,This is the only kitchenaid product I hate...,"I agree with Susan Thorson and M. Taylor ""mtpaperworks"" reviews. I really love Kitchenaid products, especially my professional stand mixer. All of them have worked wonderfully...Except for this one. When it arrived, it seemed high quality: it was very heavy, felt smooth when cutting, and was easy to hold onto. However, within a month, it was having difficulty with certain can sizes. Now it is three months later, and it doesn't successfully open anything. This is not due to blade dullness: the can and can opener won't line up correctly. It was actually easier for me to use a bottle opener to pry open my two cans than to use the can opener. In fact, I got angry and threw it away yesterday! I'm amazed, because I've never had a can opener just go ""kaput"" like this one did.Kitchenaid is a great company overall, but skip this product."
2,Small Jobs only not big jobs,"I recieved Mr. snowjoe as a gift for xmas and finally this weekend we got enough snow in NY to try out the little guy. Unfortunately there was too much snow for the machine to actually work. But as mentioned in previous reviews, works GREAT on stairs, patios and walk-ways. Its small and not heavy so you can easily put it away and carry the item.Over-all: Good item."
1,thin and flimsy,"Very disappointed in this product. The shirt is thin enough to see through, more like a stocking than a shirt. Also pilling badly around the collar, though my husband has worn it only a couple months. He has similar apparel in other brands that he likes much better."
2,THE MOST AMAZING BOOK EVER!,"I just have to say that this has been the most incredible book I have ever read and probably will always be. I first read it at around age 7 or so. I am now sixteen and I have read this about 5 times, and get a new joy with each time I read it! The fantasy, creativness and outside viewpoint of life make this work so wonderful. There is so much meaning underneath it that I didn't really uncover until I reread it when I was older. My best advice-Read this book! And if you already read ir-read it again! I will always be waiting for that phantom tollbooth to show up in my room one day.... NIKKI P.S. Does anybody know any works Norton Juster has created?"
2,Terrific accousitc guitar...,"Very enjoyable alternative acoustic guitar. Cited by Kaki King (the woman behind the August Rush guitar sound) as her inspiration, it's easy to see how he inspires."
2,An inspirational book about the journey of life,"Paulo Coehlo is an excellent author who takes his readers on a spiritual journey. This book makes you feel better about yourself and the possibilities before you. It shows you that no mountain is too tall to climb, no obstacle to difficult to surmount. Read it if you want to live better."
1,FEAR OF THE DARK,BE QUICK OR BE DEAD-5/10FROM HERE TO ETERNITY-2/10AFRAID TO SHOOT STRANGERS-3/10FEAR IS THE KEY-5/10CHILDHOOD'S END-4/10WASTING LOVE-4/10THE FUGITIVE-5/10CHAINS OF MISERY-6/10THE APPARITION-4/10JUDAS BE MY GUIDE-6/10WEEKEND WARRIOR-5/10FEAR OF THE DARK-7/10
2,great start for writers with a dream,I always loved the For Dummies series they are always so helpful i own several of them but This was amazing great for potential screenwriters who want to dip their toes in a little knowledge before going to school for it
2,Best pillow ever!,"I purchased this pillow at a baby expo, so I got to try it out before I bought it. I found it to keep my hips,back and head well aligned which greastly reduced my aches and pains. I even bought my 11 year old son the smaller version of this pillow, and he never sleeps without it.My husband loves this pillow, because I don't take up the entire bed anymore with my tossing and turning to find a comfortable position. In fact, I've caught him napping with it."
2,bel v955 vector,"works great for the price. there hasnt been a situation where it has saved me from a ticket yet but i have picked up Ka signals long before i saw the cop. only downside is it has random laser alerts such as in a residential area. i havent been able figure out whats setting it off but it seems to go off more at night. and i know there is only 1 undercover officer in the area that uses lidar. overall great product, id recommend it"
2,"You'll feel like ""coming out"" again and again...","I extremely enjoyed this brilliant work. Being only fourteen, I could relate to all of the things the characters were going through. This book examines the struggles of the modern gay teen, the pressures from parents they experience, and the wonderful feelings of knowing that they're not alone in this world. I highly suggest this book to anyone regardless of their age, and to pick up a copy of the second book, ""Rainbow High"" as well. Alex Sanchez truly deserves to be named the modern Shakespeare!"
1,Not cool at all,"I was a little skeptical about finding a ""cool"" name in a book called ""Cool Names"", and I was right to be. I know cool is a matter of opinion, but most of the names in this book are simply ridiculous-- is anyone actually going to name their child Salmon or Experience? This slim book appears to be random lists of words that the authors have grouped into categories like ""Spiritual Names"" or ""Artist Names"". If you are looking for a unique name I suggest The Baby Name Wizard, which will tell you about the popularity of a name, if it rising or declining in popularity and identify any pop culture references you may overlook (for example, that you are naming your child after a fish!)"
2,FANTASTIC,"We already had 3 cages from this manufacturer and are beyond being delighted with each one!This roomy yet portable cage was bought to house our hand raised finch at night and when we are away from home (or cooking, etc.)It features nest box openings on each cage end as well as a removable plastic divider for those who wish to breed their birds.It also comes with 4 clear seed/grit/water cups with spring-loaded closing doors. Ever have your bird escape while you had the little door open while changing the seed? Won't happen with this cage!We can't say enough how happy we are with this purchase.The only cages we have in the house are from this manufacturer/marketer.We have not had one single problem with any cage ever."
2,Excellent for children or adults,"I bought this tambourine to have at grandma's house and my son (who is 2) loves it. it is without doubt his favorite toy when we are visiting. It is refreshing to have something that is safe and entertaining that does not require batteries or flashing lights. He loves to shake it, use it as a drum and it is the perfect size for him to handle. It was an excellent buy and we will be getting one for home as well."
2,17 yrs. Old and Holdin It Down!!,"WUT CH'ALL HATERS KNOW, THIS BOY J-KWON IS MORE TALENTED THAN THE REST OF THESE NEW RAPPERS JUMPIN OFF, THE ALBUM IS GOOD, IT AINT QUITE HOTT, BUT ITS GOOD, ""17 AND IT AIN'T BEEN THE SAME ON THE BLOCK!"""
2,"Wonder Showzen is brilliant, but NOT for kids.....","Unless you want to expose your children to graphic violence, puppets having sex and an 11 year old dressed like Hitler interviewing people out on the street. BUT, for adults with a twisted sense of humor, the show is a masterpiece. It follows the classic Sesame Street format, but dirties everything up for the late night crowd. You won't learn much from this show, but you will most certainly laugh non-stop. Very wrong and very funny. A must own for fans of sick and twisted humor."
2,excelent,This books covers a vast scope of development theory. It analyzes the failure of state-run economy and success/failure of IMF/WB neorealism. This is an essential book for someone studying economic development and/or structural adjustment.
2,The Best of The Best.,This boxed set may sound kind of fuzzy but it is because most of them are kick ass demos and unreleased tracks. If you are addicted to Nirvana like me by this. Only buy it if you already like Nirvana. If you don't know who they are you are now into rock. If you havent heard them buy Nevermind. The DVD has some footage of them playing there songs.
2,Wow!,"The entire trilogy is wonderful! You have to go from the first book straight to the second book, though, to keep from freaking out (the second was my favorite). I feel like I understand more about the Roman Empire now and the similarities between our world and theirs. Very convicting. You will not regret it!"
2,Dopest rhyme of the Year,"Woah, Prodigy and Havoc have done it again with their latest effort Murda Muzik. This record is flawless and earned Prodigy ""Dopest rhyme of the Year"" in Source Magazine. What makes Mobb Deep so significant is not only their lyrics but the callabos with top notch MC's like Raekwon, Kool G Rap, Eightball, Nas and etc...Another thing about Mobb Deep is alongside Capone-N-Noreaga, they were the only east coast artists that weren't afraid to respond to Pac's ""Hit'em Up"". Peep ""Drop a Gem on 'em"" from Hell on Earth and ""LA,LA"" from CNN's War Report. In conclusion, this is a dope record and I believe the source should have gave them 5 mics instead of 4 1/2."
1,Not for me,A lot seems over-the-top to me - do NY schools really put that much pressure on 6yos? The story sort of combines romance and comedy but the comedy often seems strained (as in tearful children).
1,Unbelievably Incomplete!!,"This is my first review. But I just had to write it after using this dictionary. I am a beginning Japanese student. This dictionary is so incomplete it is amazing! I have been using it a relatively short period of time. I've looked up about 25 words. Here is a list of words I have found (so far) that are NOT in this dictionary: illegal, grandfather, forgive. And I've only used it a short time. What other ""basic"" are missing, I wonder. Yet, they do include ""Nostril"". Now there's a word I use everyday! I am just going to have to buy another. This is too incomplete."
2,GREAT Greatest Hits---Rick Nelson!!!!,I ordered the Rick Nelson Greatest Hits CD and I absolutely love it!!! I ride around in my convertible and listen to it all the time!! I had a different Greatest Hits CD but it wasn't as good as this one!!! This one has Fools Rush In AND Garden Party!!! Not to mention some of the tracks have James Burton on guitar....he was a master! He played for Elvis too! Great Greatest Hits CD!!!!
1,Nothing new here,"I didn't like it at all. I didn't find any new concepts in the book, I think it's closer to Rich dad poor dad than to an actual investment book. Very general advice.If you are interested in investment, pick up any of Peter Lynch books, Malkie's ""a random walk down street"" or, if you are into value investing ""The Warren Buffet Way"".Don't waste your time with this one."
1,Too cheap to work,"I was pleased to find a radio for so cheap, but when I tried to use it, the radio was unable to stay locked on a station for very long. If you're in an area with several competing frequencies, it will jump up and down 1-2 MHz, or continue jumping up to the far end of the spectrum.It would be great if it worked, but I'm now going to pay $10 more and get a Coby CX90 that actually works. Save your $6 and don't get this."
1,"It can call Joey, but he'll never be the ""Friends"" Joey...","Maybe in Friends, Joey was the dumb but still funny and adorable character, and he was like a complement to all the jokes and stuff the characters in Friends said, but now, I think he can't do a show on his own, he's not the same and it's just not as funny as he was in ""Friends"", and I think he'll never be.The producers tried to do something to >""continue"" with Friends, but in the end, I think they did something worse."
1,Beware: Wrong Song Titles>>>>,"Hi: As other reviewers have said, please be aware that tracks 4 and 5 are mislabelled and are actually ""Street Corner Hustler's Blues"" (Monologue)(Live)and ""World Of Trouble"" respectively....I bought this CD in a local store because it was relatively inexpensive and the ""Dead End Street"" monologue and song was on the track list...There are better and more accurate compilations of Mr. Rawls' music to be considered. I gave this one 2 stars for anyone on a limited budget who may want a sampler of some of the late singers familiar or album only songs...."
2,Timeless Classic,"Every track on this CD is worth listening to. I do not suggest it for a new Radiohead listener though, but maybe use it as a second Radiohead album purhcase. ""National Anthem"" starts off the amazing record with its electronic rock feel, which flows throughout the rest of the tracklist. ""In Limbo"" is probably my favorite song, and then ""Motion Picture..."" is one of the many mellow-ish, new age tracks, that really chills the listeners out. Great album, a must have."
2,Good Product,"I like this table because it is very functional and attractive. It was however, a little tricky to assemble. No major problem though."
1,Piece of junk,"I purchased this item to watch some old movies of my kids. I watched ONE tape and the unit stopped working. I tried everything I could to get it to work, but could not. When I finally thought I had it fixed, I put it in the VCR and it jammed the entire machine. Had to pry it out. Don't waste your money."
1,Don't waste your money!,"I bought this clothes line about 3 or 4 months ago and already every single string line has snapped, usually with my clothes on it. One of them broke without anything on it. I don't put a lot of weight on them. This is a cheap product and not worth the money. It's too bad that they aren't willing to spend a few more dollars on thicker lines so they wouldn't break."
2,Feels Good,Got hooked on Roger Clyne & the Peacemakers at their Rocky Point concert 5/2007. Their music is awesome! Got this CD and Americano!
1,Religious Bigotry,"I was skimming through the book, and he listed about 100 hundred things. He even included all the major religions except for Christianity. His book revealed so much reliigous bigotry. He included Unitarian Universalist and Unity churches as cults. Of course, he included Native American religion/spirituality and African religion/spirituality as cults. The latter definitely gets seriously demonized. Look how Voodoo is depicted. Voodoo is not necessarily bad."
2,A touts les glories de la France,"Most American designers who would persuade that they present us with so called 'French' design, actually show us American interiors with a few traditional French furniture pieces thrown in the loupe - but this doesn't make them French. (Generally they come across more English country house, really; chintz et al.) Jacques Garcia is very different! He knows the traditional interiors of France as if they are tattooed blueprints on his mind; the panelling, floors, carvings, mantles, proportions, the furniture and accessories, fabrics, architecture and art - but most importantly he has that extremely rare ability to know those idiosyncratic and intangible differences, those transcendent and ethereal distinctions of the French intellect regarding aesthetics. He has found the French soul and is sharing it with you. It is not even slightly American! If you wish to know what France IS see Garcia's book!"
1,First thing I regret purchasing from Amazon,It was not Neoprene on the sides and back and the arm rest cover. Not any better than the crap you can pickup at your local auto store. Fit was terrible and installation was difficult even with the seat removed from my truck! Will NEVER by a Saddleman product again.
1,"poor sound quality, nice design","i really like the way this looks, it's more stylish than any other bluetooth headset (arguable no one else cares-- at least they tried?). it also has a lightweight feel and as other reviewers have said, almost unnoticeable. it does not feel flimsy or shoddily constructed though. the battery is sealed in, and will either require service to replace or completely discarding the headset.i paired this with my macbook pro. the sound quality was unacceptable, both for talking and listening. it would crackle quite a bit and drop out very frequently. it seemed to be of a working quality when i was within 2-3 feet, after that it degraded to unusable (not 10 meters as it claims)."
2,amazing,i have been using this product for at least 10 years and it is great. makes my skin feel soft and clean and gets all the make up off in a soothing way. very creamy and rich
2,A Truly Awesome Alternative Band,"I have been a fan of Social Burn for awhile now, and I have to say from the moment I heard them I was impressed. They have a sort of Our Lady Peace feel to them, so if you like that type of rock you'll absolutely love this. Think Finch, Unwritten Law, laced with Creed, Zwan, and even aspects of Staind, and Puddle of Mudd. They cover a very wide sound spectrum from angry, driven songs, to the sad and emotional. Social Burn has something for everyone. Go out on a limb and buy this CD. You won't regret it."
2,Christopher Nolan Director's Collection Review,"Christopher Nolan is my favorite director. Now we get all of his best movies(except Prestige) in Blu-Ray along with a 36 page art book, 10 photo cards, and $8 off the Dark Knight Rises. The price is also very good($35 from Walmart).Movies- All the movies are amazing! I haven't seen Insomnia or Memento, but Batman Begins, Dark Knight, and Inception are my favorite movies. Really excited for Dark Knight Rises and Man of Steel(which he's producing)Photos- The photo cards are nice, as well. There's not much i can say but there like post cards with pictures from each movie.Art book-Very nice. Each page has quotes, behind the scenes pics, and summaries of each movie. There's 36 pages total.Overall- A very good-priced, high quality collection for any fan of Christopher Nolan's movie. You also get $8 bucks off the Dark Knight Rises, as I said before."
2,Zetsubou eno Hankou! Nokosareta Chousenshi Gohan to Trunks,"This is a cool book if you want to see the action from the video slowed down. It's in Japanese, lots of color and pretty cool. If you like to see the animated pics, then this is for you. If you like the more manga style, forget it. No manga here. Its a good buy, so get it!Its the story of Trunks being trained by gohan, and their fights with juunanagou and juuhachigou (17 and 18). Pretty cool."
1,The singing robot,Josh gorban has the most boring voice i ever heard it is so perfect pristene and boring. I would like this sissy to show some emotion when he sings. This guy is popular becasue middle age house wifes and lonely old hags like his boring music. Also this guy is in his early 20s why does he sound like he is 60. Old ladies there is better music out there but this review would be longer than war and peace if i were to name all of them
1,a ripoff of a Stewart and Fonda,THIS IS A BLATANT RIPOFF OF A JAMES STEWART AND HENRY FONDA IN A GENE KELLEY DIRECTED MOVIE CALLED CHEYENNE SOCIAL CLUB! THATS IS THE FOUNDATION FOR THIS STOLEN IDEA OF A NOVEL. AND ITS OK BUT NOT ANYWHERE NEAR AS GOOD AS THE MOVIE. SHAME SHAME SHAME THE AUTHOR SHOULD BE HORSEWHIP. HES NOTHING BUT A TENDERFOOT AND A PLAGARIST.KUDOS ON THE AUTHOR HIDING IT WELL.THE AUTHOR SHOULD DO THE ONLY DECENT THING AND PUT A RIFLE IN HIS MOUTH AND DO A HEMINGWAY.
1,The Handbook of Painted Decoration,"I have not received this product, please contact me as soon as possible, It did not come with the other two that I orderedYolanda Solana"
2,An Unusual Gift,"I sent these as a gift. I was told that they arrived in good shape, packed in lots of dry ice, and were very tasty."
2,Thank you !!!,Excellent book and fast shipping. I got the book in a couple of days after I placed my order.
2,Finally a darker chapter going forward,I'm big on darker storylines. I'm not a die hard fan of the Potter franchise. I never watched them in the big screen. I always wait for it on video. Watching this on Blu Ray is awesome. I can't wait for the last two movies.
1,I Hate This Phone,I Recently Bought The s710a Because This One Sucks I Will Tell You Why The Camera Is Awful Quality Reception Is Bad Extremely Thick For A Flip Phone I Can Understand My New Phone The S710A But This A Flip Phone Not One Of Them 1999 Phones Ringtones Are Very Bad Sound Quality On The s710a I Have A Mp3 Player But Here Nothing I Talked To The People At The Cingular Store They Said This Is The Best Phone Bulls**t That Is Why I Bought The Faboulus S710A
1,Width is too narrow!,"Rec'd two black chair covers today. It's standard durable canvas, but too narrow, like others have said. They don't fit our chairs from Pier 1. Tried to call the company but they're closed in the evening. Will try to return.They arrived in a heavier cardboard box with a catalog, like someone else said; instead of a lightweight shipping envelope. Who are these people? I won't ever order again from Homedecorators.com!"
1,The homonym title hints at the evangelical message,"Take every irrational conversation you've ever had with emotionally charged Gospel preachers, every ""Jesus loves you"" poster, pamphlet, and TV special, and you have the underlying theme of ""The Testament."" As a storyteller, of course, Grisham does an excellent job. However, the books proper distribution channel should be through a church. Grisham does a terrible job of intelligently conveying the trite message of the materialism of modern society. At some points in the book you wonder if Jesus will make his return then and there."
1,Disappointing!,The story started off with great promise. Then it just died. The last part is so disappointing that I can hardly finish reading it. The writer didn't seem to know what he wanted to say or how to end the story. He just made up some totally ridiculous plots to try to tie everything together. And it doesn't work!
2,Not perfect - but closer than most,"I've had this phone for a month or so now. For the most part I like it; not sure what I would have gotten instead. It works nicely, has the features I need, and the audio quality is significantly better than any other phone I've had.A few notes:- One thing that hadn't occurred to me with the slider design: there's only one display, and it's color. I'm used to using my phone as a watch, but, with this one, I have to poke it to make it turn on the backlight. For this reason alone, my next phone might be a clamshell.- The vibrator is wimpy, to the point that I miss calls sometimes.- The battery indicator is screwy - the battery is always completely full until it's empty.- Getting it configured to work with my carrier (I think they're called ATT this week) was more work than I had expected. Non-technonerd people are likely to need help to get things like web browsing or GPRS working.Overall it's a great phone, though."
2,Barely a four,"I like Quantum Leap and thought that it was awesome when I foud out there was a book series. Truthfully I thought this book was awesome... except that Ashley McConnell didn't understand some of the concepts of leaping. Like when she says that Sam is in the carny's body. In the tv show they say that his body leaps with him but everyone except children sees only the other man(or woman's) aura. That's why when Sam was in the soldier's body without legs,in the show, he was able to still walk around but appeared to be floating."
2,coffee not strong enough,"We like the way it works. It's convenient and efficient. However, when you put coffee in the machine the holders are too shallow for those who like really strong coffee, as we do. I pack it as tightly as I can and still get a decent cup of coffee but would like the ability to make it a little stronger, to our taste."
2,adventure in reading,"How often does a book change your life? For me, the answer is: rarely. As a child there was The Diary of Anne Frank. As an adolescent, The Prophet. Since then I've found important books, quotable books, but few as profound, engaging, generous, and unpredictable as Kelly Winters' Walking Home.We need this book now more than ever, if only for the sheer humanity of it. While the story reads like a magnificent, heart-thumping adventure, it is startlingly candid and full of great humor (I smiled so much while reading it that my face hurt).But you need not be outdoorsy to be gripped by this book. You just need to be up for an adventure in reading and self-discovery.So how has Walking Home changed me? It has given me a compass for truth-telling. It has encouraged me to walk up rather than around the mountain. And it has made me marvel at the simple things."
2,Good overall vacuum,"I bought this vacuum at Costco to replace a failed cheapo vacuum. So far, there have been no problems with suction or performance. I have two dogs that shed a lot and I have to vacuum two times per week. Not only does the vacuum do a pretty good job getting up pet hair, it has yet to have any problems. With regards to maintenance, I think it makes sense that you have to clean filters with a vacuum you expect to suck up dirt and dust, where else would it go?? The cleaning doesnt take all that much time and its kind of cool to see all the black scum that comes off the filters. Overall I would recommend this vacuum to people who want a good vacuum for little money and who need to use it a lot for pets or kids.PROS: cheap, bagless, fairly light, long cord, very user friendly, great suction and cleaning abilityCONS: not much but if I had to guess... plastic parts, maybe heavy, and suction can always be better"
2,Only when Im dancing can I feel this free!!!!,"Im back on this review! YOU CAN DANCE !! I dint buy this cd till 1998, But I had the casette that was given to me, I love how all the song's are blended in one after another. I really like Spotlight, how she sing's ( DONT BE AFRAID TO FALL- ILL HEAR YOU WHEN YOU CALL AND ILL BE BY YOUR SIDE) I like that line. Anyway its a good album. sounds good especially for its era 1987-88. And who ever sais its a a flop do to its sales world wide is screwed up in the head!! It did good for its time, now at 1.7 million copies in the U.S soon to be double platinum. 5 million WWD. so what thats good. Look who followed Paula Abdul,Jennifer lopez and now Mariah Carey. I will not be supprised if Janet Jackson or Cher will do the same. thanks Rico 4 stars"
2,VCR Rewinder,"Since VCR tapes are becoming obsolete, it is more difficult to find a rewinder. This is an important product for those of us who still use VCR tapes as it helps to save the motor drive on our VCR or DVD/VCR machines. The rewinder we received works great. We got a kick out of the car appearance and the fact that the headlights turn on when it is rewinding. It serves our need well and we feel fortunate to find one. We're sure they won't be around much longer."
2,Great basic watch,"I love the clear display and Indiglo light. I was replacing an old Timex I had and wanted something just like it. This is close, but they've added the date window. Hopefully, this one will last as long as the old one. Takes a licking..."
2,Love it!,"I was skeptical because of the lightweight plastic material. However, it really does hold up during use. I use it a lot! It's easy to clean(just rinse the blade in warm water right after use so the veggies don't have a chance to stick). As for the main body of it, I just wipe it off with a sponge.It makes the most delicious zucchini-spaghetti, and I've used other types of summer squash for color variety. I make my own raw 'pasta' sauce and pour it over the zucchini, and it's soooo delicious. I really feel as if I'm eating pasta!The only thing I see wrong with it, is that it doesn't seem to handle harder vegetables very well, such as butternut squash for example. Which surprises me because of the super-sharp blade. I blame the fact that it's made from plastic and not metal."
1,Incomplete!,The colors were very washed out and there were many scenes missing. Very disappointed.....thought this was a special edition with only 500 copies made (DVD-rs).
1,So far won't play on any of my 3 Sony blu-ray players,I have 2 ps3's the slim and the older version and another Sony player not sure the model but none of them even show the disc is in the player no pop up screen or anything tried changing some settings and nothing helped tried it on a different player worked fine kinda dumb that it won't play in a Sony player of all things go figure :-/
2,If you buy no other English-language reference book EVER....,"BUY THIS BOOK! The OED is THE definitive reference work on the English language, and has long enjoyed its reputation. This update contains every word I've ever heard of, and many, many, many words that are new to me (and I'm a writer; my business is words). Its print is tiny, but the magnifying glass makes reading easy. Browse the OED and you can't help but learn something."
2,good movie,"there is a lot of swearing but the plot is a good one, it's not one of those predictable plots at all, there are many subplots in this movie that keep you tuned to it and put your emotions through a rollercoaster. The music in the film is great, the actors are great, and certain scenes will stick in your head and are a blend of tragedy and comedy at it's best with some dramatic flair to it."
1,hidden costs,"When I received the product, operating instructions indicated that a cigar lighter was needed - ""no blue flame"" - because traditional lighters can burn out the heating element. after considerable searching, I found a lighter (expensive, too); however, the hand warmer is very difficult to light. And it tends to ""flame"" for no apparent reason, which leads me to conclude that the heating element has burned out. Both of my hand warmers have stopped working after only 3 - 4 uses.The manufacturers should market an appropriate lighter along with the hand warmer, and make it clear that a specialized lighter is needed."
1,Side effects,"After 7-10 days, I suffered an adverse side effect, which abated after I discontinued use."
2,Great Ointment,"I bought this after some prescription medications (which i no longer take) made me sore in places I had never been sore before (hips, shoulders, breasts, etc). I applied this ointment to the sore areas for several days and the pain was completely alleviated."
1,Terrible shaver!,"Terrible shaver! Feels cheap, doesn't shave well. The head falls apart during cleaning and the mechanism to move one of the blades up broke after two weeks of use. I know, it sounds as if I was a shaver abuser but trust me, things in my hands usually last years, this one is just GARBAGE! About positive reviews....Panasonic must have own people writing them....I just can't imagine anybody liking this shaver."
1,Cendrillon was O.K.,Cendrillon I think is a O.K. story because it is a lot like Cinderella it's just anouther version Cinderella.Nannins mother dies and gives her something magical. Then Cendrillon comes along and her mother dies to. Her father marys Madam. The prince Paul has a ball and Cendrillon has to sneek in to the ball.I feel the book was a O.K. But if you like Cinderella you will really like Cendrillon. Cinderella and Cendrillon are alike but then they are not the same.By:Space Dog
1,A farce and a waste of time,"While his definitions of dyslexia and understanding of the pain and struggle children go through may be accurate, his solution is complete and utter CRAP!! The only way a child can overcome dyslexia and improve their reading, writing and spelling is through an Orton-Gillingham based program, NOT by realigning your ""minds eye"". The Orton-Gillingham based method is the ONLY one researched by the National Institute of Health. These programs such as Wilson, Language!, and the Susan Barton Reading and Spelling System use an Orton Gillingham based program. These progams are backed over and over again by independent, scientific, replicated research. Please investigate further before investing in this book or in their program. DO NOT be fooled by the false promises in this book."
1,Expensive disposable unit,Filter elements are expensive and only last 2 to 3 weeks. The fan stopped working when less than a year old. The unit cycled off/on repeatedly when moderately cold (35 deg F). It's a poor design with an underpowered blower. Do not buy; it's junk.
1,...Ice Cube took ALOT away when he left.,"Without Ice Cubes lyrical content, NWA felt short into pointless garbage of raping about Killing and rapping woman.This album is no way compared to 'Straight Outta Compton'. The only reason why I gave this a TWO star rating is because 'Real Niggaz' and 'Alwayz into somthin' is okay songs. But most of it is sexist humor about accusing woman of being gold-diggers and giving directions of killing them.If you are a fan of NWA, Dre,Cube, Eazy, or Ren. Pick up 'Straight Outta Compton', Dre's'The Chronic', Ice Cubes'The Predator', Ren's'Kiss my black azz' or Eazy's 1988 debut."
2,Vitamin Supplement,I give 2 of these to my large breed dog daily and she enjoys them! I don't have to hide them in food or bribe her to eat them. She loves the flavor and gladly gobbles them up. Excellent source of vitamins for a healthy pet.
2,Great for beginners!,"Carla's book is great for those just starting with Photoshop 6. It's also a good choice for the less-experienced Photoshop users transitioning from Photoshop 5.5 to the new version. Having served as the Technical Editor for the book, I most certainly give it Five Stars!"
2,Plantronics VoIP wireless headset,Easy to set up. Little difficult to figure out operation instructions via pictures and cross reference several pages back. Manual could be better written with more detail. Overall product works great.
1,Child Abuse,"There are no 0 for stars and I did want to leave my written shock at finding a book that encourages child abuse.The ROD? I thought there were laws to protect children from this kind of abuse, but I guess making money out of it is okay.""if you have to sit on him to spank him, then do not hesitate. And hold him there until he is surrendered. Prove that you are bigger, tougher."" <snip> ""Defeat him totally.""""Him"" being a child. It's quite hard to grasp the concept."
1,Flimsy,"Just put this together for my 7-month old who is starting to stand and cruise. Like the other reviewers, I was shocked at how easily the doors came off. He tried to stand using one hand on a door, and it came off and he fell. This is going back to the store!"
1,Great controls that don't last long,"When I first bought the Logitech Dual Analog game pad the controls were the best and it was recommended for EA Sports games. After awhile the game pad would connect and disconnect. Then, the left analog stick would not move to the right and I found my currently controlled player moving on it's own. I bought another one and that one broke too. Too bad the controller doesn't last long."
2,for garden goodies,"I bought 2 of these books at once in Dec (1 was for a gift)to see if I can get some more ideas on how to preserve every thing in my garden this summer, weather it be freeze, dry, can, etc. So far I hadn't had a chnace to use it due time of year, but did like allot of the content. Excited to use it....."
2,Love it!,"I have carpel tunnel and this is the only mouse I can use to find relief. I can search for hours online without any trouble but 5 minutes with a standard mouse and I am in a lot of pain. It took me about a day to get use to and since it's not standard you have less people helping themselves to your computer because the mouse is ""intimidating"". It's also nice because I can sit back and browse the internet for shopping with my feet up while the mouse is in my hand."
2,Love it.,"This thing is hysterical and my yorkie has a serious love/hate relationship with it. I have had to purchase more than one, though, when my labradoodle found it, it was shredded. Not sturdy enough for any big dog."
1,doesn't work,Re: Kitchen Aid Immersion Blender. I bought it as gift and held on to it until Christmas and it doesn't work. I bought all the attachments and the cloth bag to store it in. It seems I have had it too long for it to be returned so I am out almost $100.
1,Raised eyebrow,"Archetypal Godard with strange, symbolic behavior substituting for a plot, and cryptic, philosophical declarations substituting for dialog.This one starts out like a spy thriller but by the 30 minute mark, it had declared it's dystopian theme. Beneath the confusion there's a message that would make Capt Kirk happy -- that emotions are superior to analytical thought. And love is the best of all.Spock would have raised his eyebrow at this one."
1,Branded Incomplete,"This was an excellent series, but what is provided here are incomplete episodes, as mentioned in the other reviews. About two or three minutes are chopped out of each episode,so these are taken from syndicated airings of this series. Sometimes the episodes don't make sense because of these cuts. The picture quality isn't great, but it's on a par with many of the series from the same time period. Perhaps these episodes were reproduced from VHS copies. I rate the series four stars, but the product here I give only one star. If you want an uncut series, this doesn't seem to be for you. Each episode, minus the theme and the credits, lasts about 18 minutes, even shorter than most modern half-hour series. I was disappointed."
1,not what i hoped for.,"this is the ""americanized"" laurnea'. not too good. her voice is beautiful but i don't feel that its a soulful voice, therefore, shouldn't be on these tracks. the track are too r&b and should be for fantasia or someone like that. the loose ends flavor fits her voice better, or over broken beats (nujazz flavor) or she should work with Agent K (Feed the Cat 2003). he is out of London and that flavor music fits her better. I am kinda sorry i wasted my money on this cd. the cd is full of talent but imagine your football greats in the NBA or NHL...........exactly, her voice does not fit the production/musicians on this CD. Someone before dared to compare her to Erykah Badu. not in the same tree. Erykah is more abstract yet pinpointed with nice basslines in her music. I don't see this here. if your'e simply looking for something a little different this will be your CD. If you are looking to get lost in the music, this is not it."
2,Great Dog Toy,"I bought this for my friend Joan's dog, Katie. Katie would tear out the squawk box of any dog toy given to her. Not this toy.....It could be because the toy ""speaks"" rather than make a noise, regardless, it's a neat sight to behold. She treats this toy special and even takes it to bed with her. ""Oh no Mr. Bill"""
1,If only there were a zero star rating,"Is evident from reading this book that woprking in Mr. Weber's firm must be like working in one of the rings of Hell. This ""book"" is marked by self-indulgence, triviality, and a decadent smugness that speaks volumes. When he isn't rehashing Peteresque ""turn leadership on it's head"" foolishness, he's condescending to all of the ""younger generation"" folks. Save your money for the next Patty Seybold book. At least she has a novel idea once every 20 years."
2,Every Bit As Good As Volume 1,"CBS-FM Program Director Joe McCoy does it again with Ultimate Christmas Album 2-every song is a treat to be enjoyed not only at holiday time but even now, summertime. I found myself putting these albums on during hazy, hot, humid weather to cool off with the air conditioner on. From the opening cut ""Little Saint Nick"" by the Beach Boys to the very last ""After New Years Eve"" by the Heartbeats you'll be thinking of treelights, candycanes & gift wrapping in no time. Very highly recommended for all collectors of classic Christmas music."
2,It's not Anti-American Just Anti-Bush.,"First off the album is good, not great but good. Second, to all the idiots that said that it was an Anti-American album your dumb. I love America as much as the next person but I hate Bush for all the crap he has put America and it's people through so he and his oil buddies can retire not just filthy rich but filthy fu#*ing rich. All that being said the album was alright but the first one was better."
1,Movie should be called A Farewell to A Farewell to Arms,This is all I have to say: Did the director of the movie even read the book?!!! Don't waste your time.
1,ex - cruci - ating,"Delillo is a keen and insightful observer; this populates his book with brilliant phrases, sweet cadences. He also happens to be in love with his style; this has removed any sense of balance or proportion from this tome.Here we have an author who flogs a good idea to death and then one more. In his world, if drinking tea is pleasant, it would be even more so to grind on the leaves.I read someone comparing him to Pynchon. Ha! This book is a smudge compared to the brush-stroke of ""Gravity's rainbow"".Not recommended."
2,Windows Vista Akll-in-One Desk Reference for Dummies,"This is an outstanding reference book for any user - especially of Vista. I own other ""dummies"" books and they are essential to those of us who have limited knowledge of the product."
2,Way better than I expected!,"I am not (yet at least) a fan of Rage Against the Machine. I am definitely a new fan of Tom Morello. No, he does not have a naturally great voice, but it suits the songs on this CD quite well. It reminds me of something along the lines which Bruce Springsteen might do as a solo project. Damn, I had the chance to see Tom Morello perform this music in SF a couple of years. He was headlining and I didn't know who he was and the opening act was Ike Reilly, who is one of my favorite artists. ""The Road I Must Travel"" is currently my favorite cut on this CD. If you're a RATM fan and you're looking to get blown away by Morello's guitar work, this CD will likely be a huge disappointment to you. On the other hand, if you're a fan of great socially progressive folk music, I highly suggest that you give this CD a listen to. What is great is, I now have another artist to look forward to seeing and hearing live. Thanks Tom!"
2,Ny Waterways Guide,A thorough compilliation of facts and data for mariners interested in cruising NY and Vermont waterways from the Hudson river up through Lake Champlain and its environs.Well done and very informative. One should have this book with them for planning and cruising.Noah charts must be obtained seperately.
1,????Live!,"Could be anyone, with anything, playing anywhere. The band Filter would love this generic title!"
1,"Love Dowland, but Sting ruins it","I love Sting's music, and I love anything to do with Elizabethan England. I thought that this CD would combine the best of both worlds and be something that would utterly enthrall me.Dowland's songs and music are wonderful and the lute is beautiful. However, they are completely ruined by Sting. These songs were meant to be sung by someone with a clear, powerful and melodious voice. Sting's voice is raspy and at times it sounds like he doesn't have enough lung capacity. You can hear his labored breathing at times.I actually felt pained listening to him sounding seemingly in pain. I was so disappointed by this CD. I'm wondering if his voice has really gotten that bad, or if it's always been this way and he's always found a way to hide it."
2,Serves its purpose....for me,"Thermometers tend to be very accurate in any price range. But hygrometers in this price range are usually far less accurate. My purpose for keeping several hygrometers placed around my house is to moniter the effectivness of upstairs and downstairs humidifiers during the very dry heating season. This little instrument serves that purpose and is very close to the RH readout of other humidity measuring devices placed close to it.If you're looking for an inexpensive way of making sure you are raising the humidity level in a room, this will work. The smaller sized number temperature readout is very accurate compared to thermostat settings."
2,Excellent overview,"Serge Lang's Basic Mathematics is an excellent overview of algebra and geometry. If you are in high school needing a tutorial primer, or an adult continuing their education after some years, this book will provide through its clarity, examples, and exercises (selected answers are in the back of the book)the refresher course you need for more advanced mathematics, such as calculus and linear algebra."
2,Great account of events,Plan of Attack is classic Woodward! He gives a superb account of events as they happend and goes in to great detail without losing momentum.Would have wished Woodward had some more analysis and conclusions instead of just reporting.
1,Nothing there,"I had been looking forward to reading this book for a while, it was well reviewed by many and I was so excited to get my hands on it, so you can only imagine my disapointment when I opened it up to find nothing really there.The book consists of 7 short stories about women who have some sort of pyschological ailment or another. The stories are just not that good. In seems in her attempts to make these women interesting or enigmatic she forgets to give them a soul. Secondly, these women are not likable, they are weird, self indulgent, self pitying, and mopey. One previous reviewer said it best when she said that the stories don't end, they just stop. Thats so true. Just when you think you may be getting interested in one character the story stops.This book was such a disapointment. If this is supposed to be a commentary on modern women, we should all be insulted and concerned."
2,Donnie Darko - Director's Cut,"Purchased as a Christmas present for a friend who swears the movie is one of his favorite movies. He did not have the uncut version. After watching the uncut version, he affirms that the uncut version helps to explain more of Donnie Darko the person."
1,don't waste your money,"I bought this one b/c of amazon reviews and wasted $5 b/c of it. The word ""kong"" is misleading. This is not a durable toy and within 2 minutes or less my dog chewed it to bits"
1,falls apart everytime!!,"my 4 yr old loves toy roller coaters and loves thomas what a graet combo well, he was so excited to receive this as a present but his excitment didnt last long he couldnt really play with it the trains fall off ,the track comes apart and falls down everytime he goes around the track just once. i would not recommed it is alot of money for a toy that is junk i expected alot more so did my son!"
2,I love this movie!!!,I thought this movie was great. I think Dylan Mc Dermott (or however you spell his last name) is a great actor.
2,Cd case,This was a gift for my husband who wanted a way to organized his CDs in the car this was perfect
2,A solid introductory primer on the Cathars,"If you are going to visit Southern France and want a quick study on the subject of the Cathars, then this book will suffice. You'll probably be able to read it on the plane. From the short stories about Carcassone and Montsegur, and the eventual demise of the Cathars in the midst of the Albigensian crusade, this is a nice ""readers digest"" version of the sect. If however, you are looking for a deeper understanding of the Cathars, look to The Other God."
1,Contact or fiction?,I've read many descriptions of encounters with aliens. This one sounds like total fiction. Highly unbelievable. I would say - don't waste your money.Try some of Whitley Strieber's books if you want believable encounter information.
1,Low Quality!,"Given the price, I was doubtful these would be good, but I was convinced by the two positive reviews. I was sorely disappointed! They felt pretty smooth out of the package, but after the first wash the fabric's true quality was revealed -- they were SCRATCHY and rough. (And not rough like nubby old cozy flannel - I mean like bristly.) This is because cheaper fabric is made from shorter fibers, and so the tiny ends poke out. You can actually feel them. Even the cheapest sheets from Ikea feel better than this!"
2,the barn at gun lake,I like this book because it is really funny. My favorite part was when one of the bad men shot his own partner in the leg. Then the police came and said I guess we know were that bullet went.
1,Not a big fan,I wasnt happy with this. Only cause I expected more. If you are looking for basic easy go with this. If you are looking for more intense and better go with Jari Love: Get Ripped & Chiseled and SWAT Workout: Ultimate Body Definition...those are way great!
2,me gusta mucho,"estos lentes de sol son increibles son elegantes y no me molesta nada el sol, creeo que volveria a comprar otro"
1,Absolutely Dissapointed,"What is this? Maybe it's just me, but I thought I was a pretty good gamer, I normally beat all my games, mostly in the first week easy. But, after or during the 5th mission I flat out couldn't beat it. After 5 or 6 tries at 30 minutes a pop, I gave up. This could be quite possible the worst gaming experience I have ever had."
2,Matching silverware,So glad to have found more pieces for my son's silverware. He needed more pieces and I was so glad to find them - arrived in great shape and he was very pleased.
1,Dawn on a Distant Shore-Sara Donati,"I was extremely disappointed in this sequel. I had read ""Into the Wilderness"" and loved it for the writing and characterzations. It was done so well. This book hardly seemed to have been written by the same author. It was rushed, badly written and I could not get into it. Such a shame from someone who had been my new favorite author."
2,a good reveiw,"i was able to locate this seson, at an decent price on amozon, and took an single week at best, which is good proper, waiting time, and as well came in safe, proper condiction"
2,great sound,ok the bass is real nice & the trebble can get high without any sound Disruption.. been looking for a pair like these for a long wile. i finaly found the perfect earhook buds.
1,talantless,"thanks for nothing, britney has been polluting our airwaves for years and has to be stopped.please someone STOP BRITNEYbob_chicken"
1,Completely lost,"You have to watch this movie without expecting it to go anywhere and then you might be able to appreciate the interesting cinematography and subtlties of expression in the actors. I didn't know that when I watched it and I kept waiting for something to happen. The movie is also hard on Bill Murray's character's wife--making it seem that she isn't justified in calling him and telling him he should be at home. He should be at home. His wife is right. He might be less depressed and lost if he went home, instead of staying away longer than he needs to and swooning over a girl half his age who is married to someone else. Speaking of Scarlett Johansson, her character comes on a business trip with her husband and then acts hurt that he's not spending more time with her. This movie caters to all the selfishness in people and makes it seem justifiable and right. Good camera work, though."
1,No Wide Screen Format Again and Again and Again!!!!,Disney Studios has done it again! They finally release a gem of a wonderful 5 star movie on DVD but selfishly release it in the fullscreen format of the 1.33:1 aspect ratio instead of the original 2.35:1 widescreen format. Missing is beautiful verdant cinematography of the Pacific northwest.Newer home theater systems and DVD players are meant to exploit new technology and not sent it back to the days of top load VHS players. Disney's arrogant approach shows they have no respect for the consumer and the buying public should not tolerate this attitude! - - A note to Roy Disney: I'm so sorry for the shoddy treatment given to this film; I believe your Uncle Walt would want this movie to be viewed the way it was filmed.**And why is this wonderful DVD available in its OAR of 2.35:1 in Region 2 Europe? Are we here in Region 1 North America not worthy of seeing our own films the way they were meant to be seen?
2,The Barbarian Prince,This book was so good I couldnt put it down. I like the fact that the main female was no pushover.
1,One Story and Parts of Eight Others,"After reading and loving A Catcher in the Rye, I was expecting this to be brilliant. What it wound up being was similar to a trip to the dentist.The first story, ""A Perfect Day For Bananafish"" was very entertaining, and got my hopes up. I expected that the rest of the stories would have some sort of entertainment value, some sort of plot twist, but it was all downhill after that. The one star I gave it was for that first story.The most striking thing about these stories is that while they have vivid descriptions and colorful character portraits, the stories have no plot whatsoever, and the characters dont *do* anything. I found that I was asking myself ""what was the point?"" after reading each of the latter eight stories. If you havent read Salinger before, do yourself a favor and read A Catcher in the Rye before you read this, because otherwise it will turn you off to Salinger entirely."
1,Disappointingly boring,"I tried very hard to like this album because I like some of the artists involved, but the songs are too alike and, thus, the album is unfortunately quite boring. No song stands out for its musicality or its lyrics. The monotony is disappointing."
2,Kelly's Heros casting excellence,"All the main characters of this excellent film were cast and allowed to display their unique personalities. Years before ""Dirty Harry"", as only one example, but one can see Harry in Eastwood's role here. Donald Sutherland here plays a rag-tag tank commander but you can see his unique brand of humor we enjoyed in ""MASH"". Several similar."
2,Tip Top,"Spiderbait are one of the very few up-beat, guitar-based bands that I never seem to tire of. Grand Slam is their best effort to date and actually contains a fair portion of variety and experimentation, especially for a three-piece. Whether it be listen number 1, or listen number 51, this is a record that will never fail to lift your mood."
1,WASTE OF TIME AND MONEY!!!! THE BOOK IS COMPLETE GARBAGE!!!!,"The book is absolute, 100%, ......I can't believe I wasted my cash on this stupid book. It shouldn't be on the market. The jokes, put-downs, and insults are extremely corny and severely lame.TRUST ME! STAY AWAY FROM THIS BOOK AT ALL COST!!!!!!!!!!!!"
1,disapointed,"Sat down to watch this show that looked absolutely adorable, with my family, and quickly realized this was not a family show. It was full of sexual content and eventually I decided it was too inappropriate for my 9 yr old, and it made me too uncomfortable to watch with my 14 yr old. So sad. We were looking forward to watching the season together."
1,this is a piece of junk,"this computer is a piece of junk, fist the 250 watt power supply is not enough for the system , I have replaced everything in this unit since day one power supply twice (which was under warranty) disk drives , cd rom , floppy etc and of course the motherboard , which has to be tatu and you cant just get a motherboard with out buying a new operating system, dont waste your time on this unit ! hp used to be the best for gods sake dont buy this computer!"
1,Good book. But Stephen Fry's reading is 1000x better!,"The HP books are a great deal of fun, and it's hard to imagine anything else I could say about them that hasn't been said ten thousand times already.I do however want to say something about the *Audiobooks.* For reasons beyond my ken, Amazon.com does not let you know that there is an infinitely better version than this available, read by the delightful Stephen Fry. According to J.K. Rowling, her daughter listens to the (Fry) audiobooks constantly. Stephen Fry's gorgeous voice is a pleasure any time, but these books give him grand scope for mimicry and vocal characterization.Choosing to record a new version of these books for an American audience when Stephen Fry has already so brilliantly done them is perverse in its idiocy. Don't bother with this version; go over to Amazon.co.uk and buy the real thing!"
1,Well....,"No. This film is not a triumph of the human spirit against adversity. Emotionally disturbed father does bad job of raising schizoid son with music talent. The end. You could ""enjoy"" the same character development by hanging out in an inner city bus terminal late at night and striking up a conversation with the people who approach you for spare change. So what was good? Several truly beautiful performances of Rachmaninov's compositions."
2,Awesome music!,This is an outstanding CD. Matt and the Wild Bunch are a great group of guys. They are outstanding performers as well as musicians. I highly encourage everyone to purchase this CD. It will absolutely blow your doors off. If you like Country Music give this a try you will NOT be disappointed!
2,The Classic Detective,"Anyone not familiar with all of Doyle's Sherlock Holmes is truly missing out. I first read The Complete Sherlock Holmes when I was 8 (not difficult reading and very enjoyable) and have been an afficionado ever since. Holmes is, without a doubt, THE detective (see Irene Adler in ""A Scandal in Bohemia""). This is the work that gave detectives a place in literature. All other mystery fiction stems from this. A must-read."
2,Pretty wild creatures!,"I did enjoy the collection of monsters here. Some of them are a bit repetive and not so useful, others can be 'comic' releif and some of them are just silly and some need a tone down here and there. Overall it is decent enough for the price and you will be able to pull a monster or two out of the book here and there. Not sure what the forsaken stuff is about. The pics are black and white, which isn't bad. Black and white brings simplicity and it's own auroa. If you need some more material as for as monsters, this would be good but hardly mandatory. I think the fatling here is awesome!"
1,The Wi,I just couldn't seem to get into it only watched 1st season so far - i'll finish it but not high on my list
1,They could make it better,"I had to modify mine to hook/hold my foot better. I'm 5'8"" maybe for those taller people it's not a problem."
1,Can you say sell out ?,I don't want to sound mean or anything but Creed is terrible now.I liked the my own prison era creed. I even thought that human clay era creed was good but now they just sicken me. they have gotten worse with every album. If you want to here some good bands that Creed has modeled their sound after check out Alice in chains or pearl jam
1,Review Outdoor Motion light,I am afraid I put the light up and worked properly for a week and no longer functions properly.
2,"For the price, very good","I heard good things, so since I was selling the drums, I gave these a try. I didn't expect they would sound like Evans Pinstripes, and they don't, but, they really have a pretty good sound. They tune easily, seat well, and for the price, they sound great! Pretty shocking really. I've spent allot more money on heads that sounded much worse. Good bounce, good sound, and strong. I'm not sure I'd buy these for the studio, but you could do ALLOT worse, and for a allot more money. I bought another set as back up heads to my touring set. Nice deal, well done!"
2,Impressed..,"Not being a Sarah McLachlan fan, except of her rare dance/DJ collaborations, I've been converted with this collection of beautiful, graceful, introspective and moving tracks.With a beautiful voice, interesting lyrics, and excellent composition, this is definitely one of the best albums I have heard this year."
1,Makes me embarrased to be a Christian,"This book is insanely dogmatic and the author obviously spent more time making sure each of the 50 ""reasons"" filled EXACTLY 2 pages. Not a word more.. or less.What a terrible book. I did read as far as reason 30 even though my wife wanted me to stop because the book kept upsetting me so badly.Very depressing. (...)Not recommended unless you like dogma and wish to punish yourself."
1,Contains cancer causing compounds,"Do not use this product. Why?Made with Padimate O: The excited padimate O molecule reacts bimolecularly with DNA and produces indirect DNA damages, that are similar to those done by ionizing radiation. Therefore padimate o is presumably photocarcinogenic.Made with Oxybenzone: This organic compound has been shown to penetrate into the skin where it acts as a photosensitizer. This results in an increased production of free radicals under illumination, which makes this substance a likely photocarcinogen"
2,How will this help you?...,Does sound corny but also goes through some useful territory in the later sections.It's not ALL stellar but if you are experimental you will find some good in this program.
1,I'd give it Zero stars if possible,"I am an avid horror movie fan. I also love dark comedies and this was by far the worst movie i have ever seen. Each copy of this movie should be burned in a fire before it's mindnumbing LACK of plot, acting talent, and gore spread to more movie fans. In theory the story itself sounds extremely promising, however this is a movie that i could not turn away from while watching because i just kept assuming, ""it has to get better at some point right?"". Wrong. The acting is absolutely horrendous. The gore is really not nearly as gorey as others on here would lead you to believe. And the general underlying premise of love in the story is far too care bear and cotton candy campy for any actual person to believe. If you have any theatre background or appreciation of fine arts at all, watching this movie all the way through will only prove that you have masocistic tendencies towards your own intelligence. Save yourselves."
2,This is a GREAT High Definition (BLU RAY) Addition!,"Contrary to the person who reviewed that this was in aspect ratio of 1:33, it is NOT--it is in full HIGH DEF 2.4 1920x1080 with 7.1 Dolby Digital sound.It is gorgeous--they did a wonderful job with lighting, effects, etc. We have both the Widescreen regular version as well as this Blu Ray and it's a world of difference. Of course, with Blu Ray, you see SO much more, but even I was surprised with how much more crisp an animated picture could be.The movie itself is cute--has a GREAT message, and of course, lots of adult humor mixed in with the kids' stuff. Great movie for all ages. Gotta have a Blu-Ray player--whether it be a PS3 or a separate unit, it's a must-have for any HD home.Oh, and the soundtrack is great, too!"
1,The original what...?,"This book although interesting by its presentation. It's base on scholar hypothesis. The named ""Q"" gospel "" or better known ""quelle"" its an hyphothetical scholar view, the document DOES NOT EXISTS, there is not evidence of the Q. Mr Robinson keep searching for the original ""good news"", but at least find the Q first."
2,Intuitive view about the emergence of complexity,"It explains, mainly through examples in chemistry and physics, what are the required components for ""complex behaviors"" to occur within dynamical systems. It does not insist on the technicalities proper to the examples but rather tries to gather what one can learn from specific situations concerning the necessary components for complexity to arise.Focus is on intuition and global understanding, not on mathematical aspects. However, some knowledge in math would certainly help...a first course in probability theory and some background in dynamical systems is a good idea (at the level of undergraduate courses in pure and applied sciences).All explanations are not rigorous but the objective is to provide a good intuition about the mechanisms driving complexity. Recommended for all people interested in stochastic modeling and chaos theory."
2,Wagon Wheels by Maria C.,"I think wagon wheels by Barbara Brenners is historical fiction.Everybody who loves historical fiction this is a book for you!It is about the Muldie boys and their father. When they were going to Nicodemus, the boys' mother died. Another important thing that happened was when the Muldie boys stayed by themselves because their father went to find free land. I think it was a good book because it made me feel nervous. For example, when there was a prairie fire, I thought the Muldie boys might burn up. I learned that sometimes you don't need an adult to help you."
1,don't waste your time and money....look elsewhere,"I ordered this booklet/pamphlet based on the reviews and also because the books is kind of short. When dealing with goal setting short it is not necessarily bad. You certainly don't want a psychological dissertation about the benefits of goal setting. But a least you should expect the book to explain one of the many ways of setting them. However, this book does not provide any specific as to how to go about it.The book not only is very short (less than 40 pages) with big typed letters and lots of white space, but the author only deals with some psychological benefit of goal setting, and a few ""catchy"" phrases. And I guess for ""meat"" or mechanics of the subject you should look elsewhere. Get ""Your best year yet"" by Jinny S. Ditzler, and don't waste your money on this pamphlet."
2,satisfied,"Amazon was a very good company to deal with, no problems and no hassels. The TV has been great, and I am very satisfied with the whole transaction."
1,"Quick, get this girl some singing lessons!","This is about the worst album I've ever listened to. DO NOT BUY THIS CD (I didn't, I just listened to my friend's copy). It will be a huge waste of money because Hilary Duff can't sing to save her life.First of all, all her songs are enhanced by computers or dubbed with many, many background voices. And she STILL sounds terrible! So her voice must have been really, really, really bad before they enhanced it.And most of her songs are completely boring and unintelligible; she sings about love and tween-stuff but it's SO obvious she doesn't know diddly. Half the time, I can barely understand what the hell she's talking about. This CD is sure to drive you insane. If you like Hilary Duff now (WHY?!?!?!), then you'll hate her after listening to this CD.She should stop pretending she knows how to sing, get some voice lessons, and then try again. This CD is truly painful to listen to."
2,Perfect For Pasta,"After I bought a Dexas Silicone Pop Strainer, I never again ruined cooked pasta, (macaroni noodles, shells, or spaghetti), on the mesh of a metal strainer. And, using its large handle and front piece to balance it over a pot, I let excess cooked pasta cool down for storage in the refrigerator. Since I only use it for draining boiling water out of pasta, I quickly rub it with a plastic scrubber under very hot running water to get rid of any pasta starch clinging to it, and stack it opened in the dish drainer to dry. When completely dry It packs away easily in a drawer, so it takes up very little storage area. It's paid for itself over and over again, in money, time, and enjoyment. Great!"
1,Beware All Things Epson,"Unfortunately, we have an Epson printer, the older brother of this model (the CX6400). Epson had a class-action suit brought against them a couple of years ago, and with good reason--their ink cartridges register empty when they are nothing of the sort. You can hear the ink slosh around inside after the printer tells you it's out. The result of the suit was a coupon for $45 of Epson swag...obviously, printer manufacturers get you on ink, but Epson's the king. The printer doesn't even fade, it simply refuses to go another step. Perhaps the Epson Jackass would be a better name? What's more, the nozzles clog regularly, the print quality suffers consistently, and you have to perform diagnostics and cleaning routinely. Avoid this model and anything like it, lest you have a giant money-sucking paperweight anywhere near your workspace."
1,misleading,This case was offered as a companion to the external hard drive that I purchased. The problem is that the hard drive does not fit in this case!
1,Dangerous!,"This set is not only lacking the sharpness needed in cutting and dicing but it cointains nothing but serrated knives, why? That can be dangerous, I tell you from experience.I wanted to give them away to someone I know, but I don't think they deserve such a bad knife set. By the way, MADE IN CHINA."
1,disappointed but maybe i expected too much,I'm a big fan of Nassim Taleb so I was very interested in why he said this book was his favorite book on finance. I also had a similar experience to this author which further heightened my expectations. it's a quick read - took me about five hours - but I am still wondering what Taleb saw in it. They must be friends. There's really nothing substantial here.
2,ein Muss,"Ich finde, dass dieses Buch ein Muss für jeden historisch Interessierten sein sollte - und für jeden Fechter sowieso. Zwar weicht Castle in einigen Details von anderen Fechthistorikern ab, z.B. Hergsell, aber dies meist nur bei zweifelhafter Quellenlage. Ansonsten kann ich dieses Buch uneingeschränkt empfehlen."
1,Cruel to be Kind,"Joan,If you're out there--I love you. I followed you through the blues, R&B;, Motown, country, and Philly soul. I always said I'd buy a record of you singing the phone book. And I would. But this is too much. Girl, you sing naughty, not nice. Please shout the blues, and leave others to praise the Lord. Amen."
2,the standard,"This is an excellent grinder for home use and the one that I use on a daily basis. It is relatively quiet (so I can grind my beans in the morning without waking the kids) and large enough to process 8 or so cups (a full pot) of coffee. The only downside is that you have to practice the knack of when to stop grinding due to the lack of coarse control, but it makes up for it with ease of use. In my mind the quietness, ease of use and ease of cleaning (the black model is easier to clean than white) make this a must-have for coffee lovers."
2,THIS IS A MUST,"This book is a must for anyone planning on doing business in China or even just spending time there. The author goes into the needed detail of mannerism differences as well as how face is saved and gained. After spending a lot of time in China, I realized that this book actually opens doors.... If I did not learn the correct mindset and mannerisms from this book, I would have been in the dark like some other foreigners I met. I can not stress how essential this book is, it helps to just get by in a society that is so different to ours."
1,Do not buy this grinder,"This morning we broke the THIRD one we've had. The first burned out quickly when we didn't insert the cup into it properly, a mistake it's easy to make because the design isn't very clear about how to do it. Bought a second one, it was broken out of the box. Exchanged that, used the new one 2-3 times, now it's broken too. I think it can only tolerate less than 1/2 cup of beans at a time, so, what good is it? A lousy product overall."
1,Broken...,"Worked for a 150h and I didn't see some difference honestly, filter was dirty but no difference really(living room 30 m2, sometimes smoking), after that got broken, I don't know whats the problem and will not try to fix it because its a bad deal its useless.I wouldn't recommend this."
1,Tcl trick collection!,"(This review is for the 3rd edition of this book, andI am only half way through the book.)It is very hard to learn Tcl/Tk reading this book.This book does not teach you THE language. It onlytries to teach you tricks and way arounds that couldbe useful for someone already know Tck/Tk.If the author have devoted a couple of early chaptersto explain the principles of the language, he wouldn'thave to write such a thick book full of only tricks.Worse, the examples in the book are often not wellexplained, and you have to jump around the chaptersto read the examples because most examples use commandsthat are introduced in later chapters."
2,Velvety Smooth,"Nat King Cole had a great voice. My 2 favorite tracks are Stardust and Smile, although it is a shame the recordings, although cleaned up as much as possible, were still below today's standards. Nevertheless, for my money, these are the best recordings of these 2 songs by any artist."
1,Caveat Emptor!,"I am a freshman medical student at the University of Arkansas in Little Rock. If there is one thing that I can do for my colleauges is to wave a red flag and tell you NOT to buy this book. Firstly, the organization is extremely poor. Secondly, some information is inaccurate and/or outdated. Finally, the material is obviously condensed from a superior text on Histology by Gartner & Hyatt. Although, G&H is more expensive, it is well worth your money. The two color illustrations are also ""modified from"" other texts."
2,Great eye cream!,I've been using this product for over 6 months now and I love it! Only eye cream that has been able to diminish my stubborn crows feet! I have used numerous different products and none of them come even close!! This is a must have!!
2,Yet Another Waco,"A nonfiction book of this sort is the most difficult to review because there are so many factors to consider. About the writing style: I felt it was quite good (thus four stars), but I would have liked the story to move along faster. Much of the book could have been condensed, leaving room for all of the things that were left out (and I'm convinced a whole bunch of stuff was).The author seemed determined to show how it was rational for him to haved joined this group, but he failed. I kept reading between the lines thinking, WHAT WAS HE THINKING? This is not an objective report. This does not tell you what really happened at Waco. But perhaps that is not the author's fault. I doubt any book on the subject CAN be objective. What those of us who weren't involved must do is read everything we can on the subject and draw our own, hopefully rational conclusions. A lot of people made mistakes in Waco. David Thibodeau is no exception."
2,can opener,came highly recommnended--we both like it very much---would definitely recommend to other customers--great can opener--we always purchased lower priced can openers.
1,Not worth the money,"Poorly formatted with extremely large text. Nowhere near a complete list. But to be fair, there are only so many rules that are referred to in the series. Asking for a refund."
2,It is truly AMAZING!! I'm impressed!,"The pen works really well. The accuracy is right on. I mostly needed it to scan my textbook so it could essentially type my notes for me. it was highly accurate and easily used. I can insert a return when i need to by one simple push of the function button. if you need it to scan text and throw it on your computer with ease this is the pen for you. its worth a try and def worth the money. my one drawback for me is it is NOT compatible with a mac. i have a macbook aluminum running os x and i spent a good amount of time trying to get it up and running and it was a no go. so the good thing was i have parallels and it worked out fine, but since on my parallels i don't have word i have to put it in wordpad then trasnfer it to word.the pen stays connected to the computer.it's extremely easy to use. just point and scan. the button on the tip of one of the legs turns on the light letting you know its scanning.it is really accurate and does what it is supposed to."
2,"Flat out, blasting Punk Rock'N'Roll","Wild mix of the Dolls, the MC5, the Stooges, pre Rollins Black Flag and a whole lot of 60's garage rock hooks. These guys make it all seem so easy. The twin guitar sound is as big and thick as a wrestler's neck, and it's perfectly complemented by singer's WWF approved holler.Beyond the flooring impact of the sound, it's the songs that make this platter so hard to remove from your deck. Numbers like 'I'm not your nothing' have all the simple, stripped down, brilliance of the early Ramones. Pefect for greying punks like yours truly - as for the young 'uns, their future is safe in these tattooed knuckles: this is the real deal!"
1,Wow,"I dont think so, dont ruin a classic please keep that indian stuff out of it. If you want to make a movie please come up with your own plot. I did not like the movies and had difficulty finding any stability with the plot. Drop this and pick up Pride and Predejuice the new one. I have seen other bollywood stuff even though this was kinda hollywood and lemme say that it actuvally is hollywood in bombay. Enlgihs movies in hindi with songs and different characters. Also dont be proud after seeing this thinking you go a dose of indian culture(which I am sure most of you have not) this is nothing read a book if you must.But there are better options so cjoose wisely. But one of these guys is in Lost so I will give it 2 stars(Sayid)."
1,Disappointing. Not recommended,"I feel a bit ripped off with this one. It doesn't explain how to to do a simple IVR system like I wanted. A lot of the code just plain doesn't work (at least under VB5), a number of the examples require a C++ compiler, or require you to buy additional custom controls. One of the archives on the CD is faulty and won't decompress. SAMs had no answer - they said the book was 'too old' (2 years!) No response whatsoever from the author Amundsen."
1,DO NOT BUY THIS BOOK,"More than 50% of this book consisteng of 11 chapters, does not contain matrerial that Microsoft lists as objectives for writing the exam! The rest of the book (Chapers 7 to 11) has no down to earth technical material. The acompanying CD does not have any real-world test examples LIKE those that occurs in the test. (HOW CAN MICROSOFT PUT THEIR NAME ON THIS BOOK and promote it as a study guide for their tests??)Bottom line is, dont buy this book. You'll prepare yourself better by gettiong in a good night sleep the night before, than trying learn something.It doesnt even deserve one star!"
2,tips on improving air flow.,"i purchased my first one in april,2012 and purchased a second one about 2 weeks ago. i turn off my entire a/c until 6pm. today it was 97 degrees inside my mobile home and i was comfortable with both coolers on my sides. the biggest tip i can give you for any of these smaller coolers is to buy a cooling pad made for larger residential coolers and cut it to size to fit within the nylon mesh. 6""x20"" inches approximately. i bought a 20""by 34"" DURACOOL pad at lowes and cut it to size. if you use cold water and ice with this pad you will see a large increase in coolness. i have noticed an indoor temp of 85 or below is ideal. my only wish is that it is quieter when on medium and high speeds. plus remember it works best in dry climates. do not criticize the unit or buy one if you live in a humid climate."
2,Excellent fantasy lore,"Feist weaves a delightful tale - a vivid fantasy world, endearing characters, and an enthralling story. Feist's writing style could be better, but this is nonetheless a spectacular novel that will keep you up for hours. Highly recommended!"
1,"Nice sound, annoying save mode, will break on you","I rarely give bad reviews on items. But this one deserves it! The sound was very good, I had no problems with that. The battery save mode where it disconnects itself was annoying at first, but I eventually got used to it. However, less than 2 months after I bought it, the earpiece snapped and broke. If you buy this item, you better handle the adjustments with kid gloves. And if you try to fiddle with it while its on your ear, its just a matter of time before it breaks! I tried super glue... doesn't work. Therefore, I have a great headset that I can't use because the earpiece broke. The back of it says ""made in China""... with that information, I guess 2 months of use should be about right ! Beware !!"
2,Presentable watch,The watch is very presentable and my girl friend likes it so much as it's my first Christmas present for her. The parcel reached me 2 days before Christmas Day and it really makes her day when she received it...This watch is really value for money.
1,"A ""Jerry Springer Experience"" for right-wingers","This book contains nothing which cannot be seen every night (with a more entertaining slant) on the Jerry Springer show - minus the classist,right-wing dogma."
2,Awesome,Truth be told I bought this because I'm an Assassin creed fan but after buying this for my kindle fire I could hardly put it down and I am loving everything i am reading with in it. Lewis does a great job with giving information and reference on the assassins and their origin.
1,Disappointed,"I read The Mermaid Chair based on the hype, but the experience didn't live up to it. I was disappointed that the backstory of the chair itself was not more central to the novel. Also, the story of the mother's attempts at repentance through self-mutilation did not have enough depth. Telling the story completely in third-person as opposed to alternating first/third would have allowed more exploration of the mother's own internal reflections, shedding more light on her story. Just another midlife crisis story? I think so. The fact that the affair was with a priest even became boring. The ending was predictable.I am not impressed with this novel."
1,"Please, I have better things to do with my time!","This movie was both long and dumb. It had no point! Which is just why you make a movie, to get a point across. Forget about figurative meanings here, my gosh forget about literal or any meanings at all! I caught myself laughing only at one point in the whole movie, it's not worth it, don't waste your money on this, keep on going, look else where."
2,Wow,"I could not put the book down, great read. I could feel the thud of RPG's against the turret of the M-1 Abrams."
2,I'm Weird and So is This Book But I Liked It,I thought this was pretty well researched and an honest look through one persons eyes at the extreme. Its certainly not for everyone but it is really interesting and at times quite humorous. Worth checking out.
1,pedophilia at it's best,"Let's see... she's how old and David Bowie wants to make her his queen? Not only is this one of the ABSOLUTE CREEPIEST movies I've ever scene, it's seriously sick. It continues to appall me how many people just LOVE this film."
2,Olympus charger,This is an exact replacement charger for our digital camera. Works exactly as described.
1,For Sizzla Fans Only,"I'm hardly ever disappointed when I buy a Sizzla CD, but he puts out so many in a year that one is always way better than the others. This is not the one. I only really like about 3 songs on this album. And that one labeled 'remix' is practically just an acapella. The sound quality of this production could be better too. So if u're already a sizzla fan and you have an MP3 player, you can just rip the good tracks and fyah bun de rest...Lyrically and performance wise, this is typical Sizzla; musically, its more roots, reggae and some ole school riddims than contemporary dancehall like the 'rise to the occassion' release..."
2,Meta modern Era,"I loved this book. Shri Mataji does not only tells us about the problems we are facing, but She gives the answer to them by unveiling the most revolutionary discovery of this modern times, the awekening of the spiritual energy Kundalini and offering the reader the opportunity of a life changing experience. This book went directly to my heart. I will certainly recommend it to anyone who is sincerely seeking the truth about him/herself and the porpouse of his/her existance."
2,Powerful Documentary,"This is a powerful documentary which in 18 minutes portrays the Catholic priesthood in its full capacity and spiritual power. Every young Catholic man or teenager should see this movie, whether they are thinking about the priesthood or not. It shows that only real men can be priests: no wimps allowed. I am a happily married man and father, but if I had seen this movie before I met my wife, I would have been applying the same day for the seminary."
1,Whitney's Greatest?,"Sorry, I was very disappointed with this album. The Disc #2 is a waste and there are many of her upbeat hits missing from Disc #1. Is this the best she could do to revitalize her career?"
1,Badly written script,"The script did not do justice to the original Avatar. I could not find fault in scenery and special effects; the back-end crew did their job. Here are the reason for poor rating:- need tighter script, doesn't seem to be written in native English tongue.- need better directing, poor camera angles to highlight character emotions to convey message- need better post cut, amateur editing/cutting job only concentrate on action scenes but not character dialogueGood thing it was free through Amazon Prime.If they continue with the 2nd movie, replace the writer, director, and editing house on this first movie. Then, I will reconsider purchase it and forgive their poor judgement on the first cut."
1,Not even worth a full star,"RJA sounds like every other top 40 boy band trying desperately to have some kind of punk edge. I suppose if one has simple, one dimensional tastes in music, this album might be for them."
2,"Extensive examples, tips and techniques to bring positive change in an organization","I recommend this book for those who are actively managing change in an organization. I did not read this book cover to cover as it is a huge book. The chapter I liked most was ""Walking the Talk"". The personal checklist of questions (given below) to get ""centered"" will be helpful to me.1. Do I have ""Constancy of Purpose""2. Am I patient enough?3. Am I too patient?4. Can I muster the necessary courage?5. Can I keep an optimistic bias?6. Am I Oppurtunistic?7. Am I approaching people with compassion?8. Do I conduct my work with love?Detailed explanation for each of these questions is given on page # 211 and 212."
1,Wrong Sized Motor + US style plug,"Dear Review Manager,I was delighted to receive my Drill Doctor, but after unpacking noted that it was fitted with a plug to suit a US electrical outlet.No problem I thought, hardly worth requesting an exchange so fitted a 3 pin plug to suit Australian electrical outlet. Now I note that the rating of the motor is only 110 volts so assume unsuitable for Australian arrangements anyway (240 volts)!Surely your ordering department is aware of the differing electrical supplies and connections before dispatching purchases!!??Please advise on proposed remedial action so my faith in Amazon (and that of my friends) can be maintained.Yours sincerely,Peter Gillett"
2,Search Engine Reference,"This book is mainly for those interested in pursuing a career in search engine optimization. It covers all the basics involved in modifying a site for better visibility as well as the history behind search engines. Some of the chapters which are engine specific are a bit outdated, but that is understandable considering how rapidly changes occur in this particular field. It belongs on the shelf of a search engine optimizer or any web professional who is interested in the in-depth information the it provides.I do think that the companion CD is a piece of fluff and an unecessary addition."
1,died within 6 months!,"This thing sucked! I was using it fine in my digital camera when all of a sudden during the day, the camera couldn't detect it anymore. When I popped another card it, it was fine. Paid good money for an unreliable piece of junk."
2,Great Plan you can get for Free!,"I've used this plan to great effect. It really only takes 12-14 minutes per day and you can get to a surprising level of fitness with just these exercises and perhaps some extra walking. It's not a miracle, but it is easy. It requires no equipment and the instructions are easy to follow.I'd be careful if your back isn't that great-some of the exercises can provide a strain. I'd look elsewhere.Please, though, unless you are looking for a collector's edition, don't pay money for this plan. You can download the pdf online, there's websites that track your progress and are free. If you can use google, you can find this information for no cost!"
2,Great Book,"This book was recommended to me by a friend and I am so glad I read it. I found myself actually laughing outloud at the main character and her family. It's about a single Italian woman who meets the love of her life who just happens to be Irish and a non believer. According to her family, who are strict Catholics, it couldn't get much worse! You will fall in love with her and her family and witness a ""miracle"" at the conclusion. It's light, entertaining and a good read."
1,firetruck wall hanger,it is cut my son liked it we hung it in his new remodeled bedroom all with firetruck theme
2,An Eye Opener Full of Statistics,"This book has had such an amazing effect not only on me but on my family as well. Every time I came across something that was worthy of yelling out I did. I have eaten at fast food restaurants across the nation since i was a little toddler. It never came to my attention of the ""god-awful"" things that these business put into making the food that I love. The biblical quote, ""the truth shall set you free"" is the exact feeling that came to my as I finished the book. I have never read such a book that delved into so my different background stories. The fact that the author spent so my time alone researching for the book proves that he felt strongly about what he was trying to prove. The most important aspect in this book are the effects that the fast food tycoons have over the nations. And how many of the technology advances and businnes studies have their foundation in the fast food business. I would recommend this book to any one who is willing to change!"
2,garmin rocks,"Wow!! I don't know how I ever got along without a gps. I recently purchased the garmin nuvi 350 after reading online reviews and talking to coworkers. It is definetly the best purchase I have made in a long time. The first weekend I had it we visited a friend in Chester, pa. (just outside Philadelphia). Typed in the address and it took us right there. MY wife then used it to go to a bridal shower in northeast Philadelphia and fell in love with it. (up until then she thought it was just another gadget i couldn't live without.) The map views are clear and easy to follow, turn by turn directions given in plenty of time, data base unbelievable. Simple to use and fun. ------------- Harry F."
2,Recommended for Anyone,"This is one of those Hawkwind albums that fans often suggest among their best, but notwithstanding the controversy in any discussion of ""the best"", this one is safe for any new listener to Hawkwind. Solid rock from end-to-end with space-rock interludes. If you want a dose of a more straight up harder rock from Hawkwind, go for this. If you are more progressively-inclined, go for Hall of the Mountain Grill first, but definitely add this one to your stash if you like what you hear of Hawkwind."
2,pretty bad,this game may look cool but when you start to play it it gets boring I beat it in an hour without cheat codes you can buy it but rent it first before you buy it just to see if you like it
1,"Weak story, little closure","The story started strong but seemed to get lost. Characters were poorly developed. Too many were introduced and then abandoned allowing for a loss of focus by the reader. While the surprise ending was clever, the book screams for an epilog of some kind."
2,Superb Company!,"I love this ring! It is exactly what I expected and what is shown. I think the stone may be just a little darker than in the picture. What's really awesome is this company!! Due to gift card problems which I will not go into, I believe my amazon.com account had been reset when they were fixing my problem. Well i was so excited to order these two rings I'd been eying I didn't even notice until AFTER the order went through that my shipping address had reset! Worst is my old address is California and I am now in Tennessee! I emailed both sellers right away and this seller helped make sure I got my ring! They had to ship it twice and did not even charge me the second shipping! It's some of the BEST customer service I have ever experienced and I will be doing business with them again!! Thank you Thank you to the good people at Silver Insanity! You guys are awesome!! :)"
2,Great price and features.,Smooth and accurate tracking. The extra buttons are a useful addition. Does feel a little big and moves on a smooth surface with less tension then I would like but a good overall value.
2,Excellent Loaf Pan,"This is a super high quality loaf pan. Nothing sticks! The rounded edges keep your hands safe, unlike other cheaply made products. Bread comes out evenly cooked. Easy cleanup. What more could you ask for!"
1,Great content... horrible tape,"This is a neat TV christmas special from the 1990s. The problem is that (I guess for music licensing reasons) bad music is dubbed over many scenes.In other words, you see Barbara Eden on you screen but you can barely hear her because there is generic christmas music dubbed over her audio (I assume to cover up some background music.)Plus the dubbed tunes are just awful. They sound like old cell phone ring tones."
1,Absolut Booligans,"What an absolutely horrid film. There are a few startling points, but hardly a horror movie. It wreaks of 6th sense gone b-list."
2,Ancient Psychic Computers???,"A little flakey at times, but what do you really ecpect. Best when paired against a more 'practical', physical examination of the skulls, for the sake of fact-checking and drama-reduction. Overall, very interesting."
2,Awesome movie!,"Really enjoyed this movie! It's fun to see Robert Downey Jr. doing so many great movies again! Check this one out, you won't be disappointed."
2,Great and Intelligent Album,"Can-I-Bus is a great album!!! His lyrics are not only great, but he uses big words to show his intelligence. I think he's the smartest and illest rapper today. Just listen to Channel Zero."
1,Too broad to take too seriously...,"For 177 pages the author only provides 8 endnotes. With that said, it is understandably frustrating to read some rather sensational quotes that are then not cited. This is poor work.I usually enjoy Sophia Press works and I appreciate Moczar's love of the Church but this work is not one I find worthwhile to read."
2,Let's get high and write some poems,"I watched this movie in one of my classes and I loved it. I did not know that John Hannah was in it, and when I saw him in it I knew I would like it. It is a crazy drug adventure that is beautifully done. If you liked Fear & Loathing you will enjoy this movie, if not...don't bother. No, the movie is not historically accurate. I don't think they wanted it to be, but what they did do is make a great movie. The dialogue is great, and the acting superb."
2,FINALLY FOUND 'EM - THANKS AMAZON.,"We enjoyed these for years growing up in Ohio. Have never been able to locate them in Texas, and they are my all time favoite cheese snack. They came to me in just a few days, and were in excellent shape on arrival. They are just what we hoped they would be and we ate up the fist case in no time! I have an order in right now for two more cases. If you love sharp cheddar flavor, you will love these."
1,It's no wonder they didn't release another album after this,"On the special edition of ""Thank You"" I enjoyed the music clips that were played over the DVD menus. I found out that the music came from this album so I gave it a listen and I'm none to happy to report that Stone Temple Pilots fans won't like this album.""Days of the Week"" is alright. It's a catchy song and it gets you pumped for another album by them but the rest of the album is terrible. The music clips which I refered to are just the introductions to the songs which change after the first seven seconds into empty, yet overblown songs which don't have any replay value.Then, there's a syrupy ballad in the mix too which makes me lose a bit of respect for Scott Weiland and co. seeing as how it doesn't belong at all. I know Scott Weiland was going through a lot of stuff but c'mon, nobody wants to hear a ballad at that level.I definitely learned my lesson and that's simply that Stone Temple Pilots fans should avoid this."
1,Don't buy it,"I am always looking for new bluetooth headsets and I saw this one and liked it. I bought it and when I got it out of teh box it was almost what I expected, but then ... why do you have to have an extra device to charge it? why doesn't it charge directly like others?And then it is such a hassle because it won't stick to the charger long enough to charge!!! a couple of minutes later it just turns off and you have to giggle it to start charging again.I do not recommend this specific item to anyone."
2,Scrabble,I like playing on-line scrabble with a friend in a city that is 9 hours away (by car) I recommend it for anyone that likes the computer and also likes words games.
2,One of the best books I have ever read.,This is one of the best books I have ever read. It grabbed my attention from the beginning. It gives a new idea on how vampires are created. I was not a big fan of this genre but I love this story. Mr. Lewis does a great job. He is very creative and he created a story that is entertaining and believable. I would and have recommended this book to everyone I know.
2,Great story!!,"I picked this book up at a local used book store for a dollar. I love sci-fi, and figured it was worth a try because I recognized the author. The story was excellent! After reading it, I found the rest of the series online. The second book in the series was great too, and the third was ok. I'd definately recommend the first two books of the series. However, reader be warned... there are hints of religion included in this series. So if you're looking for an exclusive sci-fi story, this one goes a step further. It's a great story regardless, and focuses on space travel, social interactions with aliens, and even a love story."
2,"Star Wars, The Phantom Menace","The Phantom Menace is a near-exact version of the film in novel form. There are a few extra scenes and some extra dialog but if you've seen the film you've read this book. This is not at all a criticism though. I loved the movie and the book. Brooks did an excellent job with it and I was very impressed with it. It is definitely a better effort than any of the novels covering the older Star Wars films. I guess, for all the prequel haters, you must admit that much. Great book with my only criticism of it being that it is Star Wars and there-for I can only enjoy it so much."
1,It [is not good]!!!,"I can't say anything nice about this movie really. If you weren't a fans of the series then you're going to hate this movie. It tries to finish the Evagelion story as best it can, but the main character Shinji seems more whinier now than he did in the series. I thought the series Evangelion was just average, but the movie, I though it [was not good] big time.I can think of a lot other anime movies I would watch over this thing."
2,Rock on!,Glad to add this flick to my collection. Very happy how quickly it arrived. The experience was almost as satisfying as brick and mortar.
2,Fuller drill/counter sink sets,"I've had two sets of these for a long time, replaced bits when needed, this is American tool making like the old days. Great stuff, top value for your money, keep it here in the USA."
1,"Sadly, Absolute Trash","Exploring the original Rama was an quietly stunning experience of wonder; the dark, cold, sterile environment; watching as the alien world awoke. The Ramans completely ignored our explorers, considering them merely trash to be swept away by their bots. The central sea was mysterious and fascinating when frozen, it was mysterious and fascinating when the lights came on and the sea began to melt, the unexplored metal buildings were fascinating, the bots were fascinating. The exploration of Rama was stark, quiet, and beautiful.Now, take these wonderful things, remove them from the story, add some obnoxious characters whom you will hate, study every aspect of the obnoxious characters in painful detail, and call it a sequel.The contrast between this and the original leaves me at a loss for words. Terribly disappointing."
1,INTUOS3 9X12 TRAVEL BAG FOR WACOM DRAWING BOARD,"I WAS EXTREMELY DISAPPOINTED IN THIS BAG. IT IS VERY THIN, HARDLY PROTECTING THE DRAWING BOARD AT ALL. WHICH IS WHY WE PURCHASED IT-TO PROTECT OUR INVESTMENT. THERE IS NOT A PLACE TO PUT THE DRAWING PEN OR MOUSE. HOW CAN IT BE A TRAVEL BAG IF YOU CAN'T TAKE THE OTHER EQUIPMENT YOU NEED TO USE IT IN THE SAME BAG?"
2,Cute,We bought this for our newborn and we love reading it to her. It's a cute book we enjoy together.
1,"A ""penny dreadful"" romance worth only ha'pence","How did this story get past an editor? Dialog is stilted and unnatural, characters are one-dimensional and unnatural, the plot is contrived and unnatural -- basically, this book is an unnatural act.It was painful to read. I mean, how often do people review their entire association with another person in the middle of a conversation? How often do earl's fondly reminisce with their valets, in dialog like: (Lord) ""How long have we known each other?"" (valet) ""We first met when you threw me in the river for interrupting your fishing. Of course, when I came down with the influenza from the dunking you did come and read to me each day for the week,"" he said while gazing fondly at his master......... If you think earls go and read to valets, this book is right up your river. All wet."
2,Diffent and untold,"Gives information about one of the areas of the Napoleonic Wars that is not well documented,but still misses some units like the Poles in Santo Domingo. Goo intro into this era of history."
1,"lots of action, little quality","This movie had some great stuff in it. The movie had about 20 fight scenes and neat special effects. The problem is that about half the fight scenes are down right horrible. They're slow they use dumb moves, the actors overact the pain and all the fights in the seacond half of the movie are so poorly choreographed that I want to fast forward and get back to the plot. I think they switched choreogrophers somwhere in the middle. It is a good movie with some good fights and some bad ones. bits of it are creative. other times it's unbearably boring"
2,9 1/2 Weeks review,"I just wanted to see Mickey Rourke when he was absolutely the sexiest man alive. I have this on tape also, but it was good watching it on the Kindle Fire."
1,Not So Good,"I have the DX4900 and have been very impressed with it. The Lens were not nearly as good as the camera.The Wide Angle Lens had extreme barrelling and the edges were very out of focus. This is deffinitely a specialized effect lens (i.e. Kodak's example is looking up in the forrest at the tree tops) not an everyday lens (capture a familly event).The Telephoto Lens worked fine, however it was very dark and not very suitable for flash photos because of the darkness (the directions said to adjust the settings on camera, but it was still very dark). I haven't tried it in good daylight conditions.Haven't tried the +10 +7 Lenses.All in all, I can't recommend spending $[$$$] for the lenses."
2,Excellent Blu-Ray transfer,"First of all, the blu-ray version of this film is an excellent transfer - one of the best I've seen. Furthermore, I definitely recommend this film. It was alternately terrifying, ridiculous, hilarious and tragic - a monster-flick that really defied genre. You'll be much happier with the korean DTS soundtrack and subtitles. If you absolutely NEED and english soundtrack, just wait for hollywood to ruin the film with a bad remake instead of doing it yourself by using a wooden dubbed soundtrack. It's just a matter of time ..."
2,Imitations Of Life,"The fellas have done it again! Just like fine wine, they keep on getting better with age. All the way from the first to the last track your left wanting more and more. Imitations of life takes you on that roller coaster of emotions impacted on every topic imaginable but this journey is not one that would be disappointing what so ever. You'ld be missing out if this cd was not playing in your favorite player. Imitations of Life is truly epic and the legacy of our dear Dino will live forever though his music. Their voices are crisp and smooth and the music will have your car or house bumpin'. We love you, H-Town!!!"
2,Historically inaccurate but accurately captures feeling of loss,"There was a Princess Ka'iulani, she did go to school in England, and the kingdom of Hawai'i was overthrown. That much of the movie is true. Most of the rest is fictionalized. What this film does very well is capture the feeling of loss. For many people, this is the first time they will learn of the illegal overthrow. What I dearly loved about the movie were some of the characterizations. Leo Anderson as Queen Lili'uokalani was magnificent. Some of the extras brought much to their small roles. A guard at the last banquet tells a story of pride and disgust with his facial expressions. The locations were beautifully photographed. All in all, I recommend the movie highly."
2,Love it!,"I really like this unit. I use one battery for my front yard and one battery for the back. Works great. My only gripe is that it didn't come with the faster charger to start with.Black & Decker FSMVC 9.6-Volt to 18-Volt 90 Minute Slide Style Battery ChargerThe charger it comes with is slow, but B&D; sells one that charges in a couple hours.I have had corded trimmers in the past but I hated messing with the cord. I have also had gas trimmers but I hated having gas sitting around all the time. I also hated having to pull and pull on my gas trimmer and the stink of exhust fumes from the gas trimmer.This unit is a lot quieter than a gas trimmer too. The batteries switch out with other tools so I am sure I will be buying more B&D; products in the future.I also bought the Remington Cordess Mower Remington PowerMower 17-Inch 60-Volt Cordless/Corded Electric Combination Lawn Mower #MPS6017A. Now I don't have any gas cans in my shed anymore and my yard is totally ELECTRIC!"
1,Rotten Return Policy,This bra had to be returned because it was much smaller than similar products with the same sizing information in the stores. That was too bad. What was worse is that only half the cost of the product was credited. Why? There was a huge restocking fee. Be careful! You can't get your money back from this seller when the product is misleadingly described.
2,It wouldn't be Christmas without it!,"This is the most enjoyable versions of ""A Christmas Carol"" ever made. Dickens should be flattered. You can't get any better than the muppets, and Michael Caine is delightful. I have made watching it one of my Christmas traditions. It wouldn't be Christmas without it!"
1,I pray for any child exposed to this torture,"As a child that grew up in an abusive household, this book makes my stomach turn and heart ache. I truly wish child protective services would track down those raving about beating their children into submission by beating them with rods and take them away. I have a 4 month old, and in this book they advocate beating them on the back of the legs with a switch at 4 months old. I began crying once I read that for that poor defenseless newborn baby who was being beaten. This book is pure evil. It is not the word of the God I know or any God I would ever pray to. This is not Christianity. This is Child Abuse. This is Evil, and illegal. Those who apply these practices will get judged by God for their sins."
2,Great reading,"I always like a good mystery, it was quite addictive, I had downloaded this book to my Kindle so it was easy to take along and easy reading,"
2,A waterfall of sweet emotion flowing from the pen of a woman,"I found this book to be the simple summary of a modern woman's heart. Jewel's poetry brings insight to human behaivor. Her style is simple, however impacting. She proves that fancy words or outlandish topics aren't essential to good verse. The heart of a great poet lies in the emotion portrayed on paper."
1,"A bunch of noise, no musical quality!","I listened to this CD before their concert to get a feel for them. They opened for Soulfly, and they were terrible. Maybe it's just me, but I got nothing from their rythmless music. I don't know what is worse, their music or their stage presence. Luckily Soulfly ripped up the stage after them."
2,Don't wait!,"'Kari', 'The Afterglow', and 'Love Lips' are worth the price alone...and they're all 3 back-to-back-to back of each other! A no-brainer buy if I've ever seen one from these 2 masters. Old girlfriends, great times past, glorious victories...this cd will bring them all back to the present."
2,"Easy, easy, easy!!! Just the way I like it!","I recently purchased a PSP and therefore was unfamiliar with it. I read of all the problems converting video to .MP4 format and transferring data to the PSP in general. Purchasing the Sony Media Manager software was an excellent decision! For $24.99 you'll get the proper USB cable and the software on CD. The software installs easily and flawlessly. The very first time I used it there was no need to even read the directions. It's a very intuitive, simple, drag and drop software application. In no time at all I had transferred photos, music and video to the PSP. The software did everything for me automatically and everything worked flawlessly. Easy, that's for me!"
2,A contemporary Joseph Conrad,"Not since Joseph Conrad's Heart of Darkness have I seen an author carry the reader into the unknown like Treston does in his account of a man's journey into North Korea. Full of the unknown, the unexpected, and the bizarre, Treston is able to weave a story of a man's desire to defect from a world of ""corrupt capitalism"" to a place of ""socialisticparadise.""What the man finds is both intriguing and horrific. The reader is left wondering whether or not this is a true account of an actual man's journey because Treston claims to have been asked to bring this story to the world's eyes from the defector himself. The novel is a must read."
2,fabulous,"Tom Robbins weaves a delightful tapestry of characters, settings, and adventures in this book, and it will hook you from chapter 1. He is a masterful storyteller, putting together seemingly random elements and creating a cohesive and though-provoking tale. He has a gift for astonishingly vivid imagery, and in ""Jitterbug Perfume,"" he demonstrates an ability to evoke SCENTS for the reader. Unbelievable.Like most of his books, this one is quite a ride. And I thoroughly enjoyed it."
2,Great buy!,"I used this for trim inserts on my audi a4 grille. This product is excellent, and easy to use. The trim has been on my car for over a year, and has been exposed to all weather, rain, snow, slush, 110 F to 0F. I love the 3M tape backing. I am happy to reccommend this product."
1,Pronounced dead by Kodak customer service 2.5 years after purchase,"The printer was good, and the cartridges affordable for 2.5 years. Not sure what the normal lifespan for a printer would be. It stopped printing, and I did all the recommended maintenance processes several times. Finally called Kodak customer service and was on the phone about an hour doing the same thing. The final diagnosis the printer needs to be replaced as it won't even perform a print test. The feeder never worked great either, and the scan process took too long. Don't think I will buy this one again."
2,Pure Silliness,"Azumanga Daioh is a really fun series about high school life. It is told through the eyes of 6 very unique young ladies: Chiyo (a 10 year old d genius), Osaka (a total airhead), Sakaki (a cat freak), Kagura (a jock), Tomo (a nutcase), and Yomi (short tempered and impatient). The series follows them through their day to day high school lives. There is not a really much of a point to this anime except laughs and gags. Laughter is the spice of life they say.I really enjoyed watching Azumanga Daioh. It can definitely lift up your day if you're bored or a little bummed. The animation is pretty good, the background music suits the series well, and the voice acting is great. I think School Rumble may be a little better of a high school comedy, but they are both worth watching. I would recommend Azumanga Daioh to any anime fan."
1,Don't Bother,"Mark Harmon must have desperately needed the money, is all I can say. I managed to get through 15 minutes before I realized I'd never get that time back, and at 62, I hate to waste my time."
1,"BLINK sure did not read in a blink--slow, slow read!","Skip BLINK.BLINK sure did not read in a blink--slow, slow read!To honor the crux of his book, I figured I should write the review so you would know within the first few seconds that you could skip reading this book.Liked the concept. Delivery was tediously slow. Lessons learned were minimal.However, I will give TIPPING POINTThe Tipping Point: How Little Things Can Make a Big Differencea shot based on strong recommendations from friends and colleagues."
1,"The Good, The Bad and The Ugly","I do like the design of this product. The trays are a great addition to a cutting board. On a practical side, its is a little long for most kitchens. Four to Six inches shorter would still be a usable cutting board workspace, and would fit much better on most kitchen counter tops. The trays hold about 5 cups, it would be nice if they were graduated in some way to measure smaller quantities. The real problem is, after only 3 months, the boards are starting to come apart (unglued)! And this is after religiously rubbing it down with mineral oil since the day I received it."
1,autometer adapter,part broke as soon as i was installing it. and the customer service was impossible to deal with. ill never buy from here again.
2,"WONDERFULLY WRITTEN, I COULDN'T PUT IT DOWN!","Suzanne Frank's first novel, Reflections in the Nile has that intensity of Anne Rice's The Mummy that makes you want to read and read every spare minute until you're done. I loved this book! If you like historical fiction, this book is a must. Biblical and Egyptian history aren't typically my favorite subjects but this novel made it all come alive! I can hardly wait for Suzanne Frank's next novel"
2,oh yeah,What is it about this guy that makes him so damn sexy? That's what my bf asks me all of the time. I just like how kid rock serves it straight! We all love to have a moment of bliss when we get to sing about what's really going on in our life. There's just something about his music that makes you want to dance around a pole. But we'll leave that for our imagination. How great is a cd that leaves you with the inspiration to become a striper??? Just Kidding. Love the cd though.
2,Gift,"My granddaughter loved the book. We are building her a ""Library"" of Costumes Designing and Patterns for her future as a Costume Designer whether Theatre or Movies. Wherever her dreams take her. It is really nice that I can sit down and ""browse"" the books and order when I can.Thanks to the suppliers who deal with Amazon.com and their honesty and prompt shipping of the items ordered.Have A Safe and Happy New Year"
1,Disappointed,"I wanted to make one fresh cup of coffee in the mornings before work. I have been heating up coffee from a full pot I make about twice a week. I thought this would be the answer to a good cup of coffee in the morning but, I am sorry; I do not like the coffee. I red all of the reviews and thought I made an informed decision when I bought it. The coffee is week and does not fill a ""Coffee Mug"". I like French roast and did buy the French roast pods and tried two different brands. I think if I used 3 pods for one serving, it might be ok, but is that cost effective? Plus it takes 1 and to 2 servings to fill a ""Coffee Mug"". And then the unit is as big as or bigger than a normal coffee pot. Wow, all this for one simple cup of coffee. I went out and bought a small one cup coffee maker with an insulated cup at Big Lots for 9.99 that includes a permanent filter. I used a non-brand French roast from the grocery store and am very happy. Plus it is smaller!"
2,Great game for everyone,"This is a favorite in our house, easy enough for a 3 year old and fun enough to keep our 5 year old entertained. It is. Simple bingo style game using pictures instead of numbers. Parents will love the simplicity and fast pace - no 30 minute board game marathons."
1,Common Sense Stuff,"In my opinion the things in this book were pretty much common sense. Things a normal bride on a budget would think of if she walked into a craft store such as Michaels. I personally did not find this at all helpful and to be honest threw it in the trash after reading it. My personal thought - Do not waste the money. ""The Knot"" wedding book is much better."
1,Caution!,"While this book does have some creative merit, please be aware that you might consider portions of it inappropriate for your child(ren). The author makes use of several interesting and unsual comparisons, but crosses the line so to speak when including elephants urinating from their respective parts to depict girl/boy, elephant's rectums plugged with a cork, an elephant on fire, and a ""smart"" and ""stupid"" elephant in other comparisons. Be sure to read this book in it's entirety before purchasing it or borrowing it from a library. I would not recommend this book as a gift unless you know the recipient family VERY well and are confident they would find it suitable. I borrowed this book for our 5yr. old son. I wish I would have read it first...I wouldn't have brought it home! We also have 2 daughters ages 16yr. and 21yr. They were of the same opinion as my husband and myself."
2,Bel Canto,"The book Bel Canto is definately worth reading. It's an interesting perspective on a terrorist/hostage situation. No one will know what to expect by the end of the book, Ann Patchett definately keeps everyone gussing and I personally once I got into it, never wanted to put it down."
1,Find one that works,"I got this ratchet in a spline socket set.The ratchet was DOA. SK told me to take it to a local distributor, so I went the 40 miles to drop it off there. That outfit knows me on a first name basis, because it took 9 1/2 months to get the replacement.The ratchet is nicer than the mechanism on my favorite Craftsman 3/8"" 42794 flex head ratchet. But I'm afraid to use it, and wonder what will happen should it ever need service again.SK has nice tools, but this is my third experience-from-hell getting replacements for defective SK tools. Much easier to deal with Sears, and oh so much more cost effective."
1,Bluetooth is a joke!!!,"I ordered this because of other reviews stating how good the signal was on the radio but never saw any one say how the Bluetooth worked. Well i dont know if i have a defective Satechi but when i use the Bluetooth with my Evo phone it has to been within two feet of the Satechi transmitter. what a joke, whats the point of having bluetooth if i cant pickup my phone. the phone disconnects bluetooth feature because its more than two feet away. I called customer service to see if i received a defective item. i will update this review if thats the case. I dont recommend this item."
2,Not bad for the price,"I recently purchased this case from a different vendor but that's only because for this kind of purchase, I really wanted to see and feel what I would be trusting the protection of my Wii to. I wanted something small, so I know packing might get a bit tight. The dimensions are 9""x9""x4"" and I managed to fit all necessary components fairly discreetly and this case came with a hand strap and an optional shoulder strap.I believe I would've easily purchased the Wii Messenger bag if it were not for the large Wii logo on the front flap. I live in a large city and drawing attention to the possible contents of my bag is the last thing I would like to do. This case has a much smaller tag (about 2"") indicating it's for carrying a Wii.I think my only real problem would be the color. The current color on display is the same as mine, and I would've preferred a darker blue or gray but instead it's teal.I've used this bag twice so far and I'm rather satisfied with my purchase."
2,Great film with depth and relevance,"Love Story was the 1st film I ever saw. It was 1970, I was 6, and my parents took us to the drive in. That may be one reason I like it so much, but I've seen it many times since and it's one of the few films I don't ever get bored watching. The great soundtrack sets the atmosphere for the relation between Oliver and Jenny, 2 sophisticates at Harvard and Radcliffe who fall in love in the wintertime. The ending set in New York City strikes an especially relevant chord post-Sept. 11th, when so many faced similar, but even worse circumstances.The general feel of the film is one of emotional intensity, and a slice of reality from 1970 in Manhattan and Massachusetts."
2,Good for the Price ($15),"This is a decent card shuffler for the price. If it cost more than $15, I would give it four stars. Split the cards in half, put one half on each side, and hold the button down while it shuffles.I have only used it for a day, but it will be a lot easier to use this and shift two decks in an out of a Hold 'em game than to try and shuffle after every deal -- makes the game much faster."
2,Dark is right,"I'll confirm what I've read elsewhere here that The Road is dark. And it's almost unrelentingly dark. I won't go any further in that descriptive direction lest I get into giving too much of the sense of the story away. It's not an easy read, but it's a memorable one. I haven't read anything else like it. The Road was my first Cormac McCarthy book. So I don't know if his others are in anyway similar. Also, the writing style is unique and took getting used to early on. I gave it four stars, because it is well written, a deep story in terms of the characters's thoughts and their relationships, and I was kept interested in how the story would turn out. I held off giving it five stars, because the story was a bit limited."
1,Less Than Semi-Funny,"In ""Semi-Pro,"" it is 1976 and the NBA-ABA merger is approaching. Jackie Moon (Will Ferrell) is the owner and a player on the Flint Tropics, a ragtag franchise that Moon hopes will be invited to join the NBA--he is told that this will happen if his team finishes in the top four in the final ABA season.The plot isn't great, and there aren't a lot of laughs here--the film does have a couple of good moments, but while the movie wouldn't quite qualify as an air ball, it is definitely a clang off the back rim. I saw this DVD for $5 in a retail store and hoped that it would be a decent hoops movie, but I guess there was a reason it was being remaindered. Will Ferrell was in an uproariously funny movie in 2008, but ""Semi-Pro"" wasn't it."
1,popping noises,this product does normalize the audio as advertise but it also introduces some significant artifacts. i can heard severe popping noises when i watch movies with high dynamic range audio. it's very annoying. i ended up not using this product.i know everyone is extremely irritated from uneven audio butt he only sound solution is buy an audio receiver with some audio normalization feature. it's expensive but there's no other option. good luck everyone.
1,a piece of plastic junk,"whatever you do, do not drop this piece of crap mp3 player, it will break on you. First time i did this was within the 30-day garuantee from the store i bought it in, but recently i dropped it again and it become totally busted for the second time. sport my ass this thing couldn't handle running. It would periodically reset itself while i was running. do not waste you money on this piece of junk."
2,Great Collection,"First heard most of the cuts on this CD while listening to KPOA from Maui. Good mix of island sounds though the novelty of ""Aloha Friday"" can wear quickly (I have a two year old who has to hear the song 5 to 6 times in a row). Good introduction CD for those looking for a more lighthearted approach to reggae influenced music."
2,Great Goo,It arrived before scheduled. We have bought this many times. It works perfectly. I'll probably buy another so we wont be left without it.
1,"DON""T WASTE YOUR $$$",This is a terrible deal...read the fine print if you can find it! Amazon should not even be offering this!
2,His Heart to Yours,"This book is a daily devotional guide that will give you strength passed from the Lord through an author that humbly gives her faith in daily doses that inspire and encourage its reader. I find strength virtually every time I read even if I am reading for the second time. This book is not overwhelming for a new Christian, but also presents encouragement found in the gospel that can guide even the most ""seasoned"" Christian. Good stuff."
1,Embarrassing.,"I pre-ordered this dvd as soon as the Real L Word was over. Being a fan of Whitney Mixter, I thought this would be a fun corny movie. But this is quite possibly the worst movie I have ever seen. The acting is horrible and you can tell the actors forget their lines mid sentence.The action sequences are embarrassing. Awful sound effects and muzzle flares aren't believable at all. The blood shooting out of the zombies when shot looks drawn in and the zombie make up just looks like people throwing together a zombie costume 5 minutes before they have to go to a Halloween Party.I have seen 15 year old kids on YouTube make better looking stuff than this.I shut the movie off about 50 minutes in, but everything about the movie is horrible. Definitely was not worth the delay, I don't see how it could have been worse."
2,Still the Man,"JT is still the man. After all his great hits with Kool & the Gang, he is still going strong with his solo stuff. I can't wait for the entire CD and to see him in concert. I saw him with Kool & the Gang, and predict his solo shows will be just as good. Keep up the good work JT."
1,Just say no to this abridged version,"As tacky and unnecessary as putting boxer shorts on the statue of David is Disney's over-zealous insistence on self-censorship. Cutting out segments of classic movies (or refraining from releasing them at all) in an effort to adhere to a perceived standard of ""political correctness"" is absolutely offensive to this viewer. It paves the way down a slippery slope of censorship. As much as I desire to have the 8th animated feature film produced by Disney in my collection I will refrain until they release the orignal, completely intact movie. Until then Disney should be advised to clearly label all censored movies as ""ABRIDGED"", to do otherwise is deceitful."
2,Quieter than my old Lyman 600,"This tumbler seems a little sturdier than my old Lyman 600 and is definitely quieter, not to mention the higher capacity. I'm pleased so far."
2,An Incredible Visit with King!,"This book is terrific! If you're a fan of King's, you'll be fascinated by his stories of his life and its effect on his writing. If you are a writer, or want to be, BUY THIS BOOK. It's like taking a private class with a master writer. Incredible! I'm a published writer and felt like I learned many useful tricks and tools. This book made me want to go back and read all of King's books with a fresh eye for language and writing style. Highly recommended!"
1,Ran for 20 minutes,"Purchased this chainsaw new today to do some cleanup of fallen limbs. After 20 minutes of cutting limbs that were no more than 5 inches in diameter, I heard a metallic clunk and the chainsaw stopped abruptly. I could not start it again as the pull start would not budge. I will be switching brands. As the saying goes, you get what you pay for."
2,Likable Steinbeck Adaptation,"If memory serves, ""Cannery Row"" had a troubled history making it to the screen. Raquel Welch was fired from the film and subsequently sued the studio. A myriad of production and release delays ensued. When it finally made it to theatres it was met with tepid critical and commercial reaction. Viewing it some twenty-five years on my response is that this is a nice film. My only real criticism is that it drags on occasion but sails by on good vibes. The film is populated with affable eccentrics that tug at your heart portayed by terrific character actors like M. Emmett Walsh, Audra Lindley, and Frank McCrae. The central romance between Nick Nolte's Doc and Debra Winger's Suzy is palpable and emits definite electricity. ""Cannery Row"" is a sleeper well worth pursuing."
1,light gloves,THE GLOVES ARE VERY LIGHT. NOT THE HEAVY DUTY TYPE I WOULD DESIRE. THE GLOVES ARE GOOD FOR BIGINNERS BUT NOT GOOD FOR PROS.
1,very disappointed,I love the biggest loser and thought I would enjoy this DVD. I know from the show that a last chance workout is a butt kicking endurance marathon.But this left me wanting. It featured several people from this past season while they were still heavy. Jillian was too nice. I wanted the scream in your face beat you down Jillian.Just not a challenge.
2,Up to the Clouds,"Patty Loveless' ""Mountain Soul"" remains a modern classic 5 years after its original release. On ""The Richest Fool Alive"" she croons soulfully. She goes country gospel on Ralph Stanley's classic ""Daniel Prayed"" with Ricky Scaggs' counterpoint vocals and furious mandolin making the track jump alive. On Melba Montgomery's ""Out of Control Raging Fire,"" Travis Tritt joins Patty for harmonies that seem to float like smoke up to the clouds. The bluegrass gospel ""Rise Up Lazarus"" is a lovely melody that will place you in the Little Brown Church of your childhood, ""Go forth John & Paul, spread the gospel to them all, Give them courage to believe & they shall be released."" ""You'll Never Leave Harlan Alive"" is moaning country blues, an epitaph to folks who knew about hard living and getting by. This is an incredibly strong set with no weak tracks. Patty's singing is soulful and moving. Bravo!"
1,worked great for 3 days!,"It worked great for 3 days then wouldnt burn anymore cd's. It caused my regular cd-rom to stop working also. I've installed it on a few computeres to see if it wasnt just mine, and it did the same to the rest"
1,Product Returned,The Tunecast never got a clear reception. Didn't work properly at all so product was returned.
2,Affordable replacement for another brand,"I needed to replace the foam filter on an expensive H* brand air purifier but their cut to fit filters were obscenely expensive, I measured the existing foam filter and found these. They fit perfectly and are made of the same material and are cost effective. I got several for future replacements."
2,Necessity for long time diabetics,"My husband has had diabetes since he was 1 year old. He is now 34 and his sugar can get dangerously low very fast. I have had to administer glucose to him at night while he was sleeping many times while he was unconscious and unresponsive due to extremely low sugar. Other glucose tubes are hard to open and squeeze out, especially since his lips or teeth would clamp shut as a result of low sugar. This tube was very easy to administer and delivered 3 shots of regular tubes, with 45 mg instead of just 15 mg of glucose, and helped stabilize his sugar to the point that he could wake up and test his sugar and get a snack. Without this I have had to call the ambulance a couple times but now I have peace knowing that I can stabilize him myself without waiting for an ambulance."
2,An energetic cult classic,"I had no idea, until a few months ago, that the movie I had adore since 1994 had become an all out classic, spurring conventions, merchandise and over 150 websites. Whoa, I highly recommend this to anyone who is a fan of Roundhouse (it has 4 of the stars from RH in it) and loves to move and sing."
1,Not worth the money,My bulldog had the handle chewed off within one hour. Poor quality. Cheap plastic. Thank goodness my dog did not swallow any of the pieces.
1,Spherical Mess,"Being a fan of Caleb Carr's THE ALIENIST and ANGEL OF DARKNESS, I was eagerly awaiting the time to set aside and read Elizabetth Redfern's MUSIC OF THE SPHERES, highly touted by People Magaziine as 'reminiscent' of Carr's novels. A 'lifetime' is what the reader needs to get through this abominable first novel by Redfern. Unlikeable charcters, a dull telling of history, and storylines filled with no surprises, 'spherically' come together for the reader to snore through for what seems like an eternity. Where as I didn't want either of Carr's novels to end, I couldn't wait to close the covers on this inane attempt at a novel. For serious insomniacs only!"
1,painfully predictable,"Was Poe ever this obvious?Publish and Perish kept me entertained, but with cartoon-comic amusement, as each dropped hint landed like a lead anvil. Long before the last chapter of each story, the ending is apparent, with few, if any, twists along the way.The themes are clever, and the tales themselves clear, concise, and precisely painted. But the stories are populated with easy stereotypes who, in the end, are too blase about their fate. Half the fun of the Cask of Amontillado was savoring Fortunado's screams, wasn't it?Amusing enough for academics with tenure angst, but none of Poe's eerie, elegant, lingering evil."
1,Overrated,"I am an experienced cook and have been cooking Italian food for a long time. Many of the recipes in this book I have prepared more successfully from other Italian cookbooks. Marcella is unduly fussy and opinionated. She insists on cooking mince in milk for spaghetti bolognaise because of the acidity of the wine and tomatoes. It makes no difference; other reliable sources for true Bolognaise have never insisted on this. She derides North American ""Italaian"" sausage as anything but and enjoins her readers never to prepare any of sausage dishes with sausage containing fennel seeds. Such sausage probably did originante with an Italian cook, perhaps a family recipe. How it came to be called ""Italian"" sausage in America is anyone's guess. I think it's very tasty and adapatable. Her caramelized carrots will scorch too easily if one is not too careful. And her roasts that I have tried in a Creuset pot were not spectacular."
1,Pitiful pop-culture trash,"I was looking forward to reading this book because a friend told me that the book was about cryptography, symbols, and religion. I was disappointed by all three aspects. The shoddy recycling of religious urban myths is bad enough .... And the low-brow treatment of crytography was annoying too: mirror-writing and crossword-type puzzles is about as sophisticated as it gets. But at least, after 450 pages, the author could at least given the novel a satisfying conclusion. The author leads us to the brink of something satisying but leaves us hanging at the end. This is the worst book I have read in a long time."
2,sleek,The carrying case is very sleek and sophisticated. I just wish there was an inner pocket to place extra cards/batteries.
2,Cuisinart CSB-76,"I have only used the SmartStick for making sauces so far. It is easy to use, blended all ingredients well, and was very easy to clean. It is compact and stores easily in a drawer. I'm glad I bought it."
2,Ride The Lightning,"Ride the Lightning is one of My favorite albulms that i own. That being said here are the reasons, 8 well written tracks, including one of Metallica's better known hits For Whom The Bell Tolls. The best Track on this abulm is probabably Ride the Lightning though, HARD FAST HEAVY. Typical Metallica. This is one of the better metallica albulms and a defiante must for any fan."
1,It's been 30 days and I haven't received my order yet!,Would love to write a review of this product but 30 days after I ordered it I still have nothing to use or review!
2,Engrossing and creepy,R. Preston really puts the Ebola and Marburg virus into complete perspective in terms of what effect it could potentially have on the world as we know it and what almost did happen to the world had a few situations not broke the right way. His writing and storytelling is superb albeit very repetitious at times. He constantly revisits what the virus can do and what it looks like. Very well done overall. I'd love to see this book about Ebola rewritten in 2009. How much would change and what has happened since then?
1,Throat Depth Counts!,"I wasted money on this clamp because the description didn't mention the throat depth. I needed to clamp a 3"" ear to the top of cabinet sides thus making the toe kick by overhanging the cabinet top. This clamp looked to be perfect, but the throat depth was about an inch shy. The side grabbers wouldn't reach past the ear to grasp the cabinet edge.The clamp would be OK for edge banding, but if you are doing anything else, be sure to check the required throat depth"
2,INCREDIBLE,"The King of Pop Michael Jackson's Invincible was worth the wait! Intelligent Lyrics and contemporary grooves.If you can sit still while listening to track 16 you're dead.It is clear why the Michael is ""Invincible"" and ""Unbreakable.""The visual beauty of ""Whatever Happens"" is like the silence in a tear drop at the ""Break Of Dawn."" In this stunning ballad Michael and Santana have gone to another place...For some reason critics (read haters,covert and complete)are ""Threatened"" by The King of Pop.For the rest of us, Michael ""You Rock My World.""Maxx MyrickProgram DirectorXM Satellite Radio"
1,Distorted bass tone the whole DVD!?! Why?,"John Entwistle may have written some great bass lines in the songs that he played on with The Who, but I have little confidence in his overall ability as a musician/teacher. I watched this DVD and I'm sure a paycheck was the motivation to do this and I feel like Mr. Entwistle could care less about teaching anybody anything. In fact I'm pretty sure he doesn't even know what he is doing. As he babbles on about his anti-technique and tries to give examples on the bass, everything is done with a distortion setting that never gets turned off.....EVER. The whole pointless DVD is a buzzy incoherent mess. I was so angry with this supposed instructional video that it did motivate me to play the bass better than I had been before. If a ""Bass God"" with musical blinders on can write awesome bass lines, anybody can. AVOID AT ALL COSTS!"
2,Great X-Men flick.,"As a fan of the first, X2, and The Last Stand I enjoyed this movie a lot! The special effects are very good and the plot keeps you engaged all of the way through. One of the best films of 2011 and a new superhero favorite of mine."
2,fabulous cream,Annemarie Borlind system absolute products are absolutely worth the price. The day creme works quite well with not a need for serums or other additions. It lasts all day and keeps the face hydrated.
2,Loved it!!!!!!,"Morris West is brilliant in this search to define the sanctity or non sanctity of a complex man who has died in Calabria. His characters are so real I feel as though I know them.The writing is always as smooth as a fine wine, and he has a deep and profound knowledge of Rome and southerern Italy. I would recommend this book without qualification.S.J.Tagliareni author of Hitler's priest"
1,Is it a cheap stereo or an expensive piece of garbage?,"I'd go with the garbage. The tuner is extremely hard to use because the numbers aren't aligned right, and only a few stations come in clearly on it. (My other radios all get more stations.) When playing a CD, it often skips in places that my other CD player doesn't, and sometimes even stops for no apparent reason. The only good point of it is that it has nice, big numbers, but I don't it's worth buying this just for that. Don't buy this, please; it's dangerous to have radios flying out of windows."
1,Mm... not quite....,"No Postscript support! So no printing under OSX or Linux without jumping through some serious hoops.Colors are REALLY funky. Images are not even close to being accurate.Other than that. It's a great printer for someone just looking to replace a monochrome printer and who only print under Windows. If you have the space for this monster. BTW the support Lexmark claims for OSX and Linux is a straight up lie. They support OSX 10.2, will not work with 10.3-10.5+ and no Linux support at all."
2,"Good for the young, not for the experienced","Buying this book for my better half, she was looking for more professional and updated help to go along with her updated fashions. Unfortuanlty, this was not exatcly was she was shopping for.However, that doesn't mean its totally worthless. In fact, if your looking for a book for a beginner, or looking to try different make-ups for the first time-this is your buy. Rather than matching colors with tones, it goes deeply in applying and techniques. Not outdated as it also goes into glitter, shimmers, and even fake eyelashes. As mentioned, great for the beginner and fashionable."
1,3m tegafoam 4x4,i feel very ripped off on this product. i have purchased this many times and payed only a few dollars per per 4x4 dressing. i assumed that i was buying an entire box of 5 and only recieved 1 inavidual pad instead. the description of this needs to be more clear.
2,Sexy and Funny,"A funny and sexy movie that dont follow the today common line of lesbian only erotic movies.The story, the last one from the Erotic Witch Project quadrilogy, is funny, the movie is well made (the scenaios would be better), and the simulated sex scenes really works.One of the bests movies from Seducion Cinema."
2,I can't stop sharing this book with others!,I am not a writer but I recognize genius when I read it. It's amazing to read prose like writing about the very things that I've had in my head for so long. As I journey on my own spiritual path I will refer to this book and be grateful Thank you Thank you Thank you to Ms. Lamott for her willingness to share her insights and life experience via this medium of writing. What a talent. I will be looking for the other books. This is my first by Annie Lamott and I'll be reading others!
2,Beware what you ask for,Cons: Beware what you ask for. As advertised this removes quite a bit of fat. This is not necessarily great for flavor given that fat is very tasty.There is no on-off button and it is a bit hard to clean as it is just one piece so you can't soak it.Pros: Cooks fast and well. Great for paninis and fatty meats.The teflon cooking surface has been very easy to wipe clean so far. That might not be true if I over-cooked something.
1,Tobacco like,I don't have like it and I don't recommend to anyone. You wear this for a date with a non-smoker female you will regret it.
2,"Very well written, detailed book",This book is the most detailed guide I've found for surfing. The Surf Diva guide is also very good but not as detailed and informative as this book. I highly recommend it.
1,One Horrible CD,"This CD is filled with boring, uninspired, bad vocalized songs. It is nothing like Identity. I was very disappointed. This one is headed to the used CD store for another unsuspecting fan of Samantha to waste his/her money on purchasing. Sorry fans...it's just no good. I don't know what some of these people were listening to who gave it five stars!"
2,Another Classic!,"Before Goldstein and Marion, there were Fowles and Symon. If Goldstein is a nightmare, then Symons can prove to fill in alot of gaps. Topics are well covered and many example problems are given. Not as complete as Marion, but just as valuable. Symon contains alot of ""old school"" skills which prove to be very valuable.It's a shame that it takes Fowles, Symon, and Marion to get you through Goldstein, but nevertheless, take a hint and stock up if you are to face the Goldstein book."
2,Paul Simon at his Best!,Paul Simon's unique style is one of a kind. You never know what to expect from an artist such as Paul Simon. A guy in a class by himself!
2,Tuck's and let's roll!,"If you are pregnant, this is a must have product! If you just had a baby, this is a must have product! If you have ""hems"", this is a must have product! Try it! You'll like it! I remember the sheer relief 31 years ago! Then, my last birth at 23 years ago!"
2,A Fantastic Allegory,"Once or twice a year my children agitate for a television in our house. Usually it's because they've been watching TV at grandma's, or their friends have been raving about some reality program they watched the night before. When they ask for the umpteenth time why we don't watch television, I whip out The Wretched Stone.The story, which follows the denigration to a ship's crew from a musical, literary bunch to a collection of dumbstruck apes (literally) after the introduction of mesmerizing rock on board, makes it easy enough for even little kids to make the connection between the glowing stone and television. And how does their captain bring his crew back? Through reading and music, of course."
2,Classic,"These are the raw, Joseph Pilates exercises in the original form. The illustrated pictures help give an idea of what the exercise should looks like. I've been practicing Pilates under many instructors for years and it is eye-opening to see what the original concept of the exercise should look like. A must for instructors and serious practicers!"
1,Does not read Smart Media Cards,"Purchase this item solely to read Smart Media Cards as advertised; however, the reader does not have a slot for Smart Media Cards and does not list Smart Media Cards as compatible on the reader itself."
1,Poor Audio,The audio was uninteligible . Nobody could understand the dialogue. I felt that I was robbed. There doesnt seem to be any way to resolve a technical problem.
1,A good book that does not cover everything.,"This book is very good for beginners that need the basics. However if you plan on taking the test from this book, think again. The book only covers in detail about half of what is on the test. The rest of what is on the test this book just skims over. Use the CCO in addition to the book or get a different book."
1,Everywhere And Nowhere,"This movie could have been much better had it decided to only go in one or two directions, but instead, it went in fifteen different directions , introducing us to fifteen different potential stories, exploring only three slightly more than the others. The lessons on prejudiced and revenge were too ostentacious, instead of carefully woven into the stories. There were so many things going on,with so many people, that the movie bordered on boring. The characters were well defined, they just were not used properly.All in all, it did not cross the line into boredom, but it definately opened the door. With everything going on, the movie went no where, because it tried too hard to go everywhere. Don't think I will be reaching for this one on a rainy night."
1,"A Bad Julia Childs meets a bad Anne Rice, where's Hoffman?","I love Alice Hoffman but think this is the worst book I have ever read by her. There are so many refrences to food and stupid ones that it reads like a bad Julia Childs cookbook, and the only magic in this book is omens. Omens like swans and black cats, a bad Anne Rice. Aside from this the story is weak and without a point. Where is the Hoffman I enjoy?"
2,Too boring to keep my sons intrest,My son got this for his 1st birthday. I was very surprised when he didn't really seem to play with it. It mostly sits in the corner. He just doesn't find it intresting. It has alittle mirror that goes back and forth when the steering wheel turns. It has a key and says many phrases. It just doesn't hold his intrest
2,"Delightful Dr. Quinn, Medicine Woman Boxed Set","This is a must have for any Dr. Quinn, Medicine Woman fan! It includes all 6 seasons totaling 42 discs. It also includes two of the movies. It has many bonus features & a nice summary of every episode. There's even an A-Z index episode guide. I purchased this on sale & with free shipping. It is completely worth full price & shipping. I would've gladly paid the regular price for it!"
1,Sucky gun!!!!!!!!!!!!!!!!!!!!!!!!!!!!!!!!!!!!!!!!!!!!!!!!!!!!!!!!!!!!!!!!!!!,"I bought this for my son and the first time he used it, it fell APART!! I am not at all impressed with it. If u want something for your children, go someplace else!!!!!!!!!!!!!"
1,Undeserved Honor for Author,"I am shocked and disgusted that anyone believes this author deserves any such honor for her books. As one who used to be a devout fan, I was angered by what she did to such a wonderful writer and I can not believe anyone is accepting her back into the romance writing world."
1,It's a pain,"When it works, it works fine. Otherwise, the continual dropping of its Internet connection is a royal pain. Absolutely no reason for that to happen"
2,Nice for the price,Purchased these last year. They run a bit large. I purchased my usual shoe size but am able to wear these with medium thick socks. They are comfortable for brief walking. Not for snow or very cold weather. Nice stylish look with long skirts or leggings.
1,Quality has gone downhill,"I originally bought the driveway patrol about a year ago and it worked great for about 6 months. Then after it rained several times it stopped working. It was not in a very sheltered location so I decided to buy another one and make sure it was covered. That unit only worked sporadically - the sensor LED would go off but the alarm did not always sound. I had waited too long to return it, so eventually I bought a third unit and that one had the same problem. After reading the return policy I would have to pay the return shipping and they will only repair/replace it and at this point I don't want to keep throwing money at this product since it seems the build quality is extremely poor."
2,A funny and informative look at a sometimes unfunny thing.,"Lee Covington gives the man contemplating divorce a very thorough and helpful guide. She treats things with humor, but underneath are some very helpful tips and warnings. She uses examples of three different kinds of wife and how to handle each one, including the one who may shoot the man. It is not a substitute for actual legal advise (from a lawyer who is not a friend or acquaintance). Buy it and send it in plain wrapper to the workplace of a friend who is going through, or about to go through, a divorce. Buy it for yourself, but hide it from your present wife."
2,The Core Knowledge Deficit,"This book was informative and life changing for me. I am the mother of a soon to be 4th grader and made the decision to switch to a Core Knowledge school this year. I see the lack of Core Knowledge education in our country through the work I do with college students. It is amazing what they ""don't"" know and these are your top of the line college students. It ceases to amaze me how complacent we have become in this country and in my home state when it comes to the education of our children."
2,Turning Stones,"Marc Parent's uniquely descriptive writing style made this book very interesting. Parent created many vivid images that really grab your attention, to the point where you can't put the book down.Parent writes about his experiences during his four year employment at Emergency Children's Services. His descriptions of these experiences are very powerful, and they make you realize how big the problem of child abuse is. Parent colorfully describes the difficulty of working these cases, which many times include removal of children from their parents. This book will help you gain understanding and respect for child welfare workers and all social workers."
1,THE WORST BOOK EVER!,i had to read this book for my class. It is the worst written book i've ever read. The whole thing dosn't make any sence. i'm a good reader but the way it was written i couldn't understand. i literally fell asleep reading this thing. it is definatley not for 9-12 year olds how in the world would they understand it. even if your older you must have nothing to do to spend time and read this. the only good thing about this book is when your done reading it. ( i don't think it deserves even 1 star)
1,The worst product for 3D sound,"Luckily I learned about Sound Blaster's X-FI CSMSS 3D Headphone sound in time and cancelled my order before the headphones arrived. For about the same price you can get one of the industry's best sound cards (xtrememusic) and have real 3D sound including vertical sound in some of the newest games. It is amazing, don't buy 3D headphones, get a new sound card, update the drivers and you won't be disappointed. I am amazed at the realism everytime I play BF2."
2,"A very strange movie to watch, but it was so awesome too!!!!","This movie was so awesome, strange, and pretty freaky too. Because when I watched it I couldn't understand what happened. But I loved the movie because it was so awesome and very weird. It's too hard to tell about the movie because it was so weird. But I liked it because I think that this would be worth to get! I really loved this movie because it was interesting to watch. Watch the movie and find out for yourself and see what happens."
1,Works well sometimes,I have had my Phantom for 2.5 years and have had it in for service 6 times to have the insides redone because it stopped working correctly. When it works correctly it does a good job but most of the time its broke. I have had 6 new baffle sets installed over the 2.5 years and now the thing is falling apart. I have been lucky so far that is has all been warranty work but I only have about 3 months left of the warranty. I have also had to replace the bag one time and it's about ready for another. The shell is not of high quality and is already starting it chip. I have a liner pool which was damaged by the phantom and I had to have 3 leaks fixed after one of the wheels fell off. I will replace it with a Polaris when it breaks again this summer after the warrant expires.
2,"Larry H. Rabinowitz, CPA/PFS, CFP VP-Private Bank","I've worked with a lot of executives who have been awarded stock options and this has immediately become my ""go to"" resource for information and reference. The book is clearly written and exceptionally organized. It's a ""must read"" for financial advisers who advise executives and compensation professionals inside any publicly traded company which is contemplating, or already has in place, an option program for executives and employees."
2,A billion year future history,"Poul Anderson, one of our great science fiction writers, takes us on a journey of a billion years with this yarn. It begins with astronaut Christian Brannock in the near term future and ends about a billion years later, with humanity scattered across the galaxy and for the most part uploaded into the computers that span the galaxy and control everything. A few humans have been re-instated on earth for an experiment run by a perhaps slightly deranged computer called Gaia.This novel did keep my interest, although it may be too far 'off the wall' for some tastes."
1,Boring - Total Waste of Time and Money,The word Bellydance should not be in the title. There are NO instructions for dancing. I found it to be a very boring exercise video.My rating is 1 star because there wasn't an option for a negative star!
1,JoinAmazon,"I bought the set of 3 in this Protocols of Zion Series. I wished I could give it a 5 star, but the problem isn't the information so much as the style Doc chose to use in presenting it. I wouldn't recommend this product as is. For the money this costs you'd of thought the producers could have used something more than an 8 ft table with Illuminati Card Game cards, and newspaper articles presented by holding them up to the camera while Doc talks and talks and talks. Pretty boring actually. Pricing this product high and spending all their money on a good cover is deceiving to the general public.Too much money, not enough went into the production.SAD"
2,Remote control your railway,"I got two of these switches in my Brio railway system. They come with an infra-red controller that works on up to about four meters distance. The only problem with the design of the remote control system is that it can be difficult only to control one of the switches at a time if they are placed closely together in the track system. It would have been nice if Brio allowed two or more different encodings of the IR communication so that the control of the switches would not interfere with eachother. They have done this on the remote controlled train so why not on the switches?Apart from this the IR switch works great. It makes noice and lights when operated from the remote control or the buttons on top. If you want to save on the batteries, you can operate it by manual control as well.A good investment if you want to create a more advanced Brio railway system with battery powered trains, etc.Now, Brio needs to come up with a left turning version of the switch as well."
2,Good product,"Though rechargeable batteries work but not as good as normal batteries. Re-chargeable batteries somehow take a lot of time to adgust in battery holder and get dis-engaged often.Drivers on CD did not work on my Dopod u1000 (HTC Athena). I got the updated drivers from iGo website.Mouse works fine with my WM6, U1000 PDA Phone and my Windows XP laptop."
1,POOR QUALITY,"It is true, the pages fall out faster than you can use them. And the puzzles are not jumble like in a real game. For example, in a real game no one stops to tell you, ""ok look for an X-ray Attack""... and so the book is not helpful. Instead, I recommend- ""Sharpen Your Tactics"""
2,Like Finding an Old Friend,"I read this book as a kid but that was long enough ago that reading it again was like discovering it for the first time. This is probably the best known of all of the Sherlock Holmes stories and it it really deserves it's classic status. It is a gripping tale mixing crime investigation with a touch of the supernatural and is after 100 years still a page-turner. Arthur Conan Doyle helped start a genre that continues to entertain as evidenced by the countless crime novels and detective shows on TV. Despite the potential overexposure Sherlock Holmes and Dr Watson still seem relevant and the deductive reasoning Holmes employs to solve the mystery of the Hound Of The Baskervilles is so entertaining that I read this in one day, unable to put it aside. Crime solving raised to a high art form never gets old."
2,CAN'T SLEEP WITHOUT HIM,"WOW - I want to see this series continue with the brothers, uncles, cousins - just keep it going. I could not put this book down - the family was disgruntled with my read! Sarah is a hot author with hot characters and the sex is sooooo desireable with this totally alpha male. If you haven't ventured into this author and you just don't know if you can read a book with this type of hot, hot, hot sex - throw caution to the wind. You will be glad you did!"
2,Good product...not enough space.,"i got this as a hand-me-down from my big bro. he got it for christmas a few years back. its a good player, but it dosent have enough space for the price that it was originaly bought at. i would recomend buying another one, because now they have mp3 players that cost 3 times less and hold 4 times as many songs. all in all its a good mp3 player if you only wanna hold a few songs."
2,Entertaining,"It's been ages ago I've been reading books. But when I took this book in my hands, I couldn't stop reading. I just had to keep on reading. I finished it within a week, however if I had to count the hours, it would be only a day.In short, The Jester reads very easy, and yet is very captivating.Someone wrote in his review this is moviebook, and indeed it wouldn't surprise me if this gets onto the white screen. The story just asks for being filmed."
1,Amazon description is incorrect,"The description on Amazon says this is an Infant sandal, but when you click on it it puts a Kids size in your cart. I didn't notice this until after I made the purchase and it was delivered. I contacted Amazon to let them know of their error, but a month later it has still not been corrected.We eventually received the correct size (infant) and they are fabulous! Easy to get on and off, they dont' slip, and they stood up to Spring Break in Orlando! I'd give the shoes themselves 5 stars."
1,Worst book I've ever finished,"The Pelican Brief is without a doubt the worst book I've ever finished. (I've dropped a few worse books midway through, but I was stuck on an airplane for 10 hours with only a copy of The Pelican Brief so I had no choice but to finish it.) The biggest problem with the book is that the plot makes absolutely no sense. Think about it. The Darby character has NO direct evidence with respect to her theory. Once she's passed the information on to the authorities, killing her does nothing but validate the theory. So if they had succeeded in killing her, it's highly likely that the authorities would eventually figure out that her theory was valid. As a result, Darby's fate is irrelevant. This book is one of the reasons that I never read anything on the best seller list (except for freakish exceptions like Pynchon and DeLillo). Oh, I just remembered one book I read that was even worse (Patriot Games, further support for my policy of avoiding best sellers)."
2,I'm sure a lot of people just want to see Thor shirtless..,".... good thing I'm not insecure. But anyway the movie was entertaining and the cast was likeable and I think they somehow tried to tie in Everett-Wheeler M-theory with ancient European mythology, loosely bound by your usual treachery and double crossings and people getting their bottoms kicked by each other.If you're looking at this movie and still debating to watch it, just watch it. There are worse films out there."
1,Don't waste your money....,"This game requires the CD to be inserted to be able to play the game. We bought our son a little netbook that does not have a cd-rom drive. I tried to copy the files onto a USB drive then onto the netbook, but it didn't work. If anyone has a good solution, please let me know.Also, I tried the game on my other computer and it was okay at best. A little advanced for my son still so I can't comment on how he likes it yet. Based on comparing it to other preschool software I've bought it doesn't rank very high. Also, an annoying feature, you have to click 5 screens or more to get out of the program which is completely unnecessary. I'm disappointed because we liked the BTB Can Do Zoo."
2,very comfy,"love them can wear with out socks, great for wearing with jeans love them as much as I love my emu's"
1,Disgrace to Deborah!,"This is probably the WORST song EVER put out by Deborah Harry. I love her, she's great.......but this song is AWFUL. Even at only 4 minutes long, it is near-impossible to actually sit and listen to the whole thing. If you are a big fan of Deborah's, then pick it up...just to have it. Otherwise, steer clear of this terrible song!"
2,"Totally Fun, brings back memories","The storyline kinda reminds me of high school in the early 90's. As a teen worried about popularity and standing up for yourself w/o worrying about fatal violence. Your the new kid trying to fit in and beating the clicks.The game play is really easy and I like the fact that time is a factor to determine gamplay. Also, THe seasons change and there are holidays in the game that affect the game Holloween and Xmas. It gives the game some variety and different experince. Cool weapons, like the sling shot, eggs and bottle rockets; things I use to use. There are also some extras like boxing matches, carnival games and shopping for outfits. Many mini challenges in the game.Humerious experince of what highschool life once was."
2,Great Book,Great book for young and old. I'm glad I purchased for my little girl to read with me. A book for all to read.
2,LIFESAVER!!,"Love this book!!! We call it our ""Bible"" We used it with our daughter and are now using the method again with our son. Our children are pleasant, well rested children and we owe it all to the tools this book gave us. I recommend it highly!! I give it as a shower gift all the time and my friends all end up loving it as much as we do!! Can't praise it enough!!"
2,Very helpful book,"I delivered very healthy approx 5 lb baby boys at 35 weeks, and I think their health is in large part due to the diet recommendations in this book. I didn't follow it to the T, using the recipes in the back, etc, but I kept a lot of the key points in mind when choosing what to eat, making sure that I was getting a sufficient amount of calories in the right way.I didn't find out I was having twins until the 20 week ultrasound. I had been tracking perfectly for a singleton up until then, so I'm sure that if I had known and had found this book earlier, I might have made it a little longer. As it was, the boys only had to stay in the Level 2 nursery (no NICU) for a couple weeks while they learned to suck. Other than that, they were quite healthy.A good resource for moms expecting multiples. So few books explain how to do things right for a multiples pregnancy. It's not the same as a singleton one, and most pregnancy books just include multiples as an afterthought."
2,A British Dynamic Folk Duo!,"Martin Carthy MBE is known as the Godfather of British Folk Music along with his wife, Norman Waterson MBE. In this compact disc, he teams up with musician Dave Swarbrick for this collection of classic folk songs. This compact disc is really for the diehard British folk or just folk music fans. You have to have an acquired taste and appreciation for this music. This duo has produced a first rate album and folk music exists in all languages all around the world. The British folk is largely centuries old and have been about storytelling which Carthy does brilliantly with Swarbrick. There is also the dialect and the language of English itself that has transformed. I admire Carthy, Swarbrick, and others who still create folk music to reasonate in today's world. Folk music can tell stories about love, farming, traveling, etc. There is a wide range of story-telling. Some of these songs have been around for at least a century!"
1,NO NO NO NO!,"If you're buying your first Dylan album, don't waste your time onthis one please! It's a lousy use of your time"
2,Great resource!,"This is one of the most comprehensive books on childbirth available to birthing professionals. It is ""one-stop shopping"" for the knowledge and skills that can be used to provide support during the entire birthing process. There are tips, tricks, and information that can be used for a wide variety of women with differing plans for their birth in any setting. Nurturing Touch at Birth not only teaches how to provide support for a woman giving birth, but provides encouragement and strength to birthing professionals. You don't only get the ""how-to's"" with this book, you get the ""what's"" and the ""how-comes"" as well! It takes the whole spectrum of care for a woman during labor and birth and turns it into a rainbow!"
2,Crafts and Hobbies,Wonderful step by step book on many crafts that we all love to do. Great information in one single book.Excellent resource book as well. Great to look up crafts that have a wonderful step by step instruction to make them.
1,not what i expected...,"i rented this game with high expectations from the previews i read, but it did not turn out as what i expected it to be. the graphics are good but the gameplay is somewhat boring. all you do is sit in a spaceship and shoot things. i think it would be better with a two-player mode and levels where you are not in your spaceship. i can see why a lot of star wars fans would like this game (hmm...because it is a star wars game, maybe?) but if you are not sure you will like it then i reccomend you RENT IT FIRST."
2,Great shower radio,"I was replacing a sharper image shower radio that I had for several years and this radio has better sound and better reception. The on/off switch is a little hard to hit in the morning, but not a major issue."
1,a profound disappointment,"I wish I could impute a more positive rating, but I cannot find the wherewithal. The content of this putatively ""absurdist"" collection was such as my twin three-year-olds could readily pen without a moment's preparation. Noting that Kharms was among the authors represented, I expect to at least see something of the quality of his ""The Old Woman,"" but I did not. It seemed as if the anthologists sought high and low for the poorest, leanest possible representation of every participating author. Vvesensky (yes, that's the proper spelling) was a waste of paper. I didn't even bother to delve into the other three or four ""writers.""I assigned two stars because the typography was clean and the grammar of the translation was excellent."
1,Save Your Money,"Many East Front aficionados may be tempted to purchase the companion volume to Colossus Reborn. Having done so, I would advise otherwise. I struggled hard to find some use that I could possibly get out of the book, but there just is virtually nothing of substance here. I can fathom no reason for this volume even to exist and it is a step backwards for the usually good Modern War Studies line of monographs."
2,scratches,This series is definitely an addictive one. I started the series and now can't stop watching the show or reading the books!
1,Childish,"I bought this book because of all the hype surrounding it. Sadly this is nothing more than a children's book. I agree with the other reviewers who put it in the same class as those disdainful self-help books. I think it's a good book for an adoloscent, but hardly something an adult would derive any value from. The book is full of meaningless generalizations and stereotypes. I suspect the only reason it became so popular was because it was written by an 'Exotic' Brazilian. Had the author been John Smith, nobody would care about it."
1,THERE SHOULD HAVE NOT BEEN A REMAKE OF THE ORIGINAL CLASSIC!,"This is one of the worst remakes ever made! Anyone who thinks that this move is even remotely decent should be sent to a mental institution, because they are brain dead idiots. I could make abetter movie about a case of a missing seashell. I need to blow chunks because this movie makes me sick."
1,Ok for 1/2 the price...,"The Kensington Pocketmouse Pro Wireless is a nice standard size mouse. Feels heavy with the battery, and has the cool feature of storing the usb transceiver so you don't have to worry about losing it. Only complaint is that the either the optics or the wireless circuits suck. It tracks like a dirty ball mouse, but maybe I'm just spoiled from the mx500 I use on my desktop....... I would expect better mouse performance from a $... mouse. Seems more like the type in the $... bin, which is where they should put it and come out with a better design."
1,"wrong, preposterous, biased and entirely wothless...","angelical albanians vs serbian monasteries, that would be right relation in the aftermath of Kosovo war...If I could rank this piece of the albanianpropaganda gibberish with five negative stars I would certainly do..."
1,Disappointingly superficial,"I picked this up anticipating as fine a book as ""Undaunted Courage,"" but was seriously disappointed. It is quite superficial; even acknowledging Ambrose's desire to focus on those who actually built the railroad, the business and political aspects are given short shrift. Ambrose (or, rather, his cadre of researchers) has done a pretty good job of digging up information about what it was like to actually be building the railroad, and the various personal anecdotes are the best part of the book. But it suffers from very poor editing (several anecdotes are repeated nearly verbatim, and at least one blatant error exists) and has the feel of something that Ambrose knocked off quickly because his editor wanted him to write it. But it did picque my interest sufficiently to make me want to read a more serious treatment of the subject."
1,"Horrible music, bad singer. Bring Sammy back!","What a disappointment. Those who like this CD must be crazy or maybe they just want to provoke us, the real fans. Cherone is as bad a singer as Roth. Sammy please come back!"
1,Forced...,"I'm one of the people who have read A Prayer for Owen Meany before seeing this movie. As soon as I saw the credit, ""SUGGESTED by a novel by John Irving,"" I knew I was in trouble. This is obvious, as there is no character named ""Simon Birch"" in the book. Is it a good adaptation of the book? No. But it is unfair to judge a movie only in comparison to its source-material. Does it stand on its own? Well...NO! Holy cow, does this film NOT know what it wants to be. It tries to be sentimental and farcical at the same time. The jokes are ""punched-up"" by the dopey music on the soundtrack. It falls into a category of desperately sentimental, middle-brow, coming-of-age-in-a-small-town movies. It's the type of film a sewing circle might label ""nice.""Perhaps I'm being too hard on it. The film isn't awful - it's just not that good. The insult is that it was based on such a wonderful novel. Too many moments ring false and are forced for me to recommend it."
2,"Good Book, Fast Shipping","Good book for the my intro class, though a the author definitely included his opinion about the different types and psychologists. As far as the seller, book was as advertised and shipped quickly."
1,JUNK,"Came with mounting brackets that were broken,and one light didn't work.No satisfaction w/seller,threw in the garbage.Gave one star because you have to fill this field."
1,Poor print leading to lousy transfer to DVD,"McLintock is a great comedy/western; the casting is perfect and the script intelligent and witty. However, Good Times Video treated this excellent movie with tremendous disrespect and cheated buyers of this DVD badly. The ancient Greek saying of""caveat emptor"" or ""let the buyer beware"" fits well here.Anytime you see that the DVD comes from Good Times Video I highly recommend that you pass purchasing that item. Hopefully a REAL version of McLintock will be released by John Wayne's estate soon. This movie was not one of John Wayne's favorites and was released late for being such a good movie. Hopefully this had nothing to do with the estate of Mr. Wayne in releasing a crisp (and letter box) version."
2,its 2012 and Greendale is still alive!,"Nine years later and I still enjoy this album as much as always.the more you hear it the better it gets,yes even 9 years later..."
2,"Good book, lacking detail","Sure, it lacks a bit of detail that I would like about the birds. Sure some of the pictures do not seem to be that clear but shesh, this is field guide. This is small enough to carry with you and the color coding is awesome! If you are new to birding, like me, then get the book.You can always buy books that have every little detail about the bird. Use those books to study the bird before you go out. This is for when you are out and go ""What bird was that?"". It was almost all brown... so go to the brown section.I now have two of his books. Will get more as I go to that state.-Jeffwww.avvedutiphotography.com"
2,"""Angelic Spice!!""","I couldn't put this novel down. Ms. Jackson is a great writer, a great storyteller. I've read many of her other books(some good and some so-so),and she's still all that. The way Ms. Jackson tells this story, it's like you're right in between Gabe and Sage. The way she describes where Gabe's house is located...hey I gotta go to Alaska now. I'm never disappointed when I read a Brenda Jackson novel, and I can't wait to read what she's got next."
2,very nice,went to Macys and Jcpenney and all their vests are 60-100 dollars..i said screw that and went to amazon. its really nice. doesnt have a cheap feel to it and its made in italy
2,"Love medium roast Senseo coffee,",The Senseo medium roast coffee pods make an excellent cup of coffee every time. It is always fresh. Never old and burnt or sour tasting. One reason is that it makes only one cup at a time. The other being it is an excellent tasting coffee. It is rich without being too strong. Can't wait for my cup in the morning. I have the Hamilton Beach coffee maker which uses the Senseo pods. The only problem with that is that it only holds 12 oz. and I like a 14 oz cup. So I just let some go through and then add the other two ounces before I begin making my breakfast. Sarah
1,"Oldie, not so goodie","As to the pompous white album, people must have like this music at one time, many years ago.This is oldies music, nostalgic perhaps, but second rate."
2,Flower Box w brackets,The flower boxes with brackets attached to my brick house with no problem. They are attractive and I expect them to hold up very well with little or no maintenance. I believe they are overpriced but am pleased overall with the quality of the product.
1,Major Flaw,"I'll admit that this film was fairly intense. And it did have good acting from Bruce Willis and Eamonn Walker (Karim Said on HBO's ""OZ""). And it had some good action set-pieces. And it has a good premise. And it starred the almost disturbingly beautiful Monica Bellucci. But it has one central question that it does not answer ... soldiers Willis and Walker go in to the jungle to extract Dr. Bellucci, but the film never bothers to answer why they would be sent to do this. And this is the very first stone laid in the building of the story and because it is never answered, the entire effort fails to reach the heights that it should have. Is this on par with BLACK HAWK DOWN as Amazon sugests? Not by a long shot."
1,Dont' buy this!!!!,"I purchased this toaster oven because I wanted a good size ""second oven"" to do small entrees, frozen foods. First, the bottom heating element never fully heated so I had to raise the temp. I returned the unit same problem. O.K., I can deal with that. Now four month later, the door doesn,t close all the way. I wouldn't buy anything from Euro Pro again"
2,Good Purchase,This sign is very cute and I am quite happy with it. I thought was price was good as well.
2,Re-visiting an Obsession,"When this album was first released I listened to it constantly. The re-issue has arrived at a time when constant listening possibilities have extended. Now you can have Blood on the Tracks beamed into your head through your Walkman everywhere you go. The quality of this re-issue makes you want to do that. It was always the most absorbing music: the words, the tunes, every instrument, every pause, the songs rubbing up against one another, images and phrases bouncing and reflecting. But I did not expect to get so much more out of something I already knew so well. This may be because I am so much older/younger then/now - but it is also to do with the quality of this album.If you already love it, get the re-issue. If you've never had it...you have one of the great musical experiences waiting for you."
2,A Great Book,"A brilliant read for anyone interested in becoming a Christian, or who already is one. I f you would like to develop your believes furthur this is the book to use. Based on the traditional Bible it is easier to read and to understand. Especially for the young people of the world."
2,Great Television,"This is some of the best TV I've ever seen. All but a couple of episodes were well-written with great dialogue and plot devices. My wife and I really come to enjoy the characters, and regret that the show couldn't go on!"
2,Spiritually healing,"This cd is absolutely beautiful! Very healing, spiritually. Her voice is just amazing.I bought so many copies of this cd & gave them to friends who, like myself, have been on healing journey's - physically, spiritually & emotionally..Each one of them has loved it as much as I do! I truly hope she plans on making more cd's of this type.I just cant say enough about this cd. It's exquisite!"
1,Don't buy this bed,This bed is flimsy and falls apart easily. The screws come loose and the frame falls apart. The fabric is cheap and begins to tear up very quickly.
2,My 6-year-old really likes this book.,"My daughter is a fanatic about dinosaurs and she loves this book. It is fairly easy to read and is an excellent way to get a kid to improve their reading skills. Some of the sentence structure was improper, but over all, I would recommend this book for any parent who has children who like dinosaurs."
2,MADE ME LAUGH MORE THAN A FEW TIMES :),"""Head Over Heels"" is just one of those movies that you have to go into with an open mind. Just go in expecting a few good laughs and you'll like it. Monica Potter was simply gorgeus. I won't give anything away, but there is this one scene where she falls face-first while pretending to model a dress... TOO FUNNY. Worth a rental."
2,Fantastic / The Perfect Gift,This thing is a life saver for photographers at all skill levels. You'll carry it with you everywhere and wonder what you did without it. Plus it makes a good gift / stocking stuffer for the photographer in your life. Highly recommended.
2,He does it again!!,"Chris Knight's debut album was a true classic with ""It ain't easy being me"" becoming an instant all-time great and it seems that he's got plenty more material to draw on as this CD is nearly as good as the first. It features some great melancholy tunes, story songs and a couple of country-rockers. Just great stuff from one of the best singer/songwriters out there. I just hope we don't have to wait as long for the 3rd release."
2,Great Breads,This book has very good information about bread machines and also very good recipes. The basic white bread is the best you've ever eaten!
2,Solid product,"I bought this one along with a different one (""super bright"" for around 53 dollars...see my review).This is the winner.Didn't notice the ""don't get it wet"" instrction, and it hasn't rained here yet either...aside from that, no complaints.Easy to install, decent amount of light...I'll let you know if rain creates a problem. Otherwise, I'm satisfied."
1,Did not know this was a Book Club Edition,Very upset when I opened the package. I decided to keep the book anyway even though I wanted to return it.
2,awesome,"Drums + guitar duo play incredibly weird, fast, heavy, loud, and technical songs that average a minute long. You know whether or not that sounds like your thing. If it is, you'll love this."
2,Actually 4+,"The ending cost a partial point here. The strength of his previous novels were in the Joe Pickett's character, his love of his family and the balance in which the author presents both sides of an issue.In this book he (Box) goes overboard in presenting the federal government officials as ""evil"". And Pickett no longer does ""the right thing"" in the end.Still most of the thing that made the two previous Joe Pickett novels ""5""s are still there. His family, great descriptions of an uncompromising country and a story that will keep you glued to your seat.So, do as I did. Read this book."
1,"Definitive - Yes, Effective - No","I'm surprised so many people have given this book a good review. I went with this book after the O'Reilly book was back ordered. What a mistake. The book might cover every formatting object in the W3C XSL-FO recommendation, but it's more like reading just that, the recommendation (which can be found online).It's a bulleting of objects with minimal examples and sometimes difficult to understand explanations. I'm giving it two stars only because it serves as a useful quick formatting object reference to me at this point.Avoid this book if you're new to XSL-FO. Otherwise, if you're looking for a reference guide, this might fit what you need."
1,Not very durable.,"I've owned three of these, but will buy no more; it's too easily broken. It was easy to install, and it's not too hard to adjust.The biggest flaw is durability. I bicycle commute 16 miles a day, through a park and on city sidewalks. Even in this rather benign environment, this will get broken or wear out in a few months. The least impact at speed with bushes, tree branches, poles or other obstructions can crack the mirror or break the plastic mount.Also, a few months of adjusting the mirror via the friction mounts wears them out and the mirror will no longer hold position.I cannot imagine these mirrors lasting more than 2 or 3 rides on mountain trails."
1,Don't waist you time and money.,"The tea ball that came with it looked neat as the expanded and tasted good. After a few months, the lid or top opening became warped making it difficult to remove. Later it a small piece cracked off. It was difficult to clean the leaves out of the infuser because it was so fragile. When I taped in on the side of the plastic trash can it cracked."
1,was this a zombie movie or a video game ad?,"I would have rather watched my friends play the video game than have watched this movie. Everything in this movie, I really have a hard time calling it a movie, was weak and laughable. The ONLY part of this DVD worth watching is the ""zombie combat training"" or whatever it was called, because you get to the stupid girls from the movie get shot with paintballs. This is an abomination to the zombie genre."
2,Zombie Diaries 2.......,"Set some three to four months after the outbreak that turned the World into a zombieland, we follow a surviving band of soldiers and civilians that have taken refuge at a rural military barracks. Even though things look bleak for our group, hope comes in the form of a high level communication that tells of sanctuary elsewhere in Europe. That's what Zombie Diaries 2 is about.I've got to say, Zombie Diaries 2 is considerably better than the original. Regardless of what people say about this series, it's not THAT bad. However, I still loathe how it's filmed and the acting isn't much better...but that's the beauty of this film and this is a low-budget movie, after all, so I'm not going to be that hard on it. If I did have any major gripes about the movie, it would be the rape scenes. I didn't really see the point in them."
1,The life and accomplishments of Jeannie St. Marie,"Jeannie St. Marie worked hard to accomplish many of her goals. This book is about her lifetime experiences. She explains in detail many of them. One of the dreams she had was to meet her favorite singer, John Denver. Much to her surprise she met him on a flight that she attended to. She tell us about the few days that she spent with him."
2,The Garmin c340 is great,"On a recent trip to Sanibel Is.in Florida to attend a wedding we decided to rent a GPS when we rented a car in Fort Meyers. My first question to the gal at Alamo was is it easy to use, her comment was if she could anybody could. She was right, we were able to use it right away with out any directions at all. In as much as we did not have a clue where we were going this was well worth the rental fee. If you have ever driven from Fort Meyers to Sanibel one cannot believe the amount of lefts and rights we made before getting to the hotel. It got us there right to the front door. On returning home I immediatly ordered one from Amazon. I opted for the c340 because of the voice on street names although the c330 worked just fine for us. I would highly recommend this item,and it's also a great mans toy. We all need toys!!"
2,Love this book!,"I have fine, thin hair. No one likes to deal with it, so I have to cut it myself. I have NO HAIR talent. I have collected a number of hair-cutting books. My hair is one length with bangs. This book has given me information that allows me to get the ends to curl under and not have flat bangs. That makes this book a winner for me. I don't know about the other hair-cuts in the book, because I haven't tried them. Thanks Laurie Punches!"
1,"Lots of Heat, Little Suction","Today was my third and last time using this product; like the other two times, I ended up giving up and moving to compressed air. Why I hate this product:1) Canister gets very hot very quickly; not hot enough to burn (I don't think), but certainly hot enough to make holding it uncomfortable, which leads me to . . .2) Unwieldy. Granted, my manual dexterity leaves something to be desired, but I found it near impossible to hold the canister, manipulate the nozzle, *and* still see inside my machine;3) Cheap attachments. They broke on the first try.4) And, finally . . . even if all of those issues were taken care of and perfect, the darn thing just won't pick up any dust."
1,Lame connection,"ProsInstalls very easily, intuitive, works without drivers installed.ConsIt just doesn't cut it, my internet is incredibly slow, even after I installed the drivers my connection is laughable. I bought a massive external antenna in the hopes that would help, we'll see what happens."
1,bandit,"this item is not as pictured... the back is very low and hits your head at the top of the neck. this is very uncomfortable and I would not recommend it to anyone taller than 5 ft. The bar at the bottom of your back hits the tail bone and is also very uncomfortable. I wish I could return it for a refund, but it has already been assembled and in the water. That was the only way to know how comfortable it would be."
2,Not a bad follow up book...fun and engaging...best for Pam fans,"If you enjoyed Pam's first book, this one is a decent follow up. Sure, it is a bit watered down and at times reads like a thinly veiled bio of her wild life...but it is truly entertaining for folks who like Pam and the celeb tabloid style read. This books ending is a bit unexpected..and puts a kibosh on more from the storyline...but this seems like Pam telling readers..yes this is fiction!!! A quick read that does not dissappoint. Good for plane rides, beaches, hotel stays, etc. a bit of a guilty pleasure. I would strongly advise reading Star first....this is onlya chaser to that book. So go in order. You will not regret it if you like Pam, her worldview, her life story, etc. pretty cool book."
2,"Valuable,insightful analysis but solutions are flawed","Rifkin convincingly analyzes the impact on the work force of computerization and automation. The statistics are thorough. He explains the futility of current remedies, such as retraining, to deal with increasing unemployment wordlwide. His anwers to the problems, however, in the second half of the book are, as might be expected from this author, socialism with a human face, e.g. higher taxes, coercion and confiscation"
1,It just made my disappointed....,"Like other one star reviews, I cannot attach this filter onto my faucet, I have tried both my kictchen and bathroom, either of them fit. I guess I could just return it instead of wasting my money."
1,"Briel makes good espresso, doesn't last.","I was persuaded to this particular machine largely because you described it as a ""workhorse."" I'm the only cappucino drinker in my household, but I like to have it twice a day. I also like my appliances to be dependable, durable, and more powerful than I really need, just so I don't have to baby them along.It worked fine for three weeks. Then it started to spew steam and water, and now grounds, copiously all over the counter--and now all over the kitchen. Water pours out freely during heating. And now, the amount of grounds in the finished coffee is much too high.I have left a voice mail with repair people at AABREE. I will keep you posted on how that works out."
1,Mediocre Sci-Fi Thriller,"With no pun intended, there is a germ of a good story here but the way it's executed is laughable. The direction and script are flat. The thrills and chills aren't all that thrilling and chilling. Attempts at gallows humor are lame at best. Charlton Heston seems to be going through the motions here. Rosalind Cash delivers a cliched soul-sister act. ""The Family"", led by a usually reliable Anthony Zerbe, are laughable instead of scary in their black cloaks, sunglasses, and spooky eyeballs. Do yourself a favor and see the basic premise of this film executed better in Danny Boyle's ""28 Days Later""."
2,Hammel continues his saga of fighter pilots,"Once again, Hammel has found the right mix of in-the-cockpit action and background data. His writing is concise and to the point, but that just makes it easy to read and enjoy. For the armchair fighter pilot, Hammel's four books on aces are an investment not to miss."
2,Youngs Literal Translation Bible,"This bible is very plainly covered, a basic white hardcover with colored lettering. My husband received this for a Christmas gift and it was the only thing that lit his face up... He thinks it's wonderful. We hope you do too!"
2,Bond music hits the new millennium,"Who better than Madonna, an artist constantly ""reinventing"" herself, to be the one to herald in a new sound to the venerable spy saga?The new single, ""Die Another Day"", beginning with the series' trademark ominous and menacing intro, launches into a bass-heavy rhythm reminiscent of the singer's hit ""Music"". The respective remixes of the original track add to Madonna's ever growing and most appreciative, at least by this listener, string of dance favorites.Madonna has been a consistent chart topper for close to two decades and this latest offering assures that she will be with us for many more to come."
1,So sad.,"Mr. Altoids, please let me send you some spearmint. I've got tons of the stuff in my garden and you are clearly running low. Whatever it is you have decided to put in the new spearmint Altoids, it's certainly not much good for eating."
2,A reminder of Ludlum's earlier books.,"I have been a fan of the Covert One series since the first book. In this installment, Patrick Larkin crafts a story in the style of The Osterman Weekend or The Parsifal Mosaic. It is a very complex story and, I must admit, moved a little slowly for me in the first few chapters. I persevered, however, and am very glad I did. Once the pace picked up, the story just grabbed me and I had trouble setting it aside for trivialities such as sleeping and going to work."
1,A1 Ripoff,"The product shipped by A1 Accessories is NOT as pictured and is a cheapo headset dissed elsewhere on Amazon and offered for $2.70 by the same vendor elsewhere. (no ear covers, lousy sound, incompatible connector, flimsy wire, send/end button does nothing). No response from emails and customer service forms filled out and sent to A!.Hey amazon do you take any responsibility for the vendors your promote? Incorrect pictures and product descriptions?Buyer beware."
2,Best ever,My husband loves this. I want to get one for every homeowner I know.. What a great way to keep track of repairs.
1,Enormous,"Technically, the device seems to be working fine with Mac OS X 10.3.1 (7C107). However it's far larger than other similar adapters. Granted, it's the size of three postage stamps side by side. Not completely unwieldy, but not as compact as it should be."
1,Fun story but poor video quality,I enjoy most any Dr. Who with Tom Baker. The quality of this tape is very poor however. Had to adjust every control on my TV just to watch it.
1,Terrible smell,"These cases smell terrible. The stuff we get from China smells worse and worse. I understand that China buys more recyclable material than almost any other country, and that the recycling process is toxic. This might be a public health matter for us. It ought to be investigated."
1,CI Consultant,Not current edition or 1 step below. This was an original release. The product was too old to use.
2,A Masterpiece.,"While this 1991 LP hardly needed remastering, the newly cleaned up sound and production is very welcome and makes an already great album sound better. ""She Drives Me Wild""is a Teddy Riley masterpiece that makes broken glass, car horns and heavy percussion all sound insanely musical and funky,while ""Dangerous""(the brilliant title track also produced by Riley) still slams as hard as it did a decade ago and Jackson's deep, spoken word delivery haunts you long after the track is over. Now is the perfect time for a new generation to discover the last truly great New Jack Swing LP of the 90's."
1,Do not buy it!,"Do not buy the CD! It is absolute horrible, just some drums over the lovely opera's songs.Do not come close to the ""Trance opera"", you will be very disapointed."
1,Nothing Here,"After reading this book, I can understand the negative reviews. There is nothing particularly interesting about either the author or his alleged story. While Mr. Thompson may have had a great time playing ""undercover reporter"", the reader will find this book to be far less than enjoyable. This bland little tale merely proves than almost anyone can be published, and is useful only as a cure for insomnia."
2,This CD is unbeleivable!,"It goes along with the Swan Princess too! Start them at the same time. Any way, this is a really good CD. I'm 11 yrs. old and it seems like my dad has played the CD every chance he gets since he got the CD. I'm a 'dude' that's into ska and stuff but this is an awesome CD."
1,Impossible!,"I bought this game used at Gamestop but it sure looked like it was taking me to level 1 when I tried playing it (for weeks) and never could pass the first level. All I could do was just walk around this industrial world and try to figure out what in the world I was supposed to do. Many times I would literally not be able to jump up to where I thought the game should take me somewhere. It made no sense. I kept trying it and trying. The graphics were great, but I thought it was a very dumb game if it didn't tell me at all how in the world you were supposed to play it. Now I know why the former owner traded it in! I traded it in for a better game after being dissappointed with no improvement. And I'm 27 and have played all my life, so I'm not a newbie at the gaming world. Don't buy it. It's a dissappointment!"
1,Restricted,I purchased this product along with a new sprinkler for my garden. I noticed right away that I was not getting the coverage from the sprinkle like I did before I installed the shutoff valve. I promptly removed the valve and my original coverage returned. I now use this shutoff valve on the deck hose where I water hanging baskets and house plants where the pressure drop does not affect my watering.
2,Lovin' it!!,"We love your City Life London Underground CD! It creates such a great atmosphere in our coffee house. Customers even come up asking, ""what cd are you playing?"" Thanks again!"
2,Easy read,This was a nice clean book. It had romance without a lot if sex. I wish more authors would learn to write cleaner. I like to share books with my grand kids but most of them have too much sex.
1,dell notebook battery,"Though i got the item in time, i do not think my battery holds any charge at all. without being connected to a power supply, the computer does not even powered on! i think i bought it!!!"
2,Atmospheric Music to a Memorable Screenplay,"Everything about this excellent score is pure America. The tempo corresponds to the changing moods of the film from the rolling road rhythm to the erotic tango and the college flaky beat during the practical joke which misfires. I am the only member of my family who hasn't visited the USA but I am hoping to one day make the trip and experience the multitude of cultures which inspired Thomas Newman, the composer, to produce such musical imagery in the changing scenes.Sylvia (UK)"
2,Nothing is more amusing than a bad 80s flick.,"It's already been said by everyone else. This movie is so bad its good. I bought it for 3.99 on a closeout rack. In the DVD menu they even mis-spelled the word ""start,"" as in ""STRAT movie"" and how can anybody not love Roddy Piper from ""They Live"" fame?But whatever you do, do NOT pay the 22 dollars these shmucks want for it. Unless of course you bought ""Jackass: The Movie"" or ""Freddy vs. Jason"". Then, well, go ahead. You deserve to be ripped off."
1,xp incompatible,I had Windows Me and this scanner worked great until I had to upgrade to xp. Now it doesn't work. There aren't any upgrades or fixes available from the company. It's impossible to figure out how to make this compatible with xp. Forget about it unless you are using an old operating system!
2,Serviceable gun case for the price,"I got some sticker shock when I went to purchase a new gun case at Pro Bass Outdoor World. I found the brand and style I wanted but there was no price. When I got to the checkout, it was twice as much as I was expecting. I left it on the counter and walked out.I ordered this the next day. It is the same brand but not the same model. The price, features and service were top rate. I am satisfied."
2,Great Action Packed Movie!,"This movie will keep you on the edge of your seat. If you have a theater sound system, crank it up. The movie is great, the sound track is great, and the acting is great....If you know anything about climbing, some of the things that are done would never ever happen."
2,Good Eyeglass Cleaner,Our daughter had indicated this product worked well and helped to keep your eyeglass lenses cleaner. We bought it and it works wonderfully. My husband has long eyelashes and this product helps to keep his eyeglass lenses cleaner for a longer period of time. Well worth it's cost.
2,Perfect Sunglasses!!!,"I gave them as a present to my sister and she liked them a lot. She love them, the color is perfect too including the case!!!"
2,"Great stand, door opens fine!","I read the reviews that the memory card access door does not open when in the stand, but I decided to get it anyways for stability. I love the stand and was surprised to see that the door actually opens fine! Soooo, I don't know what everyone is talking about. I did however notice that it doesn't alternate between blue and red as advertised. Not a big deal though. Great product, check it out (I got mine at Target on clearance for about $18)."
1,Great Story ... Bad writing,"So sue me ... I just don't like Nathanial Hawthorne. I think the plot is brilliant, but I find his method of telling the story annoying. I'm afraid this isn't an assertion I can back up with a lot of concrete examples, it's just that his writing gives me a vague feeling of malaise. I find this true of his short stories as well, so I never bothered with the other novels. But you'll have to read The Scarlet Letter for school anyway, so borrow it from the library."
2,a must have,"Truely the difinitive guide to native medicinals and their uses. Not my first copy, this one was a gift. A must have."
2,Excellent,"I borrowed the book from the library and went through it in a couple sittings. It is a very good book and helped me quite a bit. There's quite a bit the author has to teach, yet it's simple and very easy to understand and implement. Give it a shot"
1,Date gouged out,"The ink cartridge was received from databazaar with the date gouged out (see my photo), completely unacceptable. They promised to refund promptly when the item was returned but they did not. An additional call resulted in another broken promise to refund. Finally, over 6 weeks after the item was returned, a call to Amazon resulted in a refund."
1,Didn't work for me.,I purchased a Sharp office stereo and needed something to bring in AM stations. My office is in the basement of my home so not ideal. I am also about 40 miles from major city for stations. The Terk ADAVANTAGE provided no improvement in AM reception. I returned for refund and am looking for something that works (maybe amplified.)
1,Beloved Enemy by Al Lacy,"""Overwhelmed by pressure to assist the South, Jenny agrees to carry critical information over enemy lines. But when she is caught in Buck Brownell's territory, will he follow orders to execute the beautiful spy or find a way to save his Beloved Enemy?""The Battles of Destiny Collection is for the lover of historical FACTS.I had difficulty connecting with the story even after many attempts. I felt as though I had lost track of the story line while I was attempting to keep track of all the historical facts. Great read for the historical reader in your family."
1,Horrible!!!!!!!!!!!!,"This bike is horrible. The front shocks don't even work, and neither the rear shocks. No wonder why it's so cheap. For Christmas i got a Marin Rift Zone which is an amazing bike but it costs alot. But the Marin has Manitou front shocks, and Fox rear shocks with great disk brakes. If you're serious about mountainn biking like i am get a real full-suspension bike like a Marin,Iron Horse,Kona,or Santa Cruz."
2,"A Joyful Gift for a ""Golden Season""","While exploring the many Christmas offerings displayed in the bookstore today, I found the newest book by Trixie. A grand surprise, that! Forgotten were the other books with covers of different dogs and cats. Here was a little treasure penned by a Golden Retriever, and my favorite furry author! I thought at once it would make a fantastic Christmas gift, and bought it for myself. While waiting for my husband who was sampling a CD in the music section, I pulled Trixie's book out of the bag and began reading. Delightful! Worth every smile, chuckle, and sigh of ""Aw..."" And, Trixie is so smart and sweet looking, I wonder how many times the photographer had to stop just to give her hugs."
2,Good CD,This CD has some rare tracks on it that aren't available on any other CD. Good choice for the serious collector.
1,major rip off,the author is running on empty and should be ashamed of cranking out such lame crap just because his fans will fall for it.
2,A dream come true ... haha!,"I sincerely hope the FBI doesn't monitor book reviews, because I have to admit that this book fulfills one of my fantasies (getting rid of corrupt politicians and arrogant power brokers via some old-fashioned covert vigilante justice) and I don't want to end up on some watchlist for saying so.This is a fun, if implausible (did I mention ""fantasy"" already?) political thriller that exposes a lot about the way things are done in Washington ... things most of us have suspected but hoped weren't true. (Well, hopefully people aren't actually getting murdered, but then again, what do any of us know about how it all works?)Even though this is a novel, there's plenty to ponder here, especially since the political climate and economic conditions described in the book are pretty close to the current situation in reality. That's a big part of what makes this an interesting read, especially these days."
1,"Great Idea, Poor Quality","Easy to program and use. Very cool idea for adaptive display. However, after only a few weeks of use the remotes' backlight quit working.I threw it away and bought a Logitech 550."
1,Yawnnnnnnnnnnnnnn.,"Wow, this movie was absolutely HORRIBLE, it was soooooo boring it literally PUT ME TO SLEEP!! yes I fell asleep in the theater and the next thing I knew I was being shooken awake. M. Night Shamali is overrated. His movie Signs SUCKED, but at least I could stay awake. This movie's plot was awful. I'm sorry, but for the 45 min or so I did stay awake NOTHING scary happened. When I left the movie I seriosly asked if it was supposed to be a horror movie. M. Night. Shamali, Sixth Sence was pretty good, but what happened? :>)"
1,A Failure,"I'm not sure why this sharpener didn't work for me, but it left the Sabatier knives I used on it duller than they were prior to sharpening. I read, re-read and read again the instructions and can't understand why I didn't get good results. I should have purchased a Chef's Choice, a sharpener I've had good results with in the past."
2,"Funny Movie of the ""Airplane"" Genre","I thought this was a funny movie. No, it was not a masterpiece... and yet, I was entertained consistently through the whole thing. If you like to laugh and you are not weird about what you think is offensive (frankly--I didn't think there was anything offensive about it at all), get this movie and get a bowl of popcorn and get ready for some good sight gags, some witty take-offs of other type movies, and some amazingly good acting. Come to think of it, the acting kind of bumped this movie up a level in my opinion. The players were all good. They had fun, too--you could tell.best, jean"
1,impossible to clean,"We received a set of these as a gift and began feeding banana pieces to our daughter (in the little mesh baggie) when she was about 8 months old. She seemed to enjoy squeezing the banana out through the bag and was eating the majority of what we gave her, but the mesh is impossible to clean. We ultimately threw these out because we could not get food particles out of the things. This is the second disappointing food-related product we've gotten from Munchkin (snack catcher is the other one). Cannot recommend this."
1,Not that substantial,"I was never much of a Blur fan, but this album intrigued me. And on first listen, I was sure I'd heard something great, one of the best albums of the year. But sadly it was just a ruse. The music on this album is formless and mostly uninspired feedback symphonies, with nothing else going on. It's not that innovative or original (for the real deal in feedback rock check out My Bloody Valentine's ""Loveless"", or even Lou Reed's ""Metal Machine Music"" for that matter), and after a few close listens, it ceases to be interesting or entertaining. It's just a muddled collage of feedback, trip-hop, and, every once in a while, some brit-pop and punk. Don't be fooled."
2,very pleased,"I was very disappointed when I could not find the memory cards in the stores. My camera was basically useless to me. I began to search on line for the card, and was very pleased when I found this site. The price was the best I found. I received the memory card sooner than expected and were exactly what I needed. I would recommend this site and will return again myself."
2,Heavenly Army of Angels,This is a must read book. I ended up buying a copy for my mom and when she was done there were others in the family waiting in line to read it. It is a must have book.
1,Hackneyed and cliched,"Nothing original comes through on this album. It's basically every other European melodic death metal album done half as well while beig far too serious about itself. Lyrically the album is a joke. The singer wants to sound like a tough guy yet the entire time I can't help but think that he often goes crying home to his mother. Just awful writing. It's just as well, his vocal styling isn't nearly as brutal as most. It's too weak.Musically, as I said, nothing really special. The drumming is the highlight. I would recommend he find himself a band more suitable to his talents.There's not much else to say. Skip this one."
1,"Not up to the standard of ""Maria"" on Teldec","This discs shares the two main performers (vocalist Jairo and bandoneonista Binelli) with the Piazolla operetta ""Maria de Buenos Aires"" on Teldec. That CD deserves 4 or 5 stars but this one is a cheapo on 3 counts. Firstly the general quality on this Milan isn't as good as the Teldec, even though it was recorded recently (1996). Secondly the playing time 39'31 is skimpy. Thirdly there are no texts and barely a word on the collaboration between Borges and Piazolla. When some of the tracks are simply poems read by actor Lito Cruz you'd think the poetry would rate equal treatment in the booklet. Not a great advert for other releases from Milan Records."
1,Pseudo-intellectuals will love it!,"Where does one begin? It's beyond bad. Has a patina of importance, but only that. Worth reading only out of a sense of perversity."
2,Beautiful Reality,"When I saw this documentary, I didn't see a farmer and his wife. I saw two ordinary human beings. That being said, it was wonderful."
2,HORRORPOPS,"Excellent. Sometimes during the day I feel a serious NEED to listen to this. The Horrorpops are amazing and so is this CD. I saw them in Chicago and theyre just as perfect live.Basic Info: Rockabilly-Psychobilly yea yeaa obviouslyWith Patricia on upright bass (amazing custom King)Kim Nekroman of the Nekromantix on guitarPlus: Karsten, neidermeyer and the gogo dancers. (who are hilarious and one has the best pompadour ive ever seen)Listen to WHERE THEY WANDER first. Its just really goodDont be an idiot and ruin good music. Just buy it and love it"
2,beautiful,"My girlfriend loved this ring, it is the prefect width for someone with thinner fingers and the color is wonderful."
1,STILL IN INFANT STAGES,"DWELE HAS NOT DEVELOPED TO HIS FULL POTENTIAL.AS AN ARTIST, HE STILL HAS A LOT OF GROWING TO DO. THIS IS ABOUT AS HONEST A REVIEW AS I CAN GIVE."
2,Long time user,"Razac hand and body lotion is a product that I have used for atleast 15 years. The first time I used the product I wasn't sure of how good it really was until other people would ask me, ""what is that you wearing"", as if I had on some expensive cologne. As a man it's important to me to be well groomed, moisturized and smelling good. Razac covers both, and not only that, it mixes with your body chemistry, so no two people will smell the same. Compliments, compliments compliments!! Great product for the price!!"
2,Words from the Duke,After hearing this from the Legendary actor John Wayne. You will learn more about history and the forgotten story about Taps . Then if anyone does say thisMy roots are buried here.Its a good story to hear when you find the CD and purchase it
1,"VERY, VERY DISAPPOINTED","I HAVE LOVED ALL OF PATRICIA CORNWALL'S BOOKS. I WILL NEVER BELIEVE THAT SHE ACTUALLY WROTE THIS. BEFORE I BUY ANY BOOK OF HERS AGAIN, I WILL VERY, VERY CAREFULLY READ THE REVIEWS. IF IT IS NOT ABOUT DR SCARPETTA, I WILL NOT BUY IT. DON'T WASTE YOUR TIME AND MONEY!!!!"
1,Meh.,"I have an OLD sewing machine. It has no bells or whistles. This ""Beginner's Guide"" seems to assume I have a newer machine, with capabilities my machine lacks. So all I can do is sew in a straight line and I was hoping for more of a reference book, something that would explain patterns and techniques. Instead, I got a lot of projects which I won't make and a little bit of semi-helpful information. The color is pretty, though."
2,Gorgeous and stunning,"I saw Raquel Bitton at Carnegie Hall 2 weeks ago,It was the best concert ever. She is so great! My 20 year old daughter cried and laughed and had the best time and we bought the CD. We love it! One of your guest reviewers spelled Piaf wrong,it's with one F not 2 and he says that the songs were murdered with English translations. Is he out of his mind? I own a Piaf recording where Piaf sings ""I shouldn't care"" in English,Raquel does a much better job. Also ""I shouldn't care"" and ""J'm'en fous pas mal"" are the same song,same melody,the orchestrations are so great that it seems like a different song,but it is not.Raquel Bitton you are one of a kind. We can't hardly wait for the next CD."
2,Classic funk-rock,"This is one of the Peppers' greatest albums because the lineup with Frusciante peaks, and Rick Rubin's clear production lets the music shine. The album starts off real strong, hits some radio-ready tunes (with Under the Bridge and Give It Away), hits a little filler, and then closes strong. Flea's bass playing is never as good as it is on this album. He slows down a little from Mother's Milk and lets the funk come through."
1,Bad and sad,Bad sad sorry I spent 4 bucks on this and wasted an hour of my life. Sick how proverty should be considered a story to tell
1,Do not buy,"This product cut my audio volume in half, and added noise. I tested my headphones with another stereo extension and they worked fine, so this product is either garbage or was defective."
2,Spellbinding. Finished it in 3 days.,"Major Winters is a great leader. The story is told beautifully and always entertaining and exciting. You will also learn a lot about tactics, leadership, and unit management. I read this book after watching Band of Brothers on HBO. You won't be disappointed."
2,Magic by the Sea,"The story follows two teenagers, Karen who lives by the sea and Tide, the princess from under the sea. Tide's parents are under attack by enemies who disapprove of a magic being marrying a mortal and when her mother is kidnapped, Tide searches for her on the beach at the edge of their kingdom. There she meets Karen, a normal girl who turns out to be unusually brave. Tide's enemies are not far behind and when they miss her, they take Karen's parents as hostages.In a wild and tangled adventure Tide and Karen rescue both sets of parents, but that is only the first battle. Their enemies are still strong and able to attack in the real world as well as under the sea. Tide and Karen fight on to an unusual climax.Judy Ramsook's imagination takes the reader along an emotional switchback, and the story changes rapidly between the places we know and places of fantasy. The fast moving plot will keep you absorbed and fascinated."
2,Nice!,"I seriously lucked out when ordering this on Amazon. (Got it for $68). It is great. Looks just as it does on line. I have three cats and got tired of having a huge corner cat litter box. The opening is not as large as I thought (one of my cats is seriously overweight) but they get in and out just fine. If she were any bigger she wouldn't be able to fit. The only con for me is you can only insert a small litter tray inside (Having multiple cats, this is a bit small). But it conceals the litter in a nicely way."
2,Excellent even for Indian food,I love this product. I already have one and I bought this one for my sister. The best thing I like about it is kneading the dough for Indian bread(roti). Easy to use and easy to clean. Expensive but worth spending.
2,Perfect for my SD1200!,"I looked through countless cases on Amazon and finally decided on this one, and oh boy am I ever glad that I did!! This case is the perfect size with protection but not overdoing it. Simply Brilliant."
1,Very Poor Transfer from Fox!,"I do not know what Fox Home Entertainment is doing here, but I recently replaced my previous DVD version of this film, hoping the DTS would enhance my viewing experience. The transfer has major grain on it, and the brightness and resolution is nowhere near the quality of the original DVD. Stick with the Dolby Digital copy. -bad move Fox."
1,"Beautiful Watch, But Broke in 3 days","I read a lot of the reviews for this watch, and for the people who wrote good reviews of this watch sold me on what a great value this watch was. This watch looks like it cost five times more, but . . . . . . . . . . . . . . . .But after wearing this watch for the third time Button A broke. Now I know why they are selling this watch at such a discount. This Invicta 9223 Speedway watch is not made with quality components/craftsmanship. Luckily I kept the original box it came in, and I returned it. I don't think I'll ever try to buy another Invicta watch again."
1,Garbage,"I'm in my 60's and grew up pushing a reel mower. I know what a joy it can be to mow your lawn with a push reel mower. This, however has been nothing but a frustration to me. I complained to the company, and the answer was effectively ""sorry 'bout that."" First, it wouldn't cut high grass. I can live with that. It won't cut flower stems from weeds in the lawn. Didn't like that. So I pulled up the lawn and put in a brand new sod lawn. It cuts pretty well, if you don't mind cutting several ways, and on consecutive days during the fast growing season in Spring. The major complaint I have is that now that I have a new, soft lawn, the mower won't stay in adjustment, so it soon looks like I tore the lawn instead of mowing it, and the anvil and blades don't meet at all spots on the anvil or blades. Other mowers I've had cut like a pair of scissors all along the anvil. This one won't and it is way too expensive to get it repaired. I won't buy anything from this company."
2,Great book,"When I recieved this book I was looking for something to make that ""shift"" in conscientiousness, I found it in this one!"
1,505's not what they used to be,"Levi stopped offering 505's in the colors that they used to. They also offer less sizes then they used to. I have worn 505's for years. 36 waist and 29 inch leg. But now Levi's offers fewer of the color choices in a 36 waist and 29 inch leg. I can't prove it but the material seems lighter to me as well. Unless I want 505's in my size in shades of blue I am out of luck. To summarize, less choice in colors of my size and cheaper lighter materials used."
2,Cliff Notes on Demonstration,"Excellent, concise, ""Cliff Notes"" presentation of the means of demonstrating a conscious contact with God."
2,Just as good as MGS2,"This is my FAVORITE(So far) game ever along with Metal Gear Solid 2. It has a great plot, and setting. It is definately Capcom's best masterpiece. You get really awesome swords and power-ups. If you're bored and looking for a great game BUY THIS AND Metal Gear Solid 2."
2,"Huge Pollard Fan, see the film","I happen to be a huge Pollard fan and was watching this film, really enjoying the acoustic music and finding it oddly familiar, but couldn't put my finger on it until the bar scene where Pollard's voice is obviously singing in the background. This is a lovely soundtrack of short acoustic chord-based songs to accompany a great film, you need to see. The premise is a group of boring factory workers in a small town in Ohio where a murder takes place. The film is predictable, but well acted and thoroughly realistic in every meaningless dialogue. The music just takes it a step further. I will definitely buy the soundtrack."
1,Avoid this Blue Oyster Bar patron!,"Triple H(as Your Worst Nightmare): Justin is my hero, I want to jump his bones! Shawn Michaels(as Hellraiser): Justin is my lover. Triple H: Justin has to be the fugliest and most disgusting piece of s**t I have ever heard. Shawn Michaels: This mama's boy only got famous for his looks. Triple H: This guy was a male version of his skanky ex B*tchney! Shawn Michaels: This guy whined Rock Your Body and Cry Me a River! Triple H: I say go drown loser! If you are not down with D-X we got TWO WORDS FOR YA (crowd yells S*CK IT!)"
2,I bought this book after a nanny conference... loved it!!!!,"I heard Suzanne speak at a nanny conference that I attended a few months ago. After hearing her read parts of her book at the conference, I knew that I needed to buy it (I guess that may have been part of her purpose for reading it aloud to us in the first place, LOL). Well, it worked, I bought the book and I'm glad that I did. It was very funny and I was sad when it ended (like I always am when I read a good book and feel like I ""know the characters""). I liked this book soooo much better than the Nanny Diaries."
1,Not very good reference for newbies to MC,"Never having used a TiVo or Media Center before I was interested in a book that would help get acquainted with MC as well as help me use all of the features. MC is not that intuitive to use so a good manual is needed to get full functionality. This book aint it.This book does tell you how to use MC features but leaves the detail up to you. For example, it may show the menu you use for changing a setting but not how to drill down to it is left up to you.It's sorta helpful but I'm sure there are better books out there.Surprised that PC Magazine put their logo on this rather poor book."
1,incomplete set of books,"The books were advertised as a COMPLETE SET OF 7 volumes. The box arrived intact with only 6 volumes - volume 5 was missing. I contacted the seller and she doesn't know where volume 5. She reembursed me $28.00 for the book, but my set is still incomplete! I'm very dissappointed."
1,Finger & thumb fell apart the 1st day...,"The first day I used these I was hanging drywall with screws. About 2 hours into it the DuraClad on the thumb and index finger of the left glove were worn through (something that doesn't happen with good leather gloves) and the seams were coming apart. So, I wrapped 'em with duct tape and that did the trick.I liked the velcro at the wrist and the fit was good for my hands, but I doubt I'll buy 'em again. I can buy three pairs of good leather gloves at Costco for less than one pair of these, i.e. more glove-life for the money witout the hassle. If they get the price point down maybe I'd buy again.Using several layers of duct tape and gluing down the various pieces of DuraClad as soon as they started coming off, the gloves lasted about a month and a half. Maybe it should be not-very-durable-DuraClad. I guess for lighter duty they'd work well, but not for remodel work I put 'em through."
2,Hope For the Flowers,Wonderful book; may be read on so many levels. Awesome message of hope and individualism!
2,fall soundtrack,"Wonderful movie! Wish they would put it on DVD! They should make the soundtrack also!(IN ORDER OF OCCURENCE)1.""Faithless"" ASIN: B000002BTB Performed by Marry Me Jane2.""You could make a killing"" ASIN: B000003TBW Performed by Aimee Mann3.""faget"" ASIN: B000002AUU Performed by Korn4.""SERENA"" ASIN: B000002J90 Performed by Duncan Sheik5.""favoRITE failure"" Performed by Charlton Pettus6.""EAST AFRICAN DRUMS 2"" Used under license from Bainbridge Entertainment Co., Inc.7.""IF I SEE YOU AGAIN"" Performed by Amy Kanter8.""worlds apart"" ASIN: B00000053E Performed by Jars of Clay9.""drive you mild"" ASIN: B000002WVW Performed by The Verve Pipe10.""KID IS NOT ALRIGHT"" ASIN: B000006A78 Performed by Talking To Animals11.""INTIMATE EVENING"" Performed by Patrick Tuzzolino12.""GREEN"" ASIN: B00005JY4R Performed by Amanda Kravat13.""LIGHTNING"" Performed by Amy Kanter14.""I FEEL WHAT I FEEL""Performed by Susan Werner"
1,It fell within 10 minutes and broke,"I was pretty excited about this. I put it on my kitchen window, put seed in it, and I don't think a bird even touched it. A few minutes after I stuck it to the window I heard something fall. I looked out, and it was on the ground. The pins that held it together were broken, so it wouldn't stay together anymore.I'll probably try to glue it together & try again because I really liked the idea, but it didn't stay on the window as well as I had hoped."
2,A good start,"This book is a good start in courting body language but most of this information can be found in other books which are both better written and have more attractive people in the example pictures. The author's style of writing takes a while to get used to because it is both unrefined and brutally honest. This book did have a few topics in it I havn't found in other books and because of this, have purchased his other works as well. As usual, my advice to anyone purchasing dating books: read many books from different authors. Everyone has different results with different methods since you are different from everyone else and so is your target. What works on one person for someone may not work on another. The more tools you have in your toolchest the better."
1,Not an exercise video per se,"I thought that this would be an aerobic exercise video using jazz dance elements. It really is a class and is very slow and emphasizes form, which is great if you want to be a jazz dancer. My goal was to add variety to my in-home workout and this does not meet that goal."
1,Meh,"When I travel to a non English speaking country I only need to know a few important phrases. This provides more than what I need and the organization of the presentation of words/phrases is not intuitive to my way of thinking. It's just OK. Nice that it's plasticized for durability, but could less tall for easy carrying."
1,Unusable paper,"I read all the reviews how the older HP Premium Plus Photo Paper supposedly was so superior to the newer one and purchased this even though I had to pay full price (I usually stock up at the 2 for the price of one). Unfortunately the photos came out full of unwanted lines and were unusable.On the plus side I was thrilled how Amazon handled the return. I've been a longtime customer and have ordered everything from a printer to a camera and toys for the kids but had never before any reason to return anything. I followed their return prompts, printed out the return label, and received a refund within two days after I shipped it back. Now that's what I call customer service."
1,Surprised by boredom,I expected this book to be an account of the author's being born again as a Christian. Unfortunately the book contains very little material on this subject. Rather it is a pedestrian account of a rather boring boyhood and adolescence. His only slightly veiled anti-Semitic remarks contribute to a very uncomplimentary self-portrait.
2,Great book for the beginner or experienced.,"I found this to be a great book. The photos were beautiful and the instructions were detailed. I enjoyed the section on polymer clay. The book has chapters on making beads of out felt, paper, metal, glass, & polymer clay. If you enjoy making beads or thinking of starting beadmaking, this book is for you."
2,Whitney,"I can only think of one word that actually describes this book,""WOW"". This is the second book I have read by JM, but it is much better than the first(Remember When). This has to be the best historical romance novel I have ever read and I am looking forward to reading all of her novels. I received her name when one of the reviewers held Susan Elizabeth Phillips up to her standards. I must say that she was not mistaken. I have a soft touch for historical novels and this book was absolutely wonderful. I wish only that I could give it more stars. The heroine was great, zesty and full of life. I loved her stubborness and uniqueness. The hero was rugged but gentle, and became a reformed rake. I have only one suggestion. Don't start the book thinking that you can easily put it down because you will scarcely do anything else until you finish it."
1,A Poor Prep Book,"This didn't help me prepare for the national exam at all. If I would have relied on this book for the weight of my studying, I would have surely failed. The sample tests were too simple, and the chapters were VERY brief. I do not recommend this book."
1,Stopped working after 3 months,"This was a fine toaster until it stopped working. Now it toasts only on the inside sides of the toaster, and even on those sides a lot of the burner wires are burned out entirely.Of course we didn't save any warranty info, but if we had, it wouldn't be worth the cost of shipping to send it back for repair.Don't waste your money!!!"
2,amazing,yummy i am buying againthanks so much for the amazing productir\t was absolute amazingthanks so so much
2,Melancholy,"As a huge fan ofA Confederacy of DuncesI was intrigued to read the book written by a young John Kennedy Toole. It is a surprisingly sensitive novel of quiet despair that maintains the same pensive mood as the movieWhat's Eating Gilbert Grape, and tone of stories by Flannery O'Conner. It is astonishing that this work was written by a teen-age author."
2,Epic poem of the service of William Wallace,I learned about this written account of Wallace's Scottish patriotism when I visited the Smith Museum in Stirling over the summer. This is a fascinating read!
1,Great CD,"My 8 year old son wanted this CD after he heard the ""Get a Clue"" theme song. Well, I was dubious, but ordered it anyway after we previewed a couple of other tracks on Amazon.com. We BOTH love it. There isn't a bad track on the CD. The songs are musically interesting and fun, and the lyrics are catchy and intelligent. The Web Site stuff is less intriguing - they obviously know their market - but what really sells Simon and Milo is their music. Keep it up, guys."
1,Excellent Charger--Limited Use.,"The charger is an excellent quality item,BUT it is limited to the use of the battery supplied with the unit.The way that the contact pin is set cannot be used with the NORMAL 3volt CR-V3 rechargeable battery.I had to make an auxillary unit to fit this unit in order to charge my CR-V3 batteries."
1,Sleeper Party Dumbhouse,"The idea is pretty cool, but the execution is really a shame. Betwin the ""Slasher's Trivia""'s questions, wich are not too bad but not enough (10 questions may be), you are subjected to stupids and bad acted scènes with not an once of originality or talent. Even if you're a fan of T&A, wich is the only thing this piece of junk have to offer, you better go elsewhere, where girls looks hotter. If you're a girl and if you like Geek's style guys, you'll find plenty of specimens in there. Do your own trivia at home with friends and use your money for more beer, that's my advice. If you're ugly and stupid, so do like these guys, use your money to make your own crappy movie, so you'll be able to pretend to make it out with some fat bimbos copycats."
1,NOT THE BEST!,"This movie wasn't horrible, but I have seen other movies that depict this story much better, ""Anne of The Thousand Days"" for example. But this movie focused on Anne Boleyn, King Henry VIII and his relationship with both her and her sister, Mary. The acting wasn't that great, and if you want to see a truly OUTSTANDING Anne Boleyn performance, check out Natalie Dormer in Showtime's The Tudors!!! They should have picked HER for the role in this movie!! I went to see it because I love anything to do with the Tudor period, especially Henry VIII. But it is certainly not the best I've ever seen."
2,Loads of fun!,"I have read the first three books in this series, and love them all. Mrs. Briggs writes wonderfully. Mercy is a tough chick, but she has a vulnerable side, which makes her all the more believable. These novels have lots of great plot twists and wtf moments. There were even a few times I cried. Great series, well worth the money."
2,the first and the best,"and in more ways than one: this is the first trance disc i bought, and it's still the best in my collection -- tho sasha's ibiza set comes pretty close. my favorite moment is easily ""water from a vine leaf"", but the whole thing is really, really good: forget the local train-wreckers; i'd rather hear this front-to-back at a magical party under the moon. OOPS! except for track 7, ""ultraviolet"", whose vocalist is irritatingly incompetent; you can really hear the ecstasy holding those notes up .."
1,Sad and boring,"To describe this book, one must use words like:trite, banal, commonplace, corny, dull, hackneyed, hokey, horrible, stale, uninspired, unoriginal, vapid, appalling, awful, heinous, lousy, lurid, horrid and terrible.Poor plot, flat characters and out and out bad writing. It did however make fine kindling on a cold night!"
2,Have the book? Get the movie,"If you like the books, you'll like the movie. Even without a lot of dialogue, it's easy to follow the story. Darryl Hannah was great. I only wish it had been possible to continue the series."
1,DISAPPOINTED BY SONY,"I usually swear by SONY products, but this time I'm extremelly disappointed. My husband gave me this mp3 player as a gift, paid over $400 when it first came out. The design is OK, but the SONICSTAGE software is horrible and buggie, like the other guy said - it freezes, crashes for no reason, the transfer and compressing the files into ATRAC format compromises quality and a lot of times causes clicking and noisy static music. this product sucks and i want to shoot it."
2,Light & Durable,"This backpack is extremely light. It is made well too. Even though it isn't a huge backpack, it carries 4 of my big school books and my large binder. I store all of my notebooks in the front zipper area. Zippers seem durable. The colors (orange,gray & white) are cool too. A very cool backpack."
2,"a moving, easy read for both kids & adults",I listened to my 10-year-old daughter read this book to me. There were times we could hardly control the tears and sadness for this realistic character. Excellect period piece (5th grade history project). We loved it!
1,Please save your pennies,"I bought this book because I needed a read and was busted at the time. This book reminds me of my 10th grade reasearch paper. Short clips, pictures second hand. It contained very little actual information on the period,reasons or construction. I give it one point for effort and another because it has pictures. It might be good for an elementary school or junior high library to do a short paper with. Otherwise save your pennies."
2,Brutal Truth Uncensored,"Bill Shields tells it like it is. Rosey is no exception. Having read almost every word of his writing, searched the internet and beyond for more, the main constant of his writing is brutal honesty. While many are quick to point out that his work is a horror show of pain and suffering (which much of it is) I see a strength to it, a man who has faced more demons than most of us will ever experience and lived to tell the tale. In my opinion, there are very, very, few writers out there today who can hold a candle to his talent and power. Nothing is watered down or left to chance - what you see is what you get, which is something you hardly see in contemporary poetry or fiction anymore. If you haven't read Bill Shields, you haven't read anything."
2,The Greatest,"Thriller is one of his best albums, besides ""Off the Wall"". All the songs are great, like for instance, Baby Be Mine, Human Nature, and Lady of my Life. It's just a wonderful album that you would never get tired of."
1,We know a lot more than this...,"I bought this dvd based on a second hand recommendation that made it sound thoughtful and intriguing. I watched it twice... the second time because I wanted to make sure it was really as bad as I thought it to be the first time through. Its worse.This piece of drivel is a travesty of smarmy pseudoscience that makes me cringe at the state of general sceientific sophistication of the American public. But why should this be a surprise, given that the teaching of ""Intelligent Design"" is now sanctioned by law in some states?After the second watching, I threw it in the trash, but not before actually destroying the disc to make sure there was no chance of polluting a naive garbage-picker who might just have a dvd player.Don't say you weren't warned."
2,Great toy for keeping children occuppied,"I love these sticky little things! They damp the ringing overtones in the head better than a wallet or duct tape, and they're reusable and re-postion-able (not sure that's a word...).My only complaints are: they lose their stickiness quickly if they are handled often, and they tend to wrinkle and crease if you don't store them carefully.Overall, a very nice solution to an age-old problem for drummers."
2,Tantalizing,"If you like Love, you WILL like this album. There are some really beautiful bits on this and the songs sound very intimate and authentic, and romantic, demos or not. Bryan's voice was beautiful and he really knew how to play with time and melody. I love the energy, ""vibe"", or whatever you want to call it, behind his music and I've listened to most of this album many times. I can't give five stars to a collection of demos, but as other reviewers said, this collection really hints at what could have been, making it all the more poignent."
1,Slow and predictable,"This was my first Grisham book the others must be better. This book was based on a very timely issue (tabacco companies and jury problems)and I found some of the early parts of the book interesting, but then it went on and on and on and with the exception of one minor twist at the end it was obvious where it was going"
2,Works well.,"This toddler swing seat was easy to connect to swing set, securely holds child in place, and enables small child to enjoy swinging safely."
1,horrible,this is the greatest thing i have ever heard. i love this album. this melts my soul. boom! shuck! black shuck!
2,Good Christmas read,I love Susan Mallory books. The story had me reading and not wanting to put the book down. A great book to read in front of the fire with hot cocoa.
1,cheap cheap cheap,"extremely thin grade of plastic used in the manufacturing of these DVD cases. The very thin film of clear plastic for the outer side of the case, the cover, well lets just say my Ziploc bags are thicker. 15 of these cases were broken during shipping. I have purchased bulk DVD cases from other sources, spent the same amount on 100 cases, and have gotten far superior producs. Believe it or not, there is a big difference between manufacturers. I am deciding whether or not to return the entire purchse, Since these are just used for home DVD movie storage, they will serve their purpose. However, if the third party seller does not provide some level of satisfaction over compensation for the damaged ones, then I will return the whole case though Amazon."
2,SUPERB !,"I visited the Tropicana in Havana in October, 1959... only a couple of months before the departure of Batista and Castro's entrance into Havana. While I knew virtually nothing of the 'politics' of Cuba at the time, I was aware of the tensions throughout the city. However, there are no memories of my visit to that beautiful country any more vivid that my evening at Tropicana; even though it has been fifty years (this month). TROPICANA NIGHTS helped me relive that evening and 'filled in the blanks' of history, culture, politics, and personality that were previously unknown to me.I found the book completely fascinating. If you have an interest in the Cuba of old, this is a 'must read!'"
1,More like Laptop Heater,I got this laptap fan when my Belkin started to sound like an airplane. This Antec fan did not cool the laptop at all. The laptop was hotter with this fan than without it. It did not cool anything.
2,wonderful,"my 6 month old son got this for his first x-mas from his grandmother, and he LOVES this toy, and he chews on the rattle handle to relieve teething pain. :)"
1,worse gaming mice ever,"ok i bought this at one of the biggest electronics chains. right click button died in less than 2 months, exchanged for another one and this one lasted 3 months and this time is left click button and i returned it for store credit.pros:it's a good mice if it doesn't breakcons:it breaks"
2,It shows shows you the WHY as well as the How. That's Important,"I saw the review tearing the book down for just teaching lessons. True it teaches you to do things...but if you read the writers Introduction part of the book he explains that too many manuals show you how to do stuff. BUT not how to put the things you learn together and use it practically for day to day work. (and even to use in your portfolio)This authors trying to teach you to think AND learn. Something the previous reviewer missed. I found the book at the bookstore, looked it over from stem to stern and came home to order it at Amazon. Even my roommate who does 3-D graphic work said it was well put together.And 1/3 of the book has interviews with people working in the field. That is great to learn from the people whom are already there."
1,What the hell happened,"This CD sucked. It doesnt even compare to E. Von Dahl Killed the Locals. The first cd was great it was fast, catchy, it was punk. They lost their touch with this one. If your as much into punk rock as I am I dont suggest buying this CD. They used a lot more keyboards and synthesizers and the tempo got a lot slower. It sounds more like electronica rock rather than punk. I dont know what to say, I thought the new CD was gonna be amazing, but its not. Definantly not the same old Matches from the first CD."
2,Perfect for me.,"As a petite woman and hairdresser, I find this blow dryer to meet my requirements: 1)Light in weight- excellent! 2)Quiet, very important to me-excellent. 3) Cool shot button- excellent. This is is my second purchase of this dryer. The first one lasted 1 1/2 year. I use it 3 days a week at work. The cool shot button stopped working. Actually the cool function was fine it was getting it to heat up again that was the problem. In any case I hope this one works for a while longer because in my 12 years in the salon this has been my favorite dryer."
2,Amazing,"I live in Wales in the UK and have never been to New York, but I've gotta go now! The music is great and the live images are beautiful (i expected slide images) It puts me in the mood for christmas and I get a snow fix as we rarely get any snow."
2,Nice Marmot Jacket,This is a great jacket for being in the rain. It has zippered vents under the arm. The only drawback is the picture is not true to color - the actual color is a little lighter than what is shown.
1,Title is misleading!It doesn't teach phrases as used by Deaf,"If you are expecting to sign phrases as the Deaf use (i.e. American Sign Language), this book is NOT for you. Some places in the book did not list the approiate sign for that context. This reviewer would recomend staying away from this book as it presents Pidgen Sign English but too often with the wrong sign."
1,Terrible,"I got this to do Paranormal Investigations, and what a mistake. Terrible layout on button programing,battery life stinks,sound is ok for what I do, and not compatible with any of my software. I wasted money for sure."
1,Good Material - Terrible Value!!!,"What were they thinking when they put a $250 price tag on this CD? The words ""usurious"" and ""capricious"" leap to mind. The Merck Index is a classic reference manual that belongs on any chemist's (or related professional's) bookshelf. But for a price difference of $205 between the cd and the printed book, the cd is just too poor a value to justify buying. Publisher take note and drop the price to a reasonable $49.99!"
2,Awesome Letter opener,i would not open mail without these. They are wonderful. The quality of the plastic is good and the blade cuts nice an smooth every time.
1,No more than a compendium of brochures,"I was supremely disappointed with the book, particularly in light of the rave reviews seen on this page. There are no recommendations beyond what could have been provided in a brochure. While the spas are rated, there is no explanation provided on how the rankings were determined. The first section also seemed to indicate spas could get listed simply by sending in material. I was hoping for some indication that someone had actually visited the spa or spoken with someone who has, thereby confirming the information and adding value with meaningful comments about specialities."
2,Intense psychological thriller,"I enjoy Kerr's Bernie Gunther series and read his other ""non-Bernie"" novel ""Dark Matter"" (featuring Isaac Newton as a detective). This one is very interesting as it goes back and forth between the mind of the criminal and the investigation of his crimes. The criminal is a bit too devilish and hateful, but still believable."
2,Great help - NOT for XV250,"The instructions and such are great in this, it's a really good resource. Doesn't have any info about my XV250, but as a reference point it works very well."
2,Problem with HS-4w,"I bought the Nokia HS-4W Boom Headset.It worked for 10 days, and I had the same problem that Itai Lustgarten ""remeraz"" (Israel) had. However, I took it to a local technical service store, and they fixed it. Has worked without problems since. They said that a cable was loose.Oscar Foianini"
1,"Avoid, avoid!","After quite a bit of research, I let myself be snared by the word ""Titanium."" As if it were a good thing. I don't know if its the titanium or the design or what, but it leaves the skin of my neck burning for about 20 minutes after use - a problem I never had with other shavers, even very old ones. Now I'm back to hand-shaving, and only keep these for emergencies - if I have to run. What's worse, I've been scared out of buying other shavers, in case they are as bad as this. What a waste of money."
2,Correction of PW review,"Mute Dog is set in pre-WWII Illinosis, not England, asstated in the PW review quoted here."
1,Poor Electronics,The extender would not work in my home. The tech support rep suggested it was because we have wireless phones or because we have wireless internet router. The tech suggested we disconnect the phones and the router. That was not a viable option. We bought a simple system from the shack and it worked flawlessly.
2,Funny and Entertaining,"Synopsis: Becky is bored at the station, and wishes for something exciting to happen. She gets her chance when Mister Conductor's Wishing Star is let loose by Schemer and starts granting everybody's wishes. Schemer wishes Stacy would see things from his point of view for a change, and as a result, they switch personalities! (When Schemer answers the phone as Stacy it's hysterical!) Mayor Flopdinger winds up flying, Billy wishes he were back in bed (and ends up there!) and wishes busybody Midge Smoot would zip her lip shut -and she does! Quite literally!Mister Conductor tells the Thomas story ""All at Sea"" where Duck wishes he could sail away to see what lies beyond the horizon.The Jukebox Band plays the tune ""Celito Lindo""Mr. Conductor's Magic Bubble Song: ""Help Your Wish Along""Bonus Featurette: Schemer Presents: ""How To Clean Your Room"""
2,Perfect finding for my Kodak camera.,Perfect finding for my Kodak camera. Very convenient to use. I am happy to have an 'eternal' charging device for my Kodak. Would recommend it to a friend.
2,An excellent first solo cd...,"I'm not saying that everybody would like this cd, but if you enjoy the catchy rock-edged songs of Bryan Adams and Bon Jovi, as well as their infamous sappy love-songs, you'll most likely enjoy Nick's CD. You'll find yourself bouncing your head to songs like ""I Stand for You"" and ""Blow Your Mind,"" as well as letting out a little ""aww"" at the slower songs. ""I Got You"" is another one of my favorites - not a fast song, but not quite so slow to be considered a ballad. Bonus - the CD works otu great as an excercise CD :-P"
2,Presto is a great product.,I have had a Presto stainless steel pressure cooker for 28 years and it is still going strong. I ordered this one for my mother-in-law.
1,Doesn't Hold Up When Used As A Toy,"Good excercise in building and painting, but not for playing. This didn't hold up well when played with as a toy. I think it's great that the kid can put it together and then decorate it, but, after they do that, it'd probably be better to put it on display on a shelf and not let anyone play with it or else the parts will start snapping."
1,Don't bother with Search and Rescue,"They should have taken some of the money spent on special effects and bought a decent script. Who in their right mind would send a completely dysfunctional family, and an oversexed pilot to try and save the world?? I sure wouldn't want to depend on these people for my salvation. The only bright spot in this movie is an expected great performance by Gary Oldman (does he ever disappoint??) as Doctor Smith. William Hurt as Professor Robinson - pullleeeze! He's been freeze-dried for years. They should have kept more of the flavor of the TV series in it. This movie is a waste of time and has no redeeming value."
2,Awesome product,You're hearing from someone who's had a great problem with ingrown hairs ever since my college days. This product is phenomenal. I've tried to many things and so many different products before and this one by far superceeds anything i've ever put on my face. I feel so much better and much more confident with clearer skin. This product helps your face feel smooth and it definitely is great with an electric razor. Thank you MenScience.
1,yikes,"This book was horrible for AP Euro, it was not in chronological order and often confused our class. Also, he skipped over some events that were important to know for the AP exam."
1,How do I get my money back?,"I wish I had thought to read reviews before I bought the Genius PenSketch! I love the size and pixel-to-pixel relationship and the feel of the pen.BUT! as other reviewers have mentioned, the pen is a bit jittery and there is the totally unworkable problem of random auto right-clicking which is driving me completely insane.Support seems to be non-existent - manual is hopeless, there is no useful FAQ or troubleshooting on Genius website and I got no response to an email.My only questions now are ""how do I get my money back?"" and ""where can I buy a Wacom?""."
1,Dropped the Ball,"I was enamored with this show until the end of this season. To use a football analogy, it was as though they carried the ball diligently and with only a few hiccups until the one-yard-line and then dropped it. I felt as though it they were more concerned with comforting their audience then tying up the plot. I felt like they basically took everything that had happened over the last five seasoned and made it all totally irrelevant in the final episode, most of which, made little or no sense.I would still recommend this show as a whole and I had a great time watching the other seasons and watching the characters develop, but I was monumentally disappointed with this ending, especially when the rest of the show was a great display of creativity and courage."
2,Best travel beverage holder.,The Nissan Thermos bottles are far and away be best for maintaining drinks at the desired temperature (cold or hot).
2,Surprisingly great sc-fi thriller,"Surprisingly great sc-fi thriller. I didn't remember much this movie, but we loved JGL, so gave it a try. We were on the edge of our seats trying to figure what happens next!"
1,These failed within 18 months,"I purchased two Melnor Electronic Water Timer #3060. Both failed within the first 18 months. I have used Melnor in the past and was happy with the products. Electronics are great, unless the fail prematurely. This model is a piece of junk."
2,Great 80s Album!,"I remember buying this on vinyl and keeping it on the turntable for a week. Right after two, two! members of the band died, they reformed and came out with this gem. Crazy. I still have the 45 single of Chain Gang.Remastered album also has some nice bonus tracks."
2,"Stains out, White in!","I use this for my dogs, and its perfect for in between shampoos! I rub it in, leave for a few minutes and brush! Love it!!"
2,how old is holly?,"Overall, this is a well-done movie, with the exception of Mickey Rooney.My problem is not in the adaptation of the Truman Capote novella--it IS a very different story than what's being told here. Could you film a version that's closer to Capote's story? Of course. But this film works as a stand-alone piece.My problem is: how old exactly is Holly supposed to be? Audrey Hepburn was 31 when she made this movie, and while she's absolutely enchanting in it, SHE LOOKS 31. But when Buddy Ebsen shows up, he tells George Peppard that Holly was just shy of 14 when they married, and that his first wife died on the 4th of July, 1955. Since the movie is set in 1961, that would make Holly (at most) all of 20 years old."
1,Not ready for prime time,"It's a great concept, but my unit wasn't recognized by any of my 3 PC's, despite hours of work with tech support and even trying a second unit. One of my PCs runs XP (they had no idea why this computer didn't recognize the Magpix) and the others run Win98 (which they said sometimes has problems with the Magpix, although they don't say that in their marketing literature). They gave me my money back, but refused to refund the shipping charge as promised, and in addition I wasted several hours and the cost of mailing two units back to them. I suggest waiting for the next version, or even better, for a better company to introduce a similar product."
1,hummingbird feeder tubes do not work don't buy,I bought these hummingbird feeder tubes to finish a project making feeders from wine bottles. They leak and drip constantly and the cork pops out it is not much fun to have sticky hummingbird food all over you!
1,Never got this product,"This product was paid for but never delivered. Third amazon product this year. So, I don't know...maybe time to shop elseware?"
1,DANGER!!!!!!!!!!!,please think when you purchace this toy when I put in the batteries incorecly it blew up and burt my arm and killed 2 of my pet ants it was vwey sad. but on the other hand I think this toy teachs a child the responsebility raising a pet also its poket sized and very fun so try to be carful!!!!!!!!!!!!!
2,Hoover 40322016 Spot-and-Stain Remover,"I have bought this cleaner several times and I really like it for the carpet and it cleans my colored grout too. I have never had a problem with Amazon replacing anything that there was a problem with. If there is a problem you have to let them know as they can not ready our minds, orrrrrrrrr can they???? :)They are more than fair and bend over backward to make the customer happy. mew"
1,Cost to high,This gun is a ripoff. The motor is a Turbo 2000. Im getting an ICS mp5 and it has the same motor. It costs around 250$.
1,Amazon MP3's are the problem,"One of my all time favorites. Have it on vinyl that I have played so much since 1975 (and cassettes, and recorded into WAV files encoded to mp3) that I thought I'd go ahead and get a digital copy.Saw the 30th Anniversary remaster and downloaded it. Terrible quality, muddy and inferior to my own mp3's. Sorry I got it. I've had this problem with other Amazon downloads so it might be them but I'll go back to creating my own mp3's if I need them. Too bad, because it kind of PITA.."
2,A beautiful and touching movie,"Although there are many who feel the ending hurt, with thought there couldn't have been another. A beautiful movie full of love and very touching. But it will bring a tear."
2,"Wonderful for ALL children, especially families with children who have Apraxia","My son was diagnosed with Apraxia (he isn't able to connect his thoughts and verbalize them) which caused a lot of stress in our household due to problems communicating. Even though he was nearly 3 years old, his vocabulary was at best that of a 1 year old. After watching this video a couple of times, he started mimicking the sounds and copying the signs. It brought almost instant relief to our family. Suddenly my son was letting us know when he wanted something to eat or drink by signing rather than whining while we guessed what he wanted. I strongly suggest this video to all parents...even if an infant can start to pick up on the signs which he/she can use long before ""speech"" is expected."
1,"This watch falls apart - easily, and without hard use...","You'll want to avoid this one -- it falls apart(bezel falls off, buttons easily exposed andcatch on things in annoying ways)... thereare better ways to spend your money than this.The design engineers were asleep at thewheel with this one !"
1,don't buy if you are a therapist,"This video is for home use only. It does not cover deep work, trigger points, sports massage or myofascial release like it claims. It is a good relaxing swedish routine for home use only."
2,peridot,Exceptional 3.25 carats total weight Round Shape Peridot Gemstone Pendant Necklace in Sterling SilverThis is a very dainty necklace. The quality is good and the coloris very consistent and pretty. Great gift for August Birthstone.
2,loves it,"come on, how can you not love this series? i just wish they would have kept Kendra and Chris around as regular charactors? what happened to them? and OHEMGEE i love Marco!! haha, how can you not?"
1,one of the 50 worst films ever,"Everything is wrong in the disaster as all the charm, sadness and drama of this classic is gone. Charlotte should be a hairy spider with a Lucille LaVerne type voice, not a gorgeous arachnid with Miss Reynold's soothing tones. This is a story of friendship and self-sacrifice which is totally missing. And the tragic death of Charlotte, which is the highlight of the story, is simply glossed over. Along with The Cat in the Hat and The Grinch , Charlotte's Web is one of a trio of worst children's films of all time."
1,does what I need it to...barely.,"I am not a heavy-duty shredder. In fact, just a few old bills and some junk mail. However, this shredder does not handle even those small tasks well. I am constantly having to toggle the on/off switch just to get the job done. The paper gets stuck if I try and shred two sheets at a time (8-sheet my eye!). I would've sent it back if not for the pain of repacking the whole thing. Pretty disappointing."
1,celtic woman=christmas,this product was damaged before i purchased it. it was not in good condition. this was my first purchase at amazon and i guess my last.
1,I had to return it.,"I have not returned anything for over 10 years.The text dicussses the FBI agent's feelings.On and on and on...Her feelings...From one mood and feeling, to another feeling...I understand that many will like this, so that is OK.But I could not listen to it...I was thinking: please don't tell me your feelings,on and on, just get on with it and catch the bad guy...Perhaps, this is just me, and, again: I am aware that many many people like this type of writing, and, it sells well.If so, for you, buy it.Be well."
2,Smells Great,I have used this in the past actually bought it in the Virgin Islands I am happy to find it again
2,something to remember,"I was a huge fan of the movie on the past. I enjoyed the lively aptmosphere of the songs and Willie's tour very much. And now, when I'm a ""liitle bit older"", I wanted to remember something nice from my very youth. So I bought that lovely music."
2,love this movie,i have always loved horror flicks but this one is def one of my favs the price is amazing cant beat it ...
2,War Lover,"Simply stated, this is more than just another McQueen movie. The War Lover offer dynamics that are frequently missing in so-called war/action movies. This movie is ideal for men who love action and the believable drama of the airwar over Europe - in this case the role of the pilot of your father's B17 Flying Fortress. Hollywood would be wise to create a rerun of this great flick.Highly recommended."
2,POW,"This is soke tight garage stuff from da UK POW you dont know about me, ya cant really understand em but who cares really its still tight and if ya like garage n stuff buy it if not then dont, and thats all I have to say about that."
1,Good text but non functional database script,This book's usefulness is marred by the erroneous and incomplete database script for the sample site. Looks like authors did not test the source code they have provided for readers to download.I am really disappointed. I had purchased the book because of the case study approach but without a working database I am unable to implement/modify/build upon some of the good techiniques authors discuss in the book.If any of the authors read this review please post the corrected database scripts plus script to load sample data.
1,Description is deceiving....,"Since it is advertised as ""a child's first nativity"", I ordered it for my 2 1/2 yr old, who is learning about the real reason for Christmas and is fascinated by my ceramic Nativity set. However, when I received it, the box states not a toy, not for children under 5. Also, what really perterbed my was that it was touted as being hand-carved - well its hand-crafted in China! Given the history with toys made in China, I'm not convinced that lead-free paint was used, as also advertised. Its an adorable set, but I wouldn't recommend it or buy it again."
2,Water tastes like soap,"I grew up drinking well water. When I moved to the city I could not drink tap water, because it smells like pool water, with added chlorine. I've been using a Pur faucet mount water filter, and the water tastes nuetral. However, when I purchased this water pitcher, the water tastes like soap. I almost can't drink it. I feel like I am doing my body harm because of the soap flavor. My feeling is that chemicals are being added through the filtration process. I've run about 10 gallons through it or more, and there is no improvement. I've tried tasting it warm as opposed to cold, but it still has the chemical taste. I never noticed this with any faucet mount filter, only this pitcher. I am about ready to get rid of it, because the chemical after taste is unbearable. Keep in mind, I am only giving my opinion. It is possible that the taste I'm noticing is due to the water being so pure that it has an unussual taste!"
2,Classic western swing... live!,"Peppy old radio transcriptions from Fall, 1945. Cooley was one of the key figures in West Coast western swing; here is his band in top form, with vocalists that include Tex Willams, Johnny Bond, Smokey Williams and the Andrews Sisters-y ""Sunshine Trio"". Pedal steel star Joaquin Murphey anchors the band along with three fiddles and the ever-present chugga-chugga-chugin' accordion that was the signature sound of California country. Good stuff which forcefully contradicts Cooley's reputation as a cheeseball Lawrence Welk of country. Other than a couple of awkward fade-ins, the sound quality on this one is pretty good."
1,Sheets that Shed,These sheets are on the lower end of quailty. When you get them out of the dryer the lint trap is completely full of fluff. Also little balls of the sheets end up all over the place. I am not impressed.
1,It was more like a year in the life of Amy,"It appears that Amy had a difficult year when the family moved. She had many more issues than her father womanizing, gambling and drinking. Her red hair was a problem for her. The author told a good story on how Amy coped in her child hood, but how did she get beyond that point in her life. When the book ended she still was struggling with unresolved issues."
2,Please lose those funny guitar effects...,"The music on this dvd is amazing, my only advice to Di Meola is that he lose those midi effects that he interchanges constantly on his guitar. The plain acoustic sound is great, the electric sound is unbelievable, but those synth sounds are annoying most of the time. If you want a bandoneon, hire a bandoneon player, the synth bandoneon sounds cheesy.The same problem appears on his ""Grande Passion"" album. The compositions are amazing, but they suffer from those 80's-like synth sounds that sound both artificial and dated."
1,Don' t like it at all!,I thought it was gonna be perfect little gift for a friend. But the pictures on it were totally blur. I wish I couldn' t get that one!
1,Problems working in LG VX8300,"I purchased this battery from AccessoryOne, when charged-it appears to have held the charge, but in a matter of an hour-the phone would show only 1 bar left or shut off on me. I tried discharging the battery completely then charging it full several times, but I kept getting the same results. I also cleaned the contacts with a pencil erase and then with contact cleaner-with no improvement. I purchased another LG OEM battery from the Verizon store in town (which actually is 1100mAh not 1000mAh as AccessoryOne sells) and it worked perfectly-so I have to draw a conclussion that AccessoryOne sold me a bad battery-also the battery has a mfg. date of 2006, so it's been sitting around for over a year in the package before I purchased it or they were defective batteries. i'd be cautious about buying another battery from AccessoryOne-especially if the battery price is too low to believe (under $10.00)"
1,"Might *possibly* work with Win98 but not XP, Vista","As far as I've gotten in driver installation on an XP laptop and Vita desktop, the drivers will install only to a Win98 system. Nothing available on the web as an upgraded driver. Forget this one."
2,Listen to other reviews!,This is a great keyboard. But just like all others have said the space bar does take extra pressure to work. Its frustrating for sure. That being said I would still recommend it and probably buy another one.
2,Good Baseball movie,I thought this movie was a good insight into what goes on in the life of a player who is at the end of his career and his whole life is about baseball. One to watch over again.
2,Love the scent but bottle sprayer broke!,"I have tried all the Adidas for men and this is by far my favorite because of the citrus, fruity sporty scent but the sprayer now just shoots out a stream rather then an equal spray so I have to spray it on my wrists of hand and rub it in. Other then that this ones a winner!"
1,garbage,I have bought many tripods and this one is near the bottom. The thing loosens any time you pan the head. Do not buy.
1,Buy at Your Own risk!,"It's stated that this is Sharp's ""new"" fax machine. Don't believe it - we've had this machine for years and it's a serious under-performer.You have to stand by the machine to make sure your fax actually goes through. Half the time, the machine stops during the process and you have to resend the fax. The other half of the time with incoming faxes, it bleeps, and you get a ""line error"" message, and no fax.Unreliable at best. There's better machines out there and we've just ordered Canon's L90 fax/phone."
1,The Box,"A couple is awaken early in the morning and find a box on their doorstep, but no one is around. The box contains a box with a button on it, if they push it someone they do not know dies and they recieve a million dollars cash. A series of finical problems make them push the button, which is set up nicely. They see the box is nothing more then a wooden prop, no wires to say if they pushed it or not. They press the button and weird stuff starts to happen to them. The movie was going alright, nothing too great, but still enjoyable. However, the movie takes a weird turn and the movie just starts to sucks. It's too bad they couldnt keep the plot going because it could have been a good movie but the ending was stupid."
2,Great price!,"I love these things. Trouble is, so do my kids which means that when I want one (daily) I can never find one. And so I buy in bulk and stash them. This is a great price compared to the big box stores (I know because I paid almost this much for just 6 pencils only an hour ago at the W store). Put this item on your wish list and add it to your cart when you have other stuff to buy. It's worth it."
1,Not recommended for Presta valves,"It works, but I had a devil of a time getting and maintaining a seal on presta valves. It's very cumbersome to use and heats up quickly. But, it is affordable, small, lightweight and connects nicely to the frame (plastic holder bolts to the frame). So, I'm keeping mine for emergency use, but if someone swipes it I won't shed any tears, and will happily replace it with a pump that's easier to use.Note -- I haven't tried this on a schrader valve."
1,Wittman's widow provided author with family photographs,"I became acquainted with the author while he was working on the book and have a signed copy. No need to reiterate the complaints regarding writing and editing in the other reviews, they are justified.The author told me he interviewed Michael Wittman's widow extensively and received unprecedented access to her collection of photos while researching the book. According to him, she had been approached by at least three other authors, but chose to collaborate with him because he had been a tank driver.For those ferreting out every morsal of information on Michael Wittman, they may appreciate this book for what scraps of original research material it purportedly contains."
1,Schlock Rock,"How can you give 4 stars to music as mediocre as this !No wonder nearly all the good rock bands of this era were english. The Knack had one memorable song ""My Sharona"" the rest of their material represents some of the most mediocre rock/pop I've heard. Save you're money and download it off the net if you want to torture yourself."
1,No just no,Crappy in all aspects. Yes it works but just crappy built. No seal to keep it water tight. Hose it two short. Clip is week. Plastic is junk.
2,"Informed, often disarming and whimsical","What would it be like to build your own home from the ground up? The author offers nine wildly different scenarios ranging from the near-religious to the nearly homicidal. Perseverence pays off for some (""He spent three weekends on his knees scraping black paint off the living room floor with a belt sander until beautiful honey-colored pine appeared."") Others prefer to lunge impulsively at their building project (""I couldn't tell whether the spot I'd chosen was solid bedrock or just loose boulders, and I didn't ask anyone."")The author has a tendency to romanticize brute labor but he does it with an engaging touch of wit. Lovely illustrations throughout. -"
2,Silvia Guzman: Montebello Adult School,"Dear Readers, I read the book,""The Pilgrimage,"" the book was great and very interesting. I imagine how Paulo felt when he traveled the road to Santiago de Compostela, many good and bad things happened to him. I think he was lucky to find a good guide such as Petrus. He could learn many things from Petrus. To me the most interesthing parts were the RAM exercises, I'm practicing these exercises and they're helping me to have control with myself. I give my congratilations to Paulo for his grand courage."
2,What about a little cardiac arrest?,"Once there was a man with too much time on his hands, too much money, and perhaps too much talent. So, he thought only of himself and a bit about his daughter Nancy. Are we talking parable here...? Heck! I don't know what the boy's complaint was, but he had less respect for women than a politician. Perhaps, the author was merely feeling his own mortality. (He does not look like a spring chickie on the back of the dust jacket.) So, I guess I learned, as the reader, that we are all going to fall apart and die, or just die as the case might be. But, I already knew that. At least, it was not a long book."
2,from Caroline Leavitt author of Girls In Trouble,"When I was writing my own novel about adoption, one of the books I read to get a feel for a birth mother's experience was this one. Page-turning, brave, heartbreaking, and healing, this is a superior book about all the challenges of adoption. I absolutely loved it."
2,NO ONE COULD MATCH TATUM,"TATUM was simply the greatest jazz pianist ever.No one could switch from one key to another at such a speed.It's no wonder that many famous classical pianists came to recognize his unique talent as a soloist.The first time i heard LOVE FOR SALE,i could not beleive that there was only one man playing the piano.This recording is a good sample of his works recorded on NORMAN GRANZ's label PABLO.The way this man played can not be teached,it is a gift from god.As generations go by,pianists come and go,but TATUM remains in a class by himself."
2,A must-have for Old Testament Studies,"If you are after a comprehensive study of thought of the Old Testament, then this is the perfect book. Though this book is 40 years old, it still remains highly recommended as one of the best sources for study.Harrison endeavours to evaluate all views of thought and weighs them by their merits. Harrison is honest and does not let his own view point skew the evidence, no matter where the evidence leads. This isn't to say that he doesn't put forth his views, but when he does it is merely supplementary.Harrison is faithful to a conservative view of the Old Testament, taking it at face value and justifying his position authoritatively and empirically. Though there have been many attempts at denigrating the historicity of the Old Testament, Harrison is convincing in its defence.If you want a comprehensive study of thought of the Old Testament, then there is none better."
2,Tremendous,"The author sells herself short with the titles, as the suggstions and recipes cover a hell of a lot more than pizza. Salads, sandwiches, cakes and treats this book has them all. My wife prepared a handsome spread using this book and I hope she will get back in the picnic-saddle again soon. Getting parts of her glasses frames embedded into her face by a stray frisbee put a dampener on our last outing to the park, but Marjorie was pleased to learn when she got back from the hospital that I thoroughly enjoyed the feast. Excellent."
2,great for homebrewing,this is great for homebrewing. I made my 1st brew in it and it worked out perfectly.you should mention that it's an aluminum pot and not a stainless steel pot. I was a bit disappointed by that but it didn't mention anywhere in the details what type it would be. Otherwise excellent
1,A Waste of Money,This could have been a great C.D./tape if they had gotten better bands to remake the songs. The only good band on the C.D. was the Stone Temple Pilots. Most of the others were bands I've never even heard of.
1,I returned mine,"As earlier reviewers have said, this thing is very tricky to set up. After 8 hours I finally got wireless communication with it. Wow, it finally played music, but when the bridge is connected the sound volume from the app (WinAmp in my case) playing the music on the computer goes so low I can't monitor it. Do what I failed to do; pay attention to all the 1-star reviews before you buy."
2,Almost totally awesome,"First off: the negativeI hate smut novels. It shows a lack of eloquence and articulation. I find it garish and vulgar and generally loathsome. I think this writer had enough going on ""upstairs"" to make a perfectly good novel without the graphic mental pornography. Thus the reason I only give 4/5 stars.Now, the good stuff:Despite the a for mentioned ""mental pornography"", this was a really well written book. At no time was I thinking ""Okay, get on with it!!"" or ""Hmm, I wonder what's on tv."" I think the background story was smashing. The ending was incredible (did not EVEN expect it) and the weaving of stories within the story was brilliant. Excellent book."
1,Don't be fooled!!,"Don't be fooled by the product name ""MuVo2 4.0GB"" or the product details and spotlight reviews. The MP3 players being sold here do not have the 4 GB hard drive installed! Come on, did you really think you could get a 4 GB MP3 player for $50? The hard drives are being removed for use in cameras leaving only the 128 MB flash card. Ask your seller about the hard drive before you buy."
1,bimodal distributions are a bad sign,"In this case, the Kindle itself seems to be the culprit. Word on the street is that the Kindle cannot, er, 'handle' the full content here.Now go buy an iPad like a real man."
1,Stay away from this book,"This is a semi-literate, poorly written vanity publication that is not worth even the Amazon.com discounted price. It is rambling, with poorly organized, run-on paragraphs. It has a decided dictated but not read, first draft quality that makes for a painful read. As history, it is also dubious, relying on absolutely no footnotes, endotes or citations. And what's the ""Hiddent Truth""? Stewart's thesis is that Dillinger and his ilk were not ""cold-blooded"" killers as characterized by the press and the FBI. No, being ""cold-blooded"" takes premeditation. Dillinger, et al., just killed when trying to escape from prison or the law or when shot at while robbing banks or kidnapping people. See, they really weren't so bad after all, just trying to make a living in the Depression. ..."
1,The Book That Has No Editor...,"I purchased this book based on the posted reviews. While I have immense respect, admiration and envy for what they were able to do, the book is very nearly unreadable. The author writes in short, simple, dull sentences, that become irritating after a few pages. I tried a number of times to read the book, because I am very interested in what happened, but I can't get past poor writing and (apparently) no professional editing.Additional comment made 1/24/07:If you are planning to purchase this book I have a request. Please go to the option that lets you see inside the book and click ""Surprise Me"". This will give you an random page from the book. Please read this page and ask yourself if you would enjoy reading over 300 pages in this same writing style. I wish I had done that before I ordered the book."
1,Not very informative,I found this book somewhat boring. The information wasn't very good at all. Then I discovered the author isn't a ferret expert and I was disappointed.
1,An okay book,"The story was okay and I admired the writing but the main character wasn't very likeable. He was a very negative individual who found fault in everyone else -- especially the Baptists (who the author, apparently doing very little research, confuses with Pentecostals). It was ironic how critical and judgmental he was toward Baptists because he believes they are critical and judgmental. Outside of this acidic bile, this was a fair book. I might read more just to see who the bad guys are in the next novel. Girl scouts maybe?"
2,A Bad Day In Hell,"Two Demons and a Dead Man is a great sequel to Chris Lindsay's first screenplay, The Man Who Loved Working Women. With the strength of some of the original characters and the introduction of new ones, Lindsay succeeds in tackling the touchy topic of Hell in a hilarious fashion while adding in a humourful dose of insanity, love, lust and religion. Don't let the title fool you-- there is nothing serious about this play, nor its subject as the playwright takes you on a ride to Hell-- and back-- and lets you be the judge."
1,Great Intentions But Still Falls Short,"I got this mouse to use about 4 hours a day when not at my docking station. It has some great features, like the on/off switch, the size (not to big, not to small) and the 90 degree swivel receiver. Unfortunately it has been made very cheaply and does not work about 15% of the time you are trying to use it and about 25% of the time it will work sporadically so lately I have been opting to use my Touchpad rather than see if it wants to work. I have had mine for about 1-2 months and have replaced 3 sets of batteries; even with the on/off switch it drains batteries. If it would work I could put up with the battery drain but as it is I would not recommend this mouse."
1,Breaking Wind,"Sorry, normally I wouldn't be so harsh but this supposed ""sequel"" was/is in my opinion horrible and if you're a fan of the original don't bother."
2,Excellent,"This book is so easy to understand and use. The exercises are not at allstrenuous and they WORK!!!!! Finally, it is a pleasure to exercise without the feeling of......""Oh gosh, I have to do my exercises now."" There is absolutley nothing to exhaust you. Really enjoyable and easy to use."
1,If it pumped CO2 into the bottle it might work.,"I bought one to give it the benefit of the doubt. I've used it six times so far and found that it does nothing. If anything, it seemed to make the fizz die faster. This is just my opinion. It didn't work for me. I pumped it enough times and took every precaution to keep the soda out of the device itself. Even pumping until the bottle is very, VERY hard, it still didn't hold fizz for a few days. I am thiking the previous post is correct. Air pressure does not keep CO2 in the liquid. Perhaps if it pumped pure CO2 into the bottle it would work, but it doesn't. I supposed that is why they make smaller bottles. I won't waste money on another one."
2,Love this tub!,"We've used this tub since my son was a few weeks old. He's 6 months old now, and we couldn't be happier with it. He is still sitting on the newborn side, since he isn't completely sitting unsupported yet. It definitely keeps him in a safe position, which is a MUST with a wet, wiggly baby! Storage is the only downside to this tub. We keep ours upside down inside the regular bathtub. Upside down so that it dries after his bath, and cause our cat loves to climb in it for some reason. Luckily we have a second bathroom that we don't use for showering, otherwise I don't have a clue where I would keep it everyday."
1,Horrible Helpers,"I wrote to Amazon and babies r us repeatedly and never once got a reply, nor did I receive a notification when this bed set came into stock, even though I had my name on a list to receive a letter stating they had some. I am very upset with tthe customer service. I have tried calling and while on hold they hung up on me. So I took my business elsewhere, I went to BabyUniverse.com and payed $10 more, but got free shipping, and I received it after 4 days! They even emailed me to thank me for my purchase. I think Babies R Us should check their people skills, because they've lost one loyal customer!"
2,patches,"The order was received promptly. The items were of excellent quality ,and what I had ordered."
2,X-men #1,"Although this comic comes with various covers , It was a must have for my comic book and X-men Comics collection , I liked the old school art in this book and the storyline was interesting to me as well , I recamend this to any one who is a X-Men fan."
2,New Mest Album,"This album is by far their best yet. It touches on serious isses, and still has some fun stuff. It's a great cd to throw on when you hanging with your friends. Good Job guys!!"
2,Outfoxed hits home,"I was surprised today to flip by Fox and see Michael Moore ... being interviewed courteously. Obviously Outfoxed has forced them to try to change their image. Those who agree that calling it Fox ""News"" is a travesty should go to moveon.org and sign the petition to Congress to address the issue."
2,Good stories but...,I was disapointed that the book had much less to do with Tevye's daughters than the title led me to believe.
1,Terrible!,"I am a HUGE fan of Family Guy and American Dad! I never miss an episode of both shows and own all the seasons that are available DVD. I have been a fan of Seth MacFarlane for years, but this DVD is crap! I don't know what he was thinking, but he was out of his mind to release these cartoons.Out of all the mini-cartoons included, I only ""lightly"" laughed at a few. Most are not funny and have to do with sick and twisted humor about bestiality or inbreed families. I don't know how Seth could think his work included is funny. If I were him, I'd be embarrassed."
2,"Ricky Skaggs & Kentucky Thunder ""Soldier of the Cross"" W/The Whites & Others - Oustanding Gospel Bluegrass (DVD)!!!!","This was filmed/recorded before a packed crowd at the Gibson Bluegrass Cafe in Nashville. This concert features songs form Ricky Scaggs grammy award winning album ""Soldier of the Cross"". This is a great Gospel Bluegrass Concert DVD!!!You get Ricky Scaggs and his band (which is very good), plus you get some guest musicians - The Whites (they were in the soundtrack to the movie ""O Brother""), plus you get Jerry and Tammy Sullivan.The songs are as follows:1.""Soldier of the Cross""2.""Amanda Jewell""3.""Walls of Time""4.""He Lives""5.""Waiting at the Gate""6.""Voice from on High""7.""Seven Hillsides""8.""Jesus is the missing Piece""9.""Get up John""10.""Lead me to the Rock""11.""Hallelujah, I'm Ready to Go""I gladly, highly recommend this one!!!! Thanks, and may God Bless!!!"
2,Pretty and sexy cammie,"This is a very pretty camisole which fits perfectly on the body and is excellent for when you don't want a plunging neckline, but something pretty at the chest. The nude color is very flattering and the cammie is of good quality."
1,Sara A,I don't know how Amazon would even want to carry a product that is this crappy! I had to call tech support and they told me the item was defective because it kept saying can not connect to device so I figured I would try another and STILL the same error message and the only thing COBY Tech support can say is the device must be defective! Looks like Amazon gets this one back to!
1,...a cutted soft-porn version!,"The guys are beefy and hot - no college students! so, it`s for me inscrutable why they call this movie ""Spring Break Fantasy""?!?!?! But that `s not the point.This movie is a cut version of a porn movie. You really won`t see anything interessting... they cut it out. Even the screen ist sometimes fuzzy. Bad quality!So, don`t buy it, it`s not worth to spend money on this dvd!You will be gutted, if you expect any hot action!The two stars are for the hot guys! ;o)"
1,just to get your attention,Most of these reiews are for a book! The product shown is a video!Another comment on here says they are completely different!consider yourself warned.
1,Not too impressed,bought the bluetooth headset but ended up not using it. Noisy and not too easy to use. Hardly can hear the other person on the other end.
2,Covertec Case does the Job,"Case protects the device very well. The cover extends over the sides enough to protect them as well. I would give it five stars, but the belt clip is NOT secure IMHO. I would recommend it."
1,The End of Faith,I noticed the endorsement by Alan Dershowitz so I checked the index and read all the comments listed under Israel before I started reading the book. Mr. Harris makes some good points but his bias against Muslims comes across loud and clear. There is nothing rational about his bias toward Muslims.
1,Treat or Trick?,"I saw this B-Movie in the theatre with a fellow film school friend and we sat there easily predicting to eachother what was going to happen next. If you've seen any slasher films before - you've seen this one.I like the fact that there is a cheapo culture out there, it often produces some charismatic stuff, but please don't endow this bland teenager movie with superpowers because when you were a kid you jumped out of your seat.Fortunately for John Carpenter he has a following of people who apparently just can't get enough popcorn.I like dumb movies too like the AMAZING COLOSSAL BEAST and I WAS A TEENAGE WEREWOLF but I'm not about to give them four stars.To anyone that hasn't seen this yet but is intrigued by the success of the series I say ring another doorbell - they're giving out cheap candy over here."
1,70's dross,Bad Springsteeny songs backed by a drunk Rolling Stones. Sorry folks this music has not ripened with age. Don't say you weren't warned.
1,Doesn't work in the USA,"I ordered this DVD for my daughter and was surprised to discover it didn't work. Apparently the DVD only works in certain countries. The website specifies that the DVD is for ""Region 2"", however I had no idea what this meant. The seller should make it clear that it does not work for people in the United States. Very disappointing."
2,SO VALUABLE! LOVE IT!,"This book has quite literally changed my life. I was a major clutterbug and did not realize that it was actually hindering my progress in life. Reading this book is like taking a big breath of fresh air. My house, car, and workspace are now more manageable because of this book. There are so many lessons in this book including clearing your body of clutter, clearing your emotional clutter, and more! If you or anyone you know has clutter taking over their life, GET THIS BOOK! It will change the energy of your home and self to a positive space to enjoy."
1,Joystick sucks ass,The games are great the joystick sucks! I would rather pay an extra $20 and get a real heavy duty joystick like the ones on the standup machines. Otherwise it is pretty good. Joystick is terrible.
2,Good player for the price,I just got my player and so far so good. My husband and 8 year old grandson have the 512 and love it. Use is straight forward. The instructions included were very basic and photocopied from something else (humm) and the color was a very hot pink. The color isn't a problem but I did want use info. Not a problem. Went to the SanDisk website and downloaded the pdf file.I'm sitting here typing and listening to the FM--without the antenna and the reception is good.
1,run while you still can,"This book had nothing to recommend it. The characters were awful, the writing was awful, the plot was awful, the dialogue was awful, the [adult] scenes were boring. Do not read this book. You will probably regret it.I would discuss the plot, but there really isn't much of one. And more irritatingly, nothing is resolved in the book. Ms. Waide brings up all sorts if issues, but they all sort of magically drift away when the hero and heroine fall in love. The book goes nowhere. This book is not worth any amount of money paid for it."
2,A Gem and a Lifelong Friend!!!!!,"This book is wonderful!!! During my student teaching experience, I taught 6th grade Science and Social Studies. I used the book all semester long. It has a TON of strategies that are very practical and easy to implement, even for pre-service teachers. A must buy for any person looking to be a teacher or student teacher!"
2,A great Escape,"While I am not a big sci-fi or fantasy reader, this one was really enjoyable. Started it on a plane trip to Baltimore and actually hoped for a airline delay.New hybrid ""monster-animal""-type characters were great."
2,LOVED IT!,"Zevin is absolutely hilarious..Even though I couldn't relate to much of What he wrote about (like the gardening and the dogs), it was still funny beyond proportion..Very smart, very funny writer."
1,Save your Money,"Chapter II is even worse than her first CD, whack vocals, childish lyrics and more old school samples. She really needs to reconsider her musical career"
1,Uhhhhh....,"This album wasn't really good, it can get a little catchy like in ""I Think They Like Me"" and ""Ridin' Rims"", but I think ""Freaky As She Wanna Be"" was the worst song in this CD. I heard this album some where in google, but forgot. I really didn't like rap, I can't believe I wanted this album at the first place. I'm not a rap fan, but I think this would be perfect for many rap fans. Enjoy n***as!"
2,Nice,I have not had a chance to install yet. I like the look and apparent quality of the filters. Going to install on my Suzuki vx800.
2,"Truly great foreign flick, and I don't like foreign flicks.","I credit this movie with changing my mind and start to like both foreign movies and opera. I hated both before, but now I like.Then throw in the classic 80's touch to the movie, all the mood of the music and camera angles and photographic angles, really cool. Let alone that the female opera diva is in real life actually an opera singer, so she really sounds good."
2,Walking a tunnel of darkness with no light at the end.,"Never have I read a novelist who has offered so narrow yet profound a vision.Kafka's world is like walking a corridor darkening with every step.Descriptions of life are faint to the point of dissapearance.All that is registered is the concern of the main individual,who is truly a child of the world that intoxicates him in perspirating delusion.No work of modern realistic horror comes close to this,an incessant outpouring of mankind's bizarre but hidden dillema's that are regularly met in everyday lives but fully realized in this underground work of chanelling digression."
1,Skip Back to the Donovan Series,"Hey has anyone noticed what they are charging now for a cheap paperback?! Skip this entire series and re-read Nora Robert's Donovan Series (Captivated, Entranced, Charmed & Enchanted).If you read much Nora Roberts, you soon realize that in her zeal to churn out the books, she has stock characters that she recycles from series to series. Some of her series are stronger than others and don't feel you are missing out by skipping this 'trinity.'"
1,Poor,"I don't really feel like I'm in the middle ages when reading this novel, the language used, whilst making the book an easy read, is too modern in part and leaves me feeling a little isolated. However, its easy to devour a large chunk in a short space of time, so worth persevering with."
1,Sort of Disappointed,"I started listening to Metallica with the Black Album, thenended up aquiring all the CD's. Maybe it shows my age, butI really prefer the later music - Black, Load, Re-Load,Garage Inc., S&M; - and of course, their older trulyclassic songs like ""One"" ""Master of Puppets"" ""Fade toBlack"" etc. I don't really know what to make of thisCD. It's like nothing they've done before - doesn'teven sound like Metallica. It's the firsttime I WANT to turn the music down because I'm notsure at times if it's not just noise. Lars isannoying with his banging on the drums, and I hearnothing of Kirk. James, I love, but at times hedoesn't even sound like he's singing - merelyscreaming and off-key at times too.I miss the ballads. The whole CD is too much ofthe same. I don't know where the band's going, butI miss the so-called ""Sell-out"" music thatactually sounded like they could sing and play.Still a fan, though I don't know how much of thisnew music I could stomach before I'd stoplistening. Sad but True."
2,Mortiis ~ Fdt Til Herske.......,"I remember quite a few years back when Mortiis first went out on his own people dismissed the guy as putting out ridiculous garbage... I was also guilty of writing him off without ever really giving him a chance... But that all changed when a friend of mine let me borrow this album... After listening to his other albums I can only say that ""Fdt Til Herske"" is his best... I am a fan of ""Stargate"" also but I feel nothing tops this album... I am glad I ended up giving Mortiis a chance his music is different but there is some good music to be heard on this disc... If I had to recommend an album which I thought was Mortiis' best effort ""Fdt Til Herske"" is it..."
2,A Biting Good Read,"I'm not ordinarly a Silhouette reader, but always ready to try a new vampire story. This one gives us a great undead heroine who runs a hot night club and hunts down drug dealers. When her sire (and husband) tracks her down and begins to hurt those she loves, she gathers her ""family"" and beheads bad guys right and left. It's an action-packed story with just enough romance. Recommend it highly."
1,A book not about Malamutes,"I felt cheated when I got this book.It is not a book about Malamutes, contrary to the title. It is a book about general dog care, and not a very good one at that. Except for the pictures and a brief description about the breed, it could as well as be about any other breed, as the emphase seems to be on home and show dogs, and definitely not on Arctic dogsThe same publisher has published essentially the same book with a different title ('Siberian Huskies') and a different author name.Anyone with a serious interest in Alaskan Malamutes should find this book useless."
2,Hissy Fit,"Southern Humor at it's best. Good characters and good fun. Lots of Southernisms and antiquing in Atlanta, Savannah, Mobile and New Orleans. What could be better..."
1,Bad Quality,"All Lodge cast iron pots and pans are TERRIBLE!!! Even pre-seasoned ones don`t have smooth surface, it`s all rough and uneven and food sticks no matter how hot the pan and oil get. After it sticks you have to clean them thorouhgly and seasoning comes off... then you have to season them all over again - almost each time. Cast iron MUST have smooth surface - and also it doesn`t have to be that heavy to be good. I used to have cast iron pans, and they were so much better - not that heavy and rough... Very bad quality!"
1,are these kids fo real?,Seriously when i bought this cd i was expecting much more but when i popped it in and was listening to it i just had to turn it off because it blew. I am ashamed to say i even own it i should throw it away. Do yourself a favor and don't buy this album
2,"Tricky to install, but LINKSYS was great","Don't buy the ""out of the box, one-step to install"" stuff. I used this repeater to extend my signal to another building, boosting the signal from my Linksys router. The skimpy instructions and CD that come with the unit are essentially useless and did not work. Calling Linksys involves an interminable phone tree that ends in India but once you get thru the tech's were incredibly helpful and patient in walking me through a complex process. If you have a high-speed connection, Linksys' Internet Chat option is also quite good, and very quick. So, if you need to streghten your signal, and are patient about setting this unit up, it works VERY VERY well, taking my previous 30% signal strength at 75' (between two bldgs) and amping it up to a full 100% signal with no drops. Spendy (on top of the router) but well worth the trouble once you have it set up."
2,THIS IS BETTER THAN HARRY POTTER!!!!!!!!!!!!!!!!!!!!!!!!!!!!,"I read this book two months ago, and I am still rereading it over and over. It is the saddest, sweetest, funniest, adventurest book I have ever read. This was the first book that made me cry. I think that it has changed my life and that it will be one of my favorite books of all time and on my list, it's tied with Harry Potter. Please read these books, they will change the way you look at life- Claire Tuley age 12"
1,uninspired and inaccurate,"Far from depicting the life of the founder of the Zen school of Chinese Buddhism, this film is more or less a glorified kung-fu movie in the typical fashion of that genre of chinese films with interspersed lame attempts at philosphical discourse, and offers little insight into the character of Bodhidharma, Buddhism or the beginnings of the Zen School in China."
1,Petsafe Battery Review,The Petsafe Battery does not live up to the specs that indicate that it will be approximately 3 months life. One of the recent batteries I purchased was completely dead in 2 weeks. Typical is 2 months.
1,Probably better than what you pay,"I was quite happy with these bits until the smallest straight bit broke off after cutting only a few mortises. Being the smallest of the lot, I might not be too surprised, especially when the same Freud bit costs $18 and this 15-piece set is only $40. Hopefully the others are sturdier and will stand up to the small amount of use they see. In the future I plan on buying better quality, but these may suffice for someone who doesn't expect much and won't be using them regularly."
2,Good Binder,I got these for my twins who are going into first grade. They will be using them as a writing journal to keep all of their writing work. They are perfect for them. The front cover has a clear plastic slipcover that will allow my girls to create their own pictures to slide inside and they can change it as often as they like. It's a great way to help give them ideas to write about.
2,An interesting viewpoint....,This book makes a lot of good points. Unfortunately this book is written from perspective of someone who LOVES Fantasy Fiction for people who LOVE Fantasy Fiction. Not that I don't love fantasy fiction but another viewpoint would have been interesting. For instnace if China Melville had written this book then we would have had something startling. But it is a good anaylsis of the Lord of the Rings and should be read by anyone who loved the series.
1,Understanding the Traditionalist movement,"This book gives insight into what the whole traditionalist fuzz is about. Why do some people long for the restoration of the Latin mass? What has happened to the Church over the last 40 years? The answers while interesting are a bit one sided. Since this book comes from the far right of the Church, and wants to ""close the book"" on Vatican II, I cannot recommend it to orthodox Catholics who want to understand the teachings of the Church. But for spiritually mature Catholics who want to understand the fundamentalist mindset that lies at the foundation of the radical traditionalist movement, the book is invaluable."
2,Great bohrok!,"It is very cool!... when u press his eye, he would shoot his mask/krana out.when u press the lever his head shoots out to knock off a toa's mask."
1,Save some Money,"Digital cameras, like computers approximately double in power and halve in price every 18 months. True, digital cameras are easy to use and fun to play with on your pc, but please save time and money, and don't be tempted by the promise (or price) of anything under 1 megapixel. This camera looks nice, and thats about it - grainy picture quality over 3""x5"", blocky resolution, and poor light enhancement. Do yourself a favour, and stick with a normal camera until you can afford to really experiment with something worthwhile."
2,Very good,I had bad breath and I was suspecting my sinuses so I even had a sinus surgery and the bad breath did not go away. Finally I found and used this product and it was an instant difference. I highly recommend this product for the bad breath.
2,THIS IS SOME OF THE BEST SNL FOOTAGE!!!!!!!!!,"This was a very good collection of the best SNL footage of the past 25 years. There are skits from all the 70s, 80s, and 90s. For some of you that have only seen present SNL episodes this will give you a great opportunity to see stars like Bill Murray and Eddie Murphy at their best."
2,"Good blower, so-so vac!!","My problem lies in the length of the leaf vacuuming tube, I'm average height but the tube is too short and I have to bend over to use it thereby making it uncomfortable to use for anything but a short amount of time. Very disappointed in this design!!!!"
1,Too small and too bland,"This is not a great investment. My daughter used it for only about 3 months before she outgrew it. The straps are positioned poorly, so that her feet were hanging out the bottom at three months old, but there was plenty of room above her head. In addition, I had a terrible time unbuckling her. I couldn't squeeze the straps hard enough to get them to release. At one point, I almost thought I was going to have to cut my crying daughter out of it! I also agree with the other reviewer that the bland colors are boring for the baby."
2,Good,"I bought this for my little brother for Christmas. He said it was okay. It arrived in good condition, even though after Christmas. (I ordered too late)"
2,THE BEST,"This is the absolute best reading of the bible I have ever heard. I love it and all my elementary and pre-k children love it and are actually quiet in the car when we play it. I love playing it in the evenings too, it is so calming yet it is read w/ emotion that makes everyone pay attention. It is a great way to learn the KJV better also. The KJV is the original bible in English and it's nice to hear a bible read in it's first and most important text. This whole set comes in a great carrying case too, which makes it great for on the run and keeping the set safe."
1,It was bland. The same jargon as all other female 'jewel' CD,"This CD was boring. The same happy-go-lucky female crack smoker music that has been heard on all of the top female albums lately. Such as Jewel(what's up with her teeth), Lisa Merchant, and liz phair. not to mention the entire Lilith Fair.This doesn't mean I don't like some female artists. Lisa Loeb, Sarah McLaughlin, and Tori Amos are awsome. But this album bit the big one."
2,RE-WATCH-ABILITY....You won't get tired of it..DAMN FUNNY!!!,"Let's face it....if you like Lisa Kudrow, you'll love this movie...if you don't...then forget it. Rent it, first, if you are worried about liking it...but, I guarantee you'll want to see it more than once. Listening to Lisa Kudrow's (Michele) rendition of the lyrics to ""Footloose"" is nearly worth it alone."
1,Not a good eye cream,"This eye cream does not do much for your eyes. It does not moisturize enough and it also does nothing for wrinkles. For what the product does, the price is way too high even for Amazon!"
1,Silly cold-war melodrama,"Communist troops land in middle america and begin machine-gunning children. A Russian soldier disarms a corpse and the camera pans to a bumper sticker ""They will take my gun away when they pry it from my cold dead hand"". Get the idea. This is one of the stupidest movies I've ever seen."
2,Excellent dream imagery,I really enjoyed this book. It is the first one in the series that I have read. I am going to purchase the previous Whitefield books to catch up. I also Recommend Virginia Lanier's Bloodhound books. Very strong female protagonist.
1,Doesn't fit 2008 Ford Expedition,"Based on the ever so descriptive product specs, I figured I was set for my car's head unit upgrade. Save yourself some time, go to Metra's website and figure out which adapter fits your car before you order.Square peg, round hole. Thanks Amazon for taking it back thought."
2,Quirky period piece,An all-star cast perform in this quirky period piece about undercover lovers. Two men lead double lives by using alias's. Two women fall in love only to find out their beloved's have lied about their real name. Things work out in the end and the men find out a wonderful secret that secures everyone's happiness.
2,Crisis of Conscience sincere,This appears to be an accurate description of life in the core of a large religious organization. All individuals who put their trust in any religion should read this book.
2,Space saver,"For the safety of your equipment, it's best that this is mounted to a stud in the wall. Installation was straightforward and simple."
2,Great voice,"I love the sound of John Anderson's unique voice. This cd has several great songs on it but my favorite is the title track 'Seminole Wind'. This is a very moving song. If I play the cd very much more, I will have to buy another one."
1,Brandnew and broken after 1st usage,What a disappointment.I will update this comment with link to the pictures of the defects with this tool.What a lie.
1,Save your money!!,"I bought this on DVD and expected a professional package I expect of any DVD package. Here's the news...terrible packaging, no extra features, no cinemascope so you can't even read the credits, the poorest quality I have seen and overall unwatchable product. I feel as if I was robbed of my money. The people that made this product wanted to sell you something but you will never buy anything else. I say wait for someone who cares to release these great serials."
1,Wolfwalker Stumbled,"This book was found to be difficult to read and follow, I was unable to grasp the characters purpose or depth. Fortunately, I only made it through the first couple of chapters and discovered the book to be basically boring. I would not recommend."
1,Good Job Mr. Rhodes,"Wow, looks like Rhodes has found a way to make a good living by bashing others and stirring up controversy. Those who credit his work know nothing about Mormon teachings or the Book of Mormon since many of the things he brings out as true are out of context and completely false. On the other hand, those who use just a little intelligence can easily decipher his motives and quickly see his errors. Therefore I say Good job Mr. Rhodes, you reveal yourself very well, biases, ignorance, stupidity and all..........but I bet you make a good buck doing it, you smart devil you."
2,perfect item at great price,They are just like nylon work out pants but are waterproof. I use them for golf and running. Similar items in golf magazines are $80+.
2,emotional roller-coaster,"Even tho this book is rated for 9-12 year olds--as a grandmother, I read all the books I give to my granddaughters. There are actually 3 stories going on at the same time. I laughed all the way through --at the slightly daffy grandparents and the strange friend of the heroine. The 13 yr.old along with her friend do a little detective snooping to find out who is the town 'lunatic'. I was very surprised to find myself bawling my eyes out at the ending. Every teen should be allowed to appreciate this author's style."
2,Miss This Show,The one TV series a few years back I would always make time for and would struggle to get home to get in front of the TV for! I miss this one. You should buy the whole series and watch it through. I still enjoy it and miss it instead of the garbage we have to watch on weeknight TV now.
1,Don't stand too close to this book.,"This book wasn't as good as it's hyped up to be. He spends an inordinate amount of time contemplating his genitals (because his last name used to be Dick, so he unloads years of childhood teasings here) and just generally being crude, vulgar and gross. And his stuff just isn't that funny. Jerry Seinfeld's ""Seinlanguage"" and Paul Reiser's ""Couplehood"" were much funnier. After reading this book, I'll probably never watch ""Home Improvement"" again."
2,Uplifting Peppy Powerful Different Fast-Paced Rolling. BEST,"You know when you hear a song for the first time and it sends chills throughout your body... it's a great song... infact one of my ALL TIME Favorites! It is Uplifting, Peppy, Powerful, Different Fast-Paced Rolling. A DaNce Great for SURE! There is so much electricity and energy in ""Unspeakable Joy"" song #3 on the CD it's incredible. ""Unspeakable Joy"" is also kind of a cool contradiction in itself in that the LYRICS speak of JOY, yet the song has a somewhat evil beat. The BASS is the best of any song I have heard ... Dance, or otherwise. The song twists and turns in idiosyncasies, with great interludes. The Beat goes up and down. I also love the the main Lyrics: ""Unspeakable Joy, as they did not give it, they cannot take it away"". The song says you got to make your own JOY in life. I don't usually Dance.... but I do to this one! I give it 6 STARS out of 5 possible STARS! C. C."
2,Not magic but very good,"Well, it isn't magic and it didn't pick up the channels I couldn't pick up with my previous antenna but it was clearer and not as tempermental."
1,One of the worst on this topic.,This book is a confusing compendium of completely unrelated contributions from what looks like manufacturer's warmed over sales brochures and power point slides. Every chapter is written by a different group of people and includes much repeated stuff. Most of the authors demonstrate a poor mastery of English as there are numerous errors in usage and lots of confusing ambiguity. The many sales photos of the Nokia concept phones are laughable.
2,Still In Great Shape After A Year & Many Washings!,These pillow cases are perfect for my son who loves John Deere! They are very soft yet durable (I have washed them many times). The colors in them are great b/c his whole room is green/blue. A must have for a boy or girl who loves tractors!
1,Anne of Green Gables Trilogy Box Set,"I ordered this trilogy box set twice, because the third DVD in the set was titled correctly, but the recording was the first movie in the set. This was the case on the replacement as well. The third DVD is ""Anne of Green Gables, The Continuing Story."" What was recorded on the DVD was, ""Anne of Green Gables."" We enjoyed the movies, but requested a refund because of the stated problem."
1,A software dud,"Britannica is the best encyclopedia in print. Why, oh why, can't they get the software right? Examples: The video clips are stock footage of no instructional purpose, some are simply of animals grazing (dumb!), the audio clips are few and far between, as are the video clips. This is multimedia circa 1985! Not 2002! The clipboard function explanation was confusing. The navigator was slow and only touched upon articles directly related to the topic. What happened to a macropedia?I was disappointed by this. Maybe they will get it right in a few years. As it is, it is a very unimpressive cd-rom and will put you to sleep."
2,1998 Américas Book Award Winners,"An Argentine version of a Quechua story tells how young Topec saved his people from drought by going out in search of rain, aided by the advice of a wise old carob tree. Argentine-born illustrator Beatriz Vidal uses rich colors and a naive style to enhance the mood and setting of this ancient story."
1,Print is way way too small,"Be aware that library binding is just a paperback with a hard cover, I found out the hard way. The print is too small, get the full sized hard cover of this book. The book is fantastic."
1,No delivery,Never recieved delivery of product from EDISCOUNTBIKESpoor customer service from supplierwould not recommend purchasing products from supplier EDISCOUNTBIKES
1,"Don't summon ""The Summons.""","As a Grisham fan, I have read all of his books. Unfortunatley,he seems to be running out of credible material, which is also indicative of his last several books. Although the story starts out well, he uses too many digressions during the story which almost made me put the book down. There is no real tension or drama unfolding. The ending is quite predictable. The book is a real letdown. I hope he starts producing the good drama of his earlier books. He has been on a slow slide downward. I would suggest that you not summon ""The Summons."""
2,the anti-nostalgia pill,"This book is the perfect antidote to nostalgia for the ""Good Old Days"", portraying early 20th-century America as a hellhole of dirty food, infectious diseases, mean bosses, corrupt politics, poverty, and homelessness. Is it exaggerated? I'm sure it is (though probably less so than the suffocating cloud of nostalgia that other books and movies give us). Is it melodramatic? Heck yes. Are the last few chapters dull and propagandistic? Absolutely. Are the characters particularly memorable? Probably not. But despite its flaws, this book packs quite a punch (and its popularity suggests that readers of the time agreed!)"
1,Bad purchase,"I am very disappointed with this product. The item seems to be very cheaply made for the price. I thought that paying more would buy us a better product...not with this coin sorter! The battery component does not work at all, which was a very important consideration when I purchased this! In my opinion, this is a $9.99 item and if I had known, I would not have paid the $60.00 price tag! Do not buy this!"
1,Gaak!,"Did Ms Hoffman recieve permission from the Bronte estate to rewrite Wuthering Heights into this soap opera?Is it my imagination or do all the comparisons to that great classic simply fail to say that she simply changed some names to protect the innocent?Geez you guys, what's going on here?????"
1,what's the point?,although this is ok it's not really what i go to buckethead for - there are many other musicians and guitarists who've done this mellow/new age stuff for years and done it better than buckethead - what's the point of a buckethead album without the trademark sonic mayhem and innovation? (if you haven't seen him live you just don't know)
2,Enchanting and Spellbinding,"I thought the movie was great . What a terrific comeback , for the old religion . Although , it does add another problem . The problem being , that anything can be fixed with love and words . Other then that , it was great . The aunts . Well, they were the life to the whole movie . Besides , where ever Channing and Weist are , you know it's going to be good . I think they should have added a part for Stevie Nicks , cause she would fit right in with the script . Being spellbinding and enchanting herself . So if there is going to be a sequel , they should put a part in for Stevie . Other then that , the movie was fantastic , the soundtrack was the best . Especially Stevie's songs . With love , power , and respect . This movie was good . Bless be ..."
2,The greatest yet!,"This is definitely the best Olsen film yet. As a fan of over ten years, I expect a lot from Mary-Kate and Ashley and they still continue to surprise me. At first I didn't like Winning London very much. I felt it was too different from their previous productions. But as Mary-Kate and Ashley grow up, so must their movies, and the second time I saw this movie, I realized how great it was. This is the best Olsen movie ever. If you are a fan and haven't seen it yet, you are nuts! Do yourself a favour and see 'Winning London'!!!!!"
2,Everest. 50 years on the mountain,"Excellent ,but will not play on (International) DVD player although the player is set to receive all regions. I had to watch it on the PC."
2,This book is a spine tingler that keeps you guessing!,"Brian Moore does a superb job of giving his reader afeel for what it was like during the Nazi occupation ofFrance. Pierre Brossard is the type of character who inspiresmixed emotions. Early in the book you feel he has repentedfor his sins by embracing the Catholic Church. As the bookcontinues you realize that Brossard has not really changedat all, and has convinced himself that his killing of the 14Jews in WWII was justified. You really feel the suspense atthe end of the book wondering if he will get away! Wonderfulbook! I would highly recommend it!"
1,"It was good when it worked, but now...","I bought mine about 6-7 months ago, and it worked great initially. It would cool down to 39 degrees in a few hours. I used it in my office at work. When the temperature would rise, I would hear the fan come on and after a while it would reach the set temperature with no problems.Then, after about 4 months, I noticed the temperature slowly climbing into the 50's, and it has been there ever since. I no longer hear the fan come on as strongly as before. I have tried cycling the power, resetting the temp at 39F but it just won't get any colder than about 50-52F.I called the manufacturer, and the only replacement part that can be ordered is a new power supply. To me, something is wrong with the fan. I guess it could be the power supply, but all of the other functions on the unit seem fine (the internal light, the display). And it heats to 125F with no problems either.I'm going with a Coleman Powerchill 40. Much better name brand."
2,Enter the theta level of consciousness..,The images are made to trigger thoughts and feelings that are buried down in your subconscious. It brings many thoughts that are hidden to us up to the surface merging your conscious & Subconscious mind to create a state of trance. Great video for those interested in exploring new levels of consciousness. The music is very envigorating and made me feel euphoric and more in touch with life. Drugs aren't needed in order to enjoy this psychedelic masterpiece.
2,Grrrreat movie!,"At times gory, occasionally scary, thought-provoking, psychological thriller that asks you questions but gives no answers. Kind of like our everyday life - some passages are safe, some will get you in trouble or get you killed. Oh, and our life usually makes just as little sense as being in the cube with all those strangers. Love that kind of movies!"
2,best Dave Matthews,"it is true dave in a rare unplugged form.... timmy is the best on the guitar, very relaxing"
2,Fired UP!? ....HooYah!,"Excellent if you just want to see some SEALs blowing up stuff and shooting. There is little in the way of information, but what do you expect?"
1,youtube,"hi all, this isn't a review, just a helpful bit of advice;if you want to see this movie for free it's online on youtube under torgs drivein account. Just type in mission stardust and it will come up."
1,Maniac is disturbing stuff,"I found this film absolutely depraved. The gore is intense and the humor is totally missing.There are some horror/slasher movies that I love, due to the intensity; ""Texas Chainsaw Massacre"" and ""Silence of the Lambs"" come to mind comes to mind.Then there are the movies that are just disturbing, movies so rotten to the core that I just don't appreciate; ""Maniac"" is one of them."
1,consider this a lease,"we bought this tv in the end of nov. It died while my husband was watching it almost three weeks ago (begining of May) we are trying to get it fixed by Samsung, last week a repair man came with the wrong part, one week after I called Samsung, Today he changed a part and 30 minutes after he left it died again, so now I am going on 3 weeks with no TV and more waiting. The corners started discoloring 1 or 2 months after we bought it. buy something else, $700 and five months later we don't have a TV."
2,I LOVE this book,"I stayed up all night to finish Ordinary Springs and can hardly breathe.The writing is smooth, the flow of the tale, complex, yet easy to follow. Ms. Hart is a master at increasing dramatic tension to the point where the wire almost snaps, releasing it some, and finally resolving it in a logical manner, that, while hinted at as a possiblity, is not telegraphed.The characters, particularly Dory, the protagonist, are believable, and though flawed, each has redeeming qualities that do not seem gratuitous.Gee, I wish I'd written this book; it's one I'll read again and recommend to friends."
1,Disappointing Transaction,"I would not do business with this seller again - does not communicate well and ""forgets"" to ship until reminded (gets paid quickly, though). However, I eventually received my merchandise after several weeks. I recommend avoiding this company."
1,5 pocket jeans,"Bought these jeans and was disappointed that they had no tool pocket on the right leg. I have no idea what they call the jeans that have them, but these are NOT it!"
1,That is it? This can not be Rammstein.,"True fans of Rammstein can never like this. I listened to it not more than 5 times in the last 2 months. Mutter was good but not even close to their first 2 albums. This is even further away. They should go to thier roots. The style from thier first 2 albums is nowhere near done and no band can do it like they do. So go back.If you guys like this kind of music, give Eisbrecher a try. more electronic but way better than Reise."
2,Very good quality and fast shipping,"This quality product from amazon met all our expectations. The boots arrived in mint condition, packaged in original UG box and my daughter was very thrilled to see it. Shipping was quick too and came in a day earlier. Pleased with the purchase"
2,"Ferocious as a lion, sly as a fox, funny as a hyena","Most mob books are predictable; mobster gets made, kills and makes lots of money, then turns snitch. This is a story of not only the author but the very tradtional east-coast mob versus the west-coast version. The way that thirty-some years and life on two opposite coasts is chronolized makes for very interesting and entertaining reading. Imagine the possibilities for the big screen with all the celebs, mafioso, and ""Tony the Animal"""
1,Preposterous,"This book is so awful, I don't even know where to start. If I could give it no stars, I would."
1,Poor research,"A lot has been said as well as written about Richard Nixon so far, but it's the first time I read that he was on an antidepressant, called Dilantin. That's where the author's extremely poor research comes in. Either Nixon was on an antidepressant or he was on Dilantin, which is a anti-epileptic-medication, can cause depression as one of many nasty side effects. If the whole rest of the book has been researched as badly as this, then the book is not recommendable."
1,much too scary for preschoolers,"This crude adaptation of the Roald Dahl classic focuses on the most frightening aspects of the story. Not for young or sensitive kids. The illustrations are dark and disturbing -- even the insects who befriend James are rendered in a menacing way. It may be fine for older kids who love scary stories, but it gave my preschooler nightmares."
1,Unsatisfied,"I bought this book because the title was catchy and because I'm interested in meeting my husband. Unfortunately I found the book to be disappointing for the following reasons: 1)The author's writing shouted at me as if I were an 18 year old Army recruit. 2)For anyone who has been single a while, these ideas are not new, and 3)While I'm all for looking my best, being encouraged to grow my hair long and buy a push-up bra to maximize my visual appeal is insulting to me and to the man I want to attract. My suggestion: take the money you would have spent on the book and apply it to doing something you ABSOLUTELY LOVE...something that makes you feel alive from the inside out. In the end the only way to win at finding a husband is to win at finding a life."
2,excellent,"This film is brilliantly acted, Rickman a very covincing Dev, and Nesson brilliant as the mercurial Collins.Only one problem I wish it was not so inacurate, Ned Broy was not killed he went on to be Garda Commissioner; and Harry Boland was not chased through the Dublin sewers, he was killed in an Hotel in Howth.Having said that the film was enjoyable and beautifully shot."
2,Sting-Still going strong!,"As a long time fan of Sting and the Police (that tells you how old I must be!) I have to say that this is some of the best music that has ben released in quite some time. As was evident on this years grammy awards, experienced musicians like Sting and Carlos Santana overpowered the competition of boy bands (who don't play any instruments! ). ""Brand New Day"" is a must for any Sting fan and for anyone who still appreciates good music."
1,Worst movie ever,"Lowest quailty, ghetto trash, no plot film. Save your money and buy a coffee, don't even watch if someone pays you!"
2,OH MY GOD!,"This is possibly one of the best happy hardcore albums i've ever listened to. The best song on the album by far is Shooting Star by Bang, a really emotional chord sequence, with stunning vocals, and fantastic synth work, they really know how to write a chunky beat. This cd is phat, in a serious way.Well worth a listen..."
1,Not So Pleased...,"I purchased these based on the reviews and description, but was so disappointed. The settings were fine, but the stones are very light-colored, very clouded and have very visible flaws. They look much more like Jade, not emeralds. I have ordered other similar items from Amazon and have been pleased, but not with these. I really wanted a pair this size, but will be sending these back. Hope you have better luck!"
2,Mesmerizing,I was absolutely spellbound from opening titles to credits. An incredible insight into a man who literally had his finger on the big red button. Wonderful candid reaction to Kennedy's introduction of him as Secretary of Defense. Perhaps the best 'documentary' I have ever watched. Watch it !
2,great read,"This book is a great read. You really get the feeling of the hard work and long hours put into investigations, even if arrests are sometimes a bit slow in coming (at least in the minds of us outsiders). I definitely recommend Dead Center."
1,Bloated,"It's unfortunate how low Norton has come. It can't compete nowadays with its competitors and it's easy to see why: when Norton gets its hands around the system resources, it slows the computer down to a crawl.I recently had to restart my PC four times so that Norton would let go of my system resources and allow my PC to run normally.Perhaps Norton should strip down to just viruses and let everyone else handle the other stuff. It seems that as Norton Antivirus gets bigger and bigger, it can do less things well...if ""well"" is descriptive of what Norton does.I'll be exploring other antiviral options next time around. Hopefully it will do a better job than Norton...can't do any worse."
1,This cds straight dumb,"Man this is just a buncha old diddy songs wit new background music and new artists, sounds the same as all the original songs. Nothing great they just threw this together in probably an hour. I wouldn't suggest it."
1,Fundamental Ergonomic Flaws,"This is a tool I'd like to have, but refuse to buy. It's a very good persuader. It has a ton of demolition applications. We sell a lot of them at the lumber yard/hardware store I work at.It has one huge, fundamental flaw, which I can't say I'm surprised by, considering that Stanley is pretty much a Chinese name anymore. The flaw is that this hammer was made for lefties when the construction industry is dominated by righties. How do I know this? Look at the curve in the pry bar. The teeth scrape against the inside of your right arm when you hammer with it. Sure, you could have your wrist bent so the teeth fit into your wrist, but I don't find that comfortable, as bend my wrist and elbow when I hammer.It was also noted by someone that the hammer head isn't ground. While I have swung it, I've never tested nail driving with it, but the problems with the hammer head don't surprise me.Basically, for the idiots now running Stanley, ""they don't make 'em like they used to."""
2,brings back childhood memoires of Thanksgiving at my aunt and uncles,brings back childhood memoires of Thanksgiving at my aunt and uncles...bring back traditon fast service great gift for yourself or loved ones
2,Epic Film,"I don't think there's much that can be written about this film that hasn't already been written in the numerous reviews so far, so simply put, this is worth purchasing and it will not disappoint you. Do not go for the theatrical versions, get the extended ones. The extras will take you months to pour through unless you have a ridiculous amount of free time, and there's different audio commentary tracks to keep you re-watching it as well. I haven't even finished half the extras on Fellowship of the Ring let alone the other two films.Buy it. It's good."
1,"Hey, Hey, Ho, Ho, edited DVDs have to go","It will interest all concerned to know that at a specific website is an alterations list. I read about the fact that the First Season of Too Close for Comfort consisted of syndicated episodes, for which reason, I will neither purchase nor rent it. The studios who release DVDs of television program have COLOSSAL NERVE calling a set 'complete' when it is not really that complete AT ALL. The list of alterations is growing and leads me to question if releasing television programs on DVD is such a good idea anymore.THERE IS A GREAT DEAL OF WORK THAT HAS TO BE DONE."
2,Progressive death metal that exceeds the typical,"This is good progressive death metal, no doubts here. Some of the songs are a bit lengthy, but they all feature some excellent musicianship and they're worth listening to. With almost all of the more progressive leaning albums it takes a while to fully appreciate the album, each listening reveals more that you didn't hear the first time around. My musical background is classical violin by training and I can see the more complex overall composition, similar to some of the romantic era works; this isn't the collection of solos and spotlight moments loosely strung together that is too common in progressive metal. It is definitely an acquired taste album. Don't be put off by the fact that these guys are Christians, whatever your religion if you enjoy death metal you should give these guys a listen."
2,The BEST!,"A friend bought me this mobile as a shower gift and it's fantastic! The music plays for 15 minutes (I believe) so that may be why the batteries don't last as long as other mobiles. I like the fact that the music plays much longer than any other baby products I have witnessed. It's worth the battery changes. I have changed the batteries in mine maybe 3 times in 9 months and adore the fact that the mobile itself is removable, although the music box stays. I agree that the remote isn't very practical but I just don't use it - simple as that. I would recommend this sturdy mobile to everyone. My baby boy loved the mobile and still enjoys the music. If he is figity at all in his crib I play the music and he relaxes once again. It is expensive but can be used as long as you have the crib since the music box stays put. Oh yeah, and I like the volume of the mobile because I like to get a few things done when my baby sleeps so I play the music for him and make plenty of noise. Love it!"
1,Poor performance on slides,"If you need to scan photos or documents this is an alright scanner but there are others less expensive that do that well. The idea of being able to batch scan 16 slides is the reason I bought this scanner, unfortunately it does a very poor job even one at a time. The results were grainy, banded, and lacked detail depending on the settings I used. I tried technical support but received very poor support on HP chat, the rep even forgot what we were talking about and started asking about the documents I was scanning.So if you are looking for a decent slide scanner this is not one to even try unless you just want to make small prints (fair 4 x 6 or less prints could be done with some Photoshop work on them)."
1,what is this junk?,"I'll give you the bottom line up front. Sharon den Adel, the lead vocalist, while very talented is not not suited for this type of work. She is blatantly flat or sharp at varying aspects of Within Temptation's songs including ""Mother Earth."" They do not even have very catchy riffs. Don't buy their album. If you like metal buy metal. If you like emo...kill yourself. If you want to be rocked, either make your own music or find something that does not suck on the surface as well as below it."
1,Manufacturer should be ashamed. Amazon shouldn't be selling it!,"Everything every one is saying about this product is true. I was excited to receive my boxset, to then be disappointed when I opened it up and the disc's were all scratched. Poorly made product. Amazon shouldn't even be selling it."
1,Awful customer service,"I purchased this product from Costco, and after about a year of use, the locking latch that sits between your kid's knees and locks the seat belt in place was not functioning properly, such that the belt would not lock unless you manually forced the latch into the lock position. I called and emailed Britax. They told me on the phone that since the warranty had expired, it was likely that there was nothing that could be done. They never responded to my email. Thank goodness that Costco has an excellent return policy."
2,best who live album,"this is a great live album from the who containing classics like the entwhistle song heaven and hell, young man blues, substitute and a 15 minute my generation"
2,Great ENTERTAINMENT!,"This is there for your enjoyment and entertainment, so take it that way and enjoy it! The writer keeps you enthralled in his book until the end, and the director keeps you watching the movie until the credits roll; both leaving you with a sense of being entertained and taken out of your daily routine for a short while. If we believed everythig Hollywood put out was factually true...."
2,Starstruck,"I have read the other reviews online, which is what prompted me to write. Although I agree with some of their points, this title is a beautiful addition for anyone interested in the stars. Never before has there been a collection of adornments of the stars, and I found the text rather intriguing. I feel this book is accessible to everyone, not just tatoo freaks, and the design and layout are great."
1,Didn't even last a year,"I got this filter last December for a 10 gallon setup filled with minnows. It did a good job filtering until about June when it started to get finicky (I would have to unplug and replug a few times to get it working again). Then about two weeks ago it just gave up, outright.I gave it two stars because when it worked it did it's job. I'm just upset that it only worked properly for 6 months and then stopped working outright after 8 months."
2,WoW! aNd I mEaN wOw!!!,Speachless. It was so good that i finished it in less than 2 days. Filled with unexpected twists and turns that will keep u busy!! WOW! It is maybe the best book in the series yet!
1,Bad DVDs,"When inserting disk into DVD player, it rejects te disk. I have a Sony DVD player and I know it the defected pippi disk. And all four disk are rejected by the DVD player"
2,The 'just-right' amount of sharpness...,"I've tried these and the feather blades - the feathers were too sharp/finicky and I haven't used more than 3 of the 10 I purchased because they tend to take off skin too easily. I have hearty beard hairs and soft skin, so I need sharp blades, but not TOO sharp. These Merkur blades seem to fit the bill."
2,"Everything I needed, but not original parts.","Buyers need to know that this is NOT a pre-filter from Honeywell that was made for a specific unit. This is a universal pre-filter - i.e. you will need to cut this pre-filter to fit your unit. I get two pre-filters from this one purchase.Tips:[1] Cut it outside because as you cut it, it leaves bits of filter behind.[2] Also, the old filter will be covered in dust (exactly what you do not want indoors)[3] Have a small trash bag ready to put the old filter into[4] Wrap the pre-filter around the HEPA filter and then trim it.This process takes me about 5 minutes, including cleaning out the housing and reassembling."
2,Who knew???,"Everyone should watch this dvd. It is very well done, and exposes the true artists behind the Motown hits - the studio musicians. Who knew??? Not me, until I watched this great dvd!"
2,the best slippers on the market,I just love these slippers and give them to all the man in my family as gifts.
1,Not enough,"I purchased this issue as a replacement for an older edition of the same title that I have. My older version is a translation by J.F. scanlan (Essay Index Reprint Series)by the Books for Libraries Press.I was disappointed in this particular issue because some of the essays that I expected to be in the volume were not. Specifically, Frontiers of Poetry.I will be returning this edition and will try to locate a good used copy of the 1971 reprint. Besides, I really like having all the endnotes.If you want a better edition of this title try ISBN 0836922417P.S. The binding on this edition is cruddy."
2,Cuisenart Ice-50BC Ice Cream Maker,"Excellent quality, heavy duty, 1st class equipment as Cuisenart products are normally. This unit will last for many years. Higher priced than others, but you are getting what you paid for with this unit."
2,No smell,"I ordered this with a specific purpose in mind at my camper, but I miss measured. The item is about 1/4"" too short for its intended pupose but it will be fine for a cutting board at home. It is of nice quality, decent weight and has no smell to it as some bamboo boards do. The product itself is very nice...I just have to learn how to measure twice and order once.... lol"
2,A decent history book on American made airguns.,Gives a decent history of atrguns made in the US. A decent reference book for those who want to collect old and new American made airguns.
1,Not the old Rockport,"I remember 30 years ago when I was on my feet for hours on end..I was turned on to Rockports by a friend who said they were the softest shoe around. I bought them and yes, they were.Now, I need them again. I went looking for Rockports. The reviews were wonderful! I just wonder how many are rockport employees. I paid about 75 bucks for a shoe that could be had for 45 in most places...But what the hey! It will be comfortable! WRONG! Sure, they fit well. They are homely though..and the legendary soft sole was gone, replaced with just your typical hard sole you find in most shoes...Okay for 45 bucks but not acceptable at 75. I am returning them.Looks,,geekyFit very goodComfort...ordinary...Value. not enough."
1,Useless Junk,"If you want to use the dough hooks that are shown with the product, then Do not buy this product!!! I was interested in this product after seeing the dough hook attachments in a local Walmart. What was delivered had such flimsy beaters that they were damaged by bread dough!!! The product was advertised to have special bread dough attachments that are not part of what is delivered. I spent over an hour to find the attachments that were advertised to be part of the product. Buyer Beware!!!"
2,Handy deffuser,This thing is great! I have naturally curly hair and have used a deffuser before but this one seems more evenly distributed. Good Good Good!
1,Translation,"I find that this particular text loses a lot in translation. I'm currently using it for a seminar class, and the alternate translations of other students generally make more sense and better preserve the meaning of the original text. Also, this translation includes speculative footnotes that are inconvenient for reading as just a text, because they bias some readers before conversation has even begun. Overall, I don't recommend this translation for any sort of scholastic study of the Bible."
1,Totally ripped off,"I really can't say if this product is good or no because, I was totally ripped off by CYBERHOUSE the people who sold me this. The turntable was missing a major part and did not even work. When I tried to return the item I was told because of a technicality they would not allow me to return the item. I am a US Airmen stationed over seas and during the holidays it takes long to get products sometimes. So to rip me off simply because I didnt get my package in time when it was missing parts is ridiculous. Never buy anything from CYBERHOUSE these people are unethical and criminal in my opinion."
2,A wonderful four years,"This worked for a wonderful four years before the misting knob broke and now it mists slightly on every setting. Still, four years (not to mention 3 moves) seems like a good life-span for a shower head like this. I would buy another one if it was available."
2,Nice product,I mounted it on the wall next to my workbench with two drywall screws (in 2 about minutes) so that I could power the lights I added to the workbench and charge batteries. It mounts very securely to the wall. The quality is outstanding; seems very sturdy (except for the plastic switch cover which I suspect will break off)
2,Logitech Left-Handed Cordless Laser Mouse,"I love this mouse. First-ever Left-handed mouse. I was sick of all the Microsoft right-handed mice that wrenched my wrist in the wrong direction.The non-handed straight mice were ok, but this one is much more comfortable. Problem is, my employer won't buy one for me!The wireless part: I need to have the USB receiver (transmitter?) somewhat nearby - if my cat sits between it and the mouse, it works erratically. So be sure to buy a USB extension if that is necessary (like at work where my 5 computers are all under the desk and the USB device is totally confused down there). (That is the reason for 4 stars vice 5)."
1,Great Concept - Poor Execution,"The essential idea behind this film is twisted enough that it should have been very good. Unfortunately, the execution of the idea was lacking in many, many ways. Its essentially a flood of over-the-top computer generated combat that left me yawning and only the most labored attempt at any character building. The story itself was practially non-existient. There also weren't any key moments that left you thinking that plowing through the visuals was worth anything. For the most part, its a 2-hour video game trailer, without any real purpose or meaning. I was left feeling empty because the concept had lots of potential and it could have been so much better."
1,AWFUL,"THESE PADS ARE THE WORST....I LIKE THE GERBER DISPOSABLE PADS....THESE PADS DO NOT HOLD MUCH LEAKAGE, NOR DO THEY COVER ENOUGH OF YOUR BREAST...THEY ARE DEFINATELY A NUISANCE WHEN YOU GO TO FEED YOUR BABY...."
1,The kindle version is an out-and-out fraud,"An out-and-out fraud. The kindle version of this book contains missing sentences every 500 words or so. In effect, the kindle version of this book is not this book, which I first read on paper.Suppose Amazon shipped you a paper copy of Into Thin Air that was redacted like a classified document released under the Freedom of Information Act. That is effectively what this kindle book is.Yes, I know it's the publisher's fault. But I have no recourse with Amazon to return an e-book that they must know is as defective as a car that breaks down every few miles. For shame, Amazon, Don't buy it."
2,Amazing,"I'm waiting many years to buy this CD... I've tried to find in USA stores, but it really hard to find... Thanks Amazon to give me pleasure just to listen this Santana's album... Santana is so sweet in guitar and the team is amazing..."
1,A protest,"I'm not watching this movie because I resent Jamie Lee Curtis calling our President a warmonger. Keep your political opinions to yourself, Jamie -- your job is acting."
1,ZZZZZZZZZZZZ,"A bounding pace by itself does not a story make. I found the pace more jittery than bounding, actually. This kind of story doesn't call for intricate layers, but some justice could be done to characters even so. Without it there's not enough plot to make sex scenes effective enough to be worth reading from scene to scene. Nor did skipping to the 'good parts' keep me awake, since they are all alike. Above all, why pay the price of two good books to get this?"
1,Totally Disappointed,Within the first week of using the thermometer it stop registering the temperature to the main unit. I sent an email off to the support and they get back to you within 2 days. They don't even call you. I left my cell number with them and my receipt but when I asked to see what the progress is on my complaint they think I'm a new person and ask me the same questions over and over again. I swear I just went to Walmart picked up a 10 dollar digital thermometer and it works better and doesn't give me any fuss. I suggest don't buy from this company because their support is horrible and the product is unreliable.
2,Must have for DIY,Bought this based on other reviews on Clymer Manuals. I have the Yamaha Factory Manual for my engine but Clymer fills in the gaps the factory guys leave out. A Must have for the DIY guy.
1,Don't buy this! FALSE ADVERTISING - eggs stick to plastic cups!,"The plastic cup recepticles are NOT non-stick in anyway. We have tried coating them with butter, oil, spray, etc. but the egg white always sticks and has to be scrubbed out with steel wool for 10 minutes. Soaking does not help. How can this company get away with saying this product is ""NONSTICK?"" Sure, the boiling water won't stick to the pan, DUH ! what a dud. Don't buy from this company."
2,Memoir at its Poignant and Lucid Best,"Kathy Dobie takes a tale of a messy and traumatic sexual coming of age and through the alchemy of lyric imagination achieves art with a capital ""A."" Much American memoir of recent years has tended towards the self-pitying, self-indulgent, self-aggrandizing... ego overwhelming form. Not only does Dobie avoid this trap, she rises to dizzying literary heights. This is a political book without rhetoric, a psychological journey without therapeutic cliche, a journal of sexuality that isn't tawdry, an American memoir that embraces the reader as tenderly as Dobie has her own shattering past."
2,Get the Sugar Out,I bought this on Amazon and found it to be informative. I'd recommend it for anyone who is a sugar addict like myself. The sugar substitutions are numerous and one can experiment with those that meet his or her needs. I particularly liked the advice about using baby food banana to sweeten up a recipe. Worked like a charm in my pumpkin recipe. I never knew there were so many different types of sugar substitutes that are natural!
2,Very Helpful,"This book was purchased for a friend who was recently widowed, and I think that he found this very helpful."
2,STUNNING,"I spent the entire six hour drive home for Thanksgiving listening to Poe's Haunted. This is excellcent, and even better than Hello. When I first heard that Poe's CD was coming out I was praying that it was going to be good, since my cousin, Olle Romo helped produce it, but it's more than great - it's stunning. It is so beautiful on the surface, and as you listen to the words and find out the background to how the music developed, you find new levels that make each time you listen to Haunted a different experience. BUY THIS CD! YOU WILL NOT RERET IT!!!"
2,Helpful comments found in the amazon,"I am an English teacher here in Brazil and I would like you to know how helpful the comments of those who have read ""The old man and the sea"" were for my classes. I printed such comments so that my students could read and decide whether they agreed or not with them. We had an interesting debate on the book. It was a success!! I also asked my students to try to write a comment and put it in the Amazon site. Who knows? Maybe one of them can be selected and get the prize. Thanks!"
2,"If you don't read this book, you can get out of marketing.",I think I've read all of the marketing books--a lot of boring untried theory. I couldn't put down Ice To The Eskimos. It was all real-world stuff. I could apply ideas right away
1,SLOW SLOW SLOW Delivery,15 calendar days to ship a pocket book from the vendor to the buyer! Pony Express would be faster.
1,"Fun, but not well made","My son loves this toy and has used it for a year and a half. (He got it at age 1.) However, I would recommend that you find a similar toy by a different maker. This one gets dirty on the inside without a good way to clean it, and the balls break in half after a while. I finally threw it out today because it is filthy and there's only one ball left!"
1,Hold your breath during each sentance,For the money this book is not worth it. There are too many run on sentences were using 1/3 less words in the sentance would have worked. the authors writes in a single sentance 2 to 3 train of thoughts. It is as if they have sooo much information they are craming it were it could fit. This is a very expensive book for the historical learning. Sorry for the harsh but honest review...
1,Tear Soup,"After reading all of the wonderful reviews of this book, I was anxious to order it. I wanted it for my 7 yr old son after his grandmother passed away. I was very disappointed with this book. It is written like a childrens book, but my husband & I both felt the book wasn't appropriate for children at all. If you are looking for a book for a grieving child, this one is not it."
2,We love Melissa and Doug!!,We love the Melissa and Doug brand and own quite a few of their toys for my daughter!! I bought this for my daughter for Valentines. She runs up and gives him big hugs daily and we use it has a pillow when we read books before bed time. My daughter will often grab a book and go over to lay on the bear even on her own. :) He sits on the floor against her crib and the only thing I don't like is that she seems to be able to EASILY pull out chunks of hair. Although once the hair is gone you don't even notice where it came from. So far no bald spots on the bear. haha. She loves this big thing and I would definitely recommend it to anyone else!!!!It was also packages VERY well!!!
2,What about us left-handers?!,"I really do like this peeler. It does an above average job on all the things I have tried it on. My two ""gripes"" about it would be that sometimes the peel sticks to it and you have to clear the cutting blade to keep going. I think that tends to happen with most peelers that I have used though. My major problem with this peeler is that the little scooping edge is only made for right-handers. You have to turn it around and really work hard to make it do what it is supposed to if you are left-handed. Why not put one on both sides?? This peeler was built for a right-handed world. Poor lefties...forgotten again!"
2,Love IT,Pro This has been a great product so far having one vacuum for all typesof floors makes life easierCon the only thing that makes me concerned is the plastic pieces and howthey will hold up over time
1,a lot of Horowitz performance but all are in extremely poor recording quality,"Very very very very very poor recording quality not because of the aged performance but the poor transaction from LP to CD, you will listen a lot of ""click click"" sound, and volume varies in sin wave because of poor turning table is used.I am so regret that I bought this CD.This CD set is in trash quality, please save your money and buy something else."
1,"Boring, Biased, and Beatific","After reading this I could not help but think that this was absolutely pointless. The opinions and conclusions of the author are based on the jounals and such of one person. Each point is made with one person's journal entry, or opinion. The only reliable and reasonable source that she had was the New York papers, which were sent in by thousands of people. Besides, the book doesn't make any conclusion that any thinking person wouldn't have come up with in the first place. The book basically says that people were motivated by money to do this. Well Duh!"
2,Sexy Mr Vance,"I really liked the chemistry between Courtney and Regina King and when he took his shirt off i didnt realize how sexy he was playing a celebate man , Great movie one of my favorites"
2,"Axion 7"" DVD Player","I just got this today, charged the battery and tried several different types of media. It plays everything. The unit has small speakers and does not come with headphones, but comes with a li-ion battery, car charger cord and audio video cord as well as a small remote.I plan to use this during air travel. The planes I fly usually do not have movies, and a movie takes away some of the boredom of flight.Being curious in nature I gave it the treatment, testing to see if it would skip by holding it on angles and giving it a little rough handling. It looks good. I am hoping it will last for a while so I can get some use out of it during air travel. We'll see how it takes the buffeting and landing bumps, not to mention the rough handling carry ons sometimes get.I would like the carry case. Mine did not come with one. Need to see if I can get one. sax"
2,Excellent,"Wow! I love Marvin Sapp! This is a great album from the band, to the background singers, down to the lead singer himself. ""I Believe"" this album is Marvin's best work to date. Marvin Sapp is at his best when he is in a church setting. We all know Marvin is an anointed singer, but the studio does not quite capture that essense. The church feel really gives this project the extra umpph it needs. ""I Believe"" almost made me get out of the car and dance. I'm going through a time where I am really believing God for some things. One of those things have already happened(Thank You Jesus). This song is nothing short of awesome. ""Praises"" is the type of song all musicians will like. ""There Is None"" is great also. ""All About You"" is slammin'! Percy Bady's production work is superb and the band awesome! You're sure to enjoy this album, especially if you enjoyed ""Grace and Mercy"". Buy this, you'll enjoy it."
1,It is horrible and a waste of money.,"First off it is just a dictionary that is supposed to come with a tape or cd to help you along. This is the worst book I have ever had, I am donating it to charity. It was a waste of $4.99. I'm very sorry I ordered it."
1,Totally disappointed,"This movie was awful! I don't really know how these other people liked it. If I hadn't read the book, I would have had NO idea what was going on with certain scenes in the movie. Other things were added that had no business being in the movie. Maybe it was the director's attempt at humor with some of these things, but failed miserably. Warner Bros. would do well NOT to hire this director for the remainder movies. With the first two movies, I felt like I was in a magical place, with this one...it was just a bunch of kids with magic tricks. Save your time and money on this one...read the book. It's WAY better."
2,A teenagers struggle with life,"Go Ask Alice is a book about a teen struggling with drug abuse and pressure from friends. She starts off an everyday clean kid but continues to get more and more influenced by her friends. Soon she is experimenting more often and having many problems with life. I think this is a good book that everyone should read it shows the horrors of extreme drug use and how people act in the real world. Alice has problems with her family and friends, which many people do. I think this is a book that many readers might be able to relate to because it deals with many of life¡s problems. Also it is very interesting to read about all the things this one girl went through in only two years. This book provides a good message about teen drug use and has a powerful message as to what can happen from it."
1,"Grade level 4, Intellectual level 0","Zero stars. In a wasted effort, kool-ade drinker Ken Ham of the Creationist Museum has put together a appalling piece of farcical, propagandistic nonsense that completely disregards established science. In a blatant and ill-conceived attempt to indoctrinate children with falsehoods, Ham has concocted a specious fairy tale 'history' with no basis in reality.Attempting to pass off the absurd notion that the age of the Earth (and by extension that of the Universe) can be computed according to a chronological timeline of biblical personages as first proposed by Bishop Ussher in the mid 1600's is one thing, presenting such spurious hogwash in a picture book to brainwash little children is an entirely different matter. That Amazon actually posted this blurb (""this fun family book will transport you on a breathtaking journey through the ""time-gate"" of the Bible, the true history book of the universe!"") is an affront to any sentient being."
2,Great story,"I am not a fan of Mr. Peretti's books. On the occasion I have heard him speak, I was impressed and enjoyed his lectures very much. His books were less impressive to me. But this book is an exception and is still a favorite after all these years. Perhaps it is Mr. Peretti's best work, certainly the most gripping and emotionally charged. A masterful work on a volatile topic."
1,Disappointing album,"I allowed myself to be seduced by the cover photo, which implied (to me) that the album would have vintage cuts from the 40s and/or 50s. Instead it's all current stuff, some of it interesting to me, but much of it not."
2,This CD is Amazing!!!,"Amazing CD, Morten Harket has an amazing voice and there is some truly astounding songwriting, I have about 1000 cd's and this one is definately in my top 20."
1,Tweezerman should stick to tweezers,"Lost about 2 dozen bristles on the first shave and I found the brush extremely hard. I only used this once and went back to my Van Der Hagen that I bought as part of a $7 shave kit at Walmart. Shown here:Van Der Hagen Premium Shave Set (Soap, Bowl, Brush)Soap in Van Der Hagen kit is great as well. Bowl is small but gets the job done."
2,Nice movie,"It's a nice movie for an evening when one wants to relax. I've already watched it twice in the last couple of weeks. Beautiful music, and the movie is clean, not trashy at all."
1,No power,I bought one of these about 5 years ago. It works ok in soft woods with short staples if you hold it down rather tightly against the wood. But after a few years I find it to be somewhat worthless since it cannot drive any kind of staple in anything but soft wood. So now I am back to Amazon looking for another electric stapler with some power. I don't always need the power. But there have been too many times when more power would have made all the difference.
1,Beautiful fan-didn't move air,"This is a lovely looking fan. I had it professionally installed but when we turned it on the blades didn't move. We called Minka Aire and they said they would send out a new receiver. They did- and I got my guy to come back to re- install. Still no luck. Called again and they said they might have sent the wrong one. This is May in Texas so I sent it back. Not sure if the fan is a lemon or if the distributor sent me a refurbished model, but if you like this fan, you should go to a lighting store to buy it-online is too risky."
2,Diary of the Dead,"This is actually much better than Land of the Dead and a great addition to the saga of the dead for George A. Romero. If this was his last film, it would be a great outro. Let's hope that isn't the case, because we have a really great snapshot of the problems confronting us today and the shortcomings of the new technologies, primarily the internet. A must see."
2,charming and witty,"Interesting mysteries with witty dialogue. Characters are progressive and well-developed. Casting is superb--Edward Petherbridge is exactly what Lord Peter calls for. All in all, a very refreshing and satisfying set of stories."
2,the castle is GREAT but the stand alone bigger dolls are terrible,"My daughter got the castle which comes with a smaller skydancer and she absolutely, positively loves it. I think it is very inventive also. She also got two of the other, bigger skydancers that are sold separtely and they are the worst! They are too big for even an 8-year-old to launch and when they do actually fly a little in the air they have hit her in her face! So -- if your girl wants one of these, get the castle and avoid the bigger dolls. My daughter wants me to add that the other dolls are still pretty."
1,A waste of a living tree,"If Amazon had a ""0"" rating I'd give it to ALL of Monroe's books.. These books are GARBAGE! GARBAGE! GARBAGE!"
2,Words,I found this was a very good book it has made me very aware of the words that come out of my mouth and my thoughts towards people I disagree with.
1,The downward spiral continues,"Busy with a project of my own I have finally found time to catch up on the WOT series. Unfortunately RJ has continued to add subplots with out closing out some of the existing ones. In short, WOT has become infested with too many major and minor characters running around doing their own thing. One of the more aggrevating additions RJ has made is the insertion budding technology into WOT in the form of steam engines, gunpowder, etc. It basically detracts from the main storyline and everytime I run across it I skip ahead. Winter's Heart does not move the story ahead much."
2,So Pretty,"I love this bratz. This meygan is so pretty. I'm getting meygan or the Jade. I like the cloe, but my sister is getting her. No offense, but in my opinion, these bratz compared to the ooh la la are sooooooooooooooooooooooooooooooooooooooooooooooooooo much better. That's my opinion, so u can disagree. I rate this doll 5 stars, in fact, I rate all the bratz genie magic 5 stars, (except for the yasmin maybe, I'd rate her 4 stars) THESE BRATZ ARE THE BEST!"
2,Great for everyone!,"I loved the insights and exercises given to help overcome the fear of speaking in public....and I don't mean just professional public speaking. Learning how to connect with others in a group, no matter how small, is something I always had a hard time doing...Roger Love teaches that posture, gestures, and breathing correctly, along with a positive inner dialogue can help you feel and sound more confident. The fact that this is on CD is so much better than if it were something written....he is so inspiring to listen to and his stories about his famous clients are wonderful and quite entertaining. This audio book will help so many people who are just a little shy and need to know how to communicate easily with others."
1,"Excellent book, needs a copy editor","As many others have said, the book is excellent, but the copy editing is terrible.Far too many typos, and the footnote system is abysmal.Hopefully, they will update a corrected copy, with footnotes inserted into the text body.If they do, I will update my star rating."
2,A vacumn also?,"Had the previous model for about 1+years and then kablooey!No warning, weird noises, or shaking. Just up and quit on me like a slinky slut.I loved it and the gosh-darned thing left me. I changed battery and nada. I suppose something internal?I was mad as hell and I wanted it to work. I've been un-groomed for several months now and WoW I saw this model. I'm smitten again. I'll see how this relationship works out. I have High hopes..."
2,turned out to be one of my favorite albums from radiohead.,"i am a BIG fan of radiohead, so i already knew how wonderful they were. i purchased this album in a used condition because i wanted to be frugal but also just because i needed to get more of radiohead's albums. i put it in one day when i was driving around town, and i was blown away at how relaxing and nice it was to drive to. i use it to calm myself down but also just enjoy the beauty and genius that is radiohead. 5 stars!"
1,"dumb movie, but if you like dogs","This was a very silly movie with a ridiculous plot. However, it did make us laugh, just don't expect much"
1,help me,"does the lastest version of AR contain cheats for resident evil 4, please also send me a list of the other games it has cheats for..."
2,Absolutely Spellbinding!,"I do not usually like really long books, but this one is excellent. The first chapter was a little slow, but there was quite a bit of background to cover. After that, it moved along rather quickly.Jamie is a reporter for a Gay Newspaper. He has been following a serial killer for many years. He has tried to get a task force put together to find the killer, but can never manage to pull it off. While back home visiting his mother, who is in the the hospital, there is another murder. He goes to the local sheriffs office to find out some details, and see if it is related to the other murders. The Sheriff is straight and Jamie is gay, but there is an instant attraction between them. Neither one is willing to admit it.Will they get the killer? Of course, they always do! Will they fall in love? You will have to read the book yourself to find out! Hope you enjoy it! I did!!!"
2,Great level,I am a General Contractor in Los Angeles and have the need to use the very best tools on a daily basis. I have found that Johnson Levels are of the highest quality and I would recommend them to any professional. They are on par with Stabila Levels another excellent company. Johnson Levels are the best you can get for the money.
1,Horrible!,There's actually more grotesque violence here than in authentic medieval epics. The characters and the plot are unbelievable and unengaging.
2,Good entry level Shotgun Mike,"The Shotgun Mike is ideally suited for anyone picking up a prosumer camera and who needs a shotgun mike that offers excellent pickup at a reasonable rate. Be sure to pick up the 18"" XLR-XLR cable and the 6"" XLR-3.5 cables. The shock mount I received came with extra bands.This is a good entry level mike for you. Couple this with a UHF lav mike (or two) if you intend shooting fiction or documentary.A Gitzo boom pole & shockmount (sold separately) along with a Fostex data recorder can give you a killer sound recording kit."
2,This CD rocks 2 much,The critics underrated this CD when it was released. Baby Got Back is good and so are I`m Your New God and No Holds Barred. Sir Mix-A-Lot writes a commentary into a song better than other rap artists.
2,Awesome,This show just keeps getting better and better as the seasons go on. All the characters are great and the awesomeness that is Barney played by Neil Patrick Harris is just well awesome. This show is definitely legen......wait for it.....dary!!!!
1,Plain and simple.........JUNK!!!!!!!,Phone arrived and was anxious to hook it up for my mother....it has some kind of shirt internally and was able to hear the dial tone for less than 1 second and that was it.......JUNK!!!!! DO NOT BUY THIS PHONE!!!!!!
2,Refreshing new stuff to replace my lost rock batteries,"I am an adamant sythpop, eurodisco fan who has pooped on alternative rock almost as soon as Nirvana hit the doorstep. In my search for something to lift me out of the mechanical depression that sythpop can emote, Goo Goo Dolls have definitely strck a chord with me. At times flashingly groaning out powerful emotion and with the folsky and talented ""lost-love"" feel of NAME, the Goo Goo Dolls have awakened a lost retro dance-club hybernate to the power and feel of alternative rock once it got over its hangover from the dead-over Led Zeppelin-like grunge era. The only compaint I have is the one or two songs that dreadfully copy the warmed-over nasaly Green Day feel. Skip over those tracks. Nevertheless, I have emerged into the light thanks to the Goos. I also recommend SLIDE, the only rock song I can never tire of."
2,Harry potter #1,Very good always kept me on my toes!There is always more detail in a book than the movie every time!
2,GREAT PEDOMETER !,"I heard about this pedometer from rave reviews on a Weight Watchers messageboard & decided to get one. It's very accurate & easy to set & use because you can wear it on your clothes or carry it in bag or pocket. Nice BIG display screen that's easy to read. Shows time of day & time spent doing aerobic walking.Counts steps ,aerobic steps distance,calorie burn, & stores 7 days of exercise data.I have 3 other pedometers & this is the best one I've ever had BY FAR! GET THIS PEDOMETER & GET TO STEPPING FOLKS !"
1,Not all that much to say.,"There really isn't. This book just plain didn't grab me. The characters didn't interest me, and most of the plot twists came out of nowhere. In every review I read I hear people exclaiming over the inclusion of multiple first-person viewpoints, and I can't imagine why it's so fascinating. You can get the same effect from a Babysitters Club ""super special."" Stated simply, I just thought this book was dull and nowhere near the quality of Beagle's other works, both earlier and later."
1,What's the point?,"All through the movie I was busy trying to understand it. By the end I had put the movie back to a prior part like three times or more, and afterwards it took me more then an hour to (try to) puzzle the pieces together. Especially the parts with the ""demon"" were completely confusing.My question is, what is the point? Clever as it may be, I did not enjoy this movie and I would not recommend it to anyone."
1,Terrible,"Following the instructions carefully, I did not achieve satisfactory results. The end results were either sticky or flaky with no in-between. I ended up throwing the kit out."
2,Classical andriod story from the 90s,"Mysterious and totally attracted in looking for the truth to the end. Comparing with the new type of android stories nowadays, this anime is just like a detective story in terms of android. This is not commonly seen. Surprising ending."
1,Not enough info on dining and lodging outside Cancun,"I haven't been to the Yucatan in over 6 years, and purchased this book hoping it would have updated info on the area, as I was planning vacation there soon.I couldn't find enough listings for lodgings and restarants to satisfy me, and wound up going to the web to get the info I needed. There are so many more hotels and condos south of Cancun, and even south of Tulum that just weren't listed. None of the restaurants we ate at were even listed. I couldn't use this guide for my purposes."
2,From a jazz musician's perspective,"I'm a jazz musician as well as the manager for a female-fronted rock band in Los Angeles. I can understand the direction G-Clef took with this project. Many bands will take material from another genre and adapt it to theirs, a la The Section Quartet, Me First and the Gimmie Gimmies, etc. I've never quite heard a rock album adapted to jazz and I can appreciate what G-Clef has done. It's not easy! I actually enjoy listening to the tracks on this album and as a saxophonist, I can very much appreciate the playing on this album as being excellent. The musicianship is great, although I believe the production is lacking just a bit. Overall, I think music geeks (like myself) and the general public would be able to find something they like about this album."
1,An OK book..,Too much about prostitutes and in that respect VERY BLAH! Tried to make it a love story but that bombed in my opinion! Maybe it is because I have never visited down there that I just don't understand that lifestyle. I am not sure. All I know is I don't enjoy reading about prostitutes throughout the whole book!
1,complete crap,"What's truly horrifying is how many drooling idiots actually believe this is non-fiction. Go read a science book, you morons."
1,Weird and disappointing,I bought this book before I learned how off-base Dr. Berstein is in the area of disbetes treatment. His suggestions are ultra low-carb and I believe dangerously low. If you are looking for a good reference on type-2 diabetes and how to treat I would NOT recommend this book. Try a publication from Joslin Diabetes Center.
2,Waaay over priced,$44.00 for this are you kidding me?! I can get it in Shopko or Walgreens for $7. Granted their distribution center is out of stock right now but I'd never pay $40 for this.
1,Error report for the 1997 edition,Problems have been reported in the Teacher's Guide for the 1997 Edition of this textbook. ...
2,I LOVED IT!,"I CAN'T BELIEVE SOME OF THE REVIEWS I AM READING ABOUT THIS BOOK, I THOGHT IT WAS VERY WELL WIRTTEN AND IT GOT MY ATTENTION. I LOVED THE ENDING IT HAD THE BEST TWIST TO IT, NO ONE COULS HAVE SEEN THAT COMING. I AM STARTING ON INVASION OF PRIVACY NOW AND I CAN ALREADY TELL THAT IT WILL BE EQUALLY THRILLING."
1,poor manual and to many buttons,I found the manual poorly writen for me to understand.I also could not comprehend how to use the disc to rerecord.The old VCR was easy to use.I am sorry I ever bought the unit.All I wanted to do was record different programs to watch later in the evening.Maybe there are some other DVD recorders that are easier to use.
1,"Great book, average movie...","Acting was below average, story line followed book in most parts. Not a big fan of the actor portraying Kenzie."
2,The Little Red School Book,"Originally written in Danish for European teenagers in 1971. The Little Red School Book is a very straightforward, informative book about sex. It's highly unusual in its approach - not preachy or clinical. It offers very matter-of-fact details that might shock some American parents even today. It's so unusual in its approach it was never distributed to American teens. It's quite rare but for people who love unusual and rare books, I recommend this one highly. My guess is you've never read anything quite like it."
2,please make more,Please make more of these books because I didn't get one Because you arer out of print I bought the game but I need the book
1,disappointing,I had expected this to be Ella with Duke's band. Mostly it wasElla and a trio. The title is misleading.
2,It makes sense!,I love this new bible. It reads in my language and I understand what is going on more. The product was in very good condition as well!
2,jive talking at its best,this album is one of the best r and b cuts i have ever heard. 3 legends playing the blues how they should be played. the whole essence of what inspired the stones and the yardbirds is contained in this almost holy recording. those who worship at the shrine of the god of rythm and blues simply must own it. you cannot reasonably call yourself an r and b fan unless you buy it. now.
2,Bosu Ball,"I received the bosu ball very quickly. The ball met my expectations; however, the pump and needle were inadequate for that equipment. I had to buy another needle and use a bicycle pump."
2,Sweet Short Book,This is an adorable sweet book if your looking for a quick read that will touch your heart and at the same time fullfill the urge for a sex scene or 2 or 3 or ......Though the book was predictable it was still a good read filled with everything you expect in a good romance novel.
1,Not the kind of music that I will fall into,too ethnic.. the only good thing is it makes me fall asleep.
2,great for limited area,"This door was easy to install. We have limited space and it worked out great. Good quality, prompt shipping. It looks really nice. We are very pleased."
1,Patrick Cote?,"The only thing that could have possibly saved ufc 50 would have been if the original main event of Mezger/Ortiz had actually taken place. Instead the ufc decided to put in some no-name Canadian 185lbs fighter to take his place. In typical Tito-like fashion, he takes the Canadian down and lays on him for 3 rounds. The only bright side on an otherwise dull night is the St Pierre vs Matt Hughes fight. But one fight is not anywhere near good enough to save this night from total and complete disaster.Pride FC is the top organization in the world. Sadly, as can be seen from this event, the UFC is far behind."
1,give me a clue,"Why do I have to read the reviews in order to know what size tank this heater is for? I have a policy which is if the seller can't bother to tell me what I need to know, then I can't bother to make the purchase."
1,MAJOR DISAPPOINTMENT!! I'm sorry to say.....,"The book started off with good intentions with the drug bust and Ms. Starling being in the picture. I got totally confused ( and still do not understand ) what the storyline in Italy had to do with the rest of the book. The ending got better when we got back to the Starling and Hannibal interactions. The ending was an interesting twist that I don't think most readers were expecting. Overall, my long wait for Hannibal, and the time it took to get throught it, was a waste of time. I'll cross my fingers that maybe the movie will be better."
2,Like Water for Chocolate,It was great. I received my product with two weeks in good conditions. Overall I say that this group is very good and I strongly recommended it.
1,Wouldn't recommend,"I got it thinking it would be cute and would work well with a couple of low cut shirts, or even just to wear around the house when my stepson is there. I am disappointed though. The back seems to always bunch up like a normal one clasp bra, I can't get it to stay flat. Also I feel like the elastic at the top in the front where the lace is makes it feel like it is smashing my boobs down. They seem to just be pressed and more pointy, I wore it with a camisole and just normal shirt and felt embarrassed because I felt like you could see the line and them being pushed down. I am very disappointed."
1,don't buy,"Within two weeks, on the first unit we bought, the volume went away on the tv and the telephone, then the picture went black, then it wouldn't play any cd's or dvd's. We sent it back, ordered and received another unit. We've had it for four weeks. By now, the dvd won't eject the dvd (one of my favorites), and the telephone doesn't answer anymore. The one star I gave it is only because I had to put something down. Something is seriously wrong with the product. For us, it's been a piece of junk."
2,The Greatest Punk Album Ever,"Hoss is by far the greatest punk album ever. I have played this cd for many people in my life and have never met anyone that disliked this music. Not even my dad. The Melodic Punk music that is Lagwagon emulates from Joey's amazing voice and creative yet poignant lyrics and continues through the fantastic guitars and bass of Chris, Leon and Jessie. The music flows from beginning to end, from song to song, and there is not one song that you will ever want to turn off before it is completed. If you like punk music and don't already know of Lagwagon or haven't yet heard this album, I promise you that purchasing this will change your life. I give this cd 10 stars and highly recommend it for any music fan!"
1,horribly horrible,Tom Green shouldnt of done this movie..it was plain horrible and the scenes where hes flinging the baby aroung and wearing dead dear skin and playing with sasauges cant help this crappy...stinky and dumbassed movie...though the beginning where he skateboards is the best part...because hes good at it...not acting...is junk..save your money people
1,I would give it 0 stars if I could,"Quite frankly, the Silent Brass System (SBS) is not worth a dollar. Sure, it may keep your son or daughter's sound down, but the resistance the SBS gives back to the player is HORRIBLE. This is coming from an experienced trombone player. Not only does the SBS give back WAY TO MUCH resistance (making the trombone harder to play), but, if a person practices only with the SBS, they can come dependent to the way they have to change their embouchure to gel with the silent brass system. If a student, or anyone, becomes dependent on the SBS, real performances, without the SBS, will not be the best. In other words, DON'T GET THE SILENT BRASS SYSTEM! IT IS NOT WORTH IT...AT ALL (ESPECIALLY NOT FOR WHAT THEY ARE ASKING FOR)."
1,Terrible products,"Thought this would be great for computing from the recliner...but the air mouse barely works, even with the receiver right next to it on a USB extension cord. My keybord refused to sync after I simply chaged the batteries. This has been a buggy, frustrating mess and I can't imagine how these guys could, in good conscience, release these lousy products. When I get my replacement unit, I will get what I can for it on ebay and buy something from Logitech or Microsoft.Incidentally, I am an A+ Certified computer tech, so I know when something simply doesn't work. This company makes junk."
1,What a bad model,"I bought this mic because the one that came with my elite broke after 2 years. I bought 7 of these and they still don't work. How is that possible? Well if you touch the connector at the bottom of the controller it goes out, or the mic just stops working. I liked the original one with a solid base at the bottom of the controller, but I can't find that anywhere. I might just save so I can get the poofy surround sound ones."
1,"Well, it looks nice ...","... but I returned it. Every manufacturer of toasters specify how 'wide' the slots are for toasting bagels, muffins, etc. But, they rarely specify how 'long' the slots are. The first thing I tried was a slice of ""Levy's Real Jewish Rye"". It wouldn't fit lengthwise. Failing that basic test, I packed it up and sent it back without trying to toast anything. If I can't fit bread into it, it's simply not worth having."
2,Aerobic Bulk Cleanse,This is a fantastic product. I've used it several times throughout the years. It is a great way to cleanse your colon & I recommend using it for a week every 3-6 months. Drink lots of water with it!
2,Touching story about hope,"What a beautiful, touching story. I was amazed at the wonderful job Kingsbury did in portraying an 8 year old named Gideon who is diagnosed with leukemia. What got me about this story is Gideon's attitude.She is a serious, guiless child who touches everyone around her, even a mean old homeless man, named Earl, who has experienced his own horrible tragedy.This is one of those miracle stories, one that makes you believe in God's power, one that makes you laugh and on the very next page makes you cry.Truly touching...5 Stars"
2,Great Resource for Ebay sellers and Others,I have read other books on starting an online auction business. I found this book to be very informative and useful. This information can help you start a business on Ebay. In fact resources in book can help you start a online auction selling business on other auction sites as well. For the serious auction seller this is a great resource.Yes it is true the information presented does show you how to start a business in general terms but it also shows you how these general busness procedures are used with online selling at auctions. That is why you are looking at this book in the first place. I found this book to be a valued resource and would recommend it hands down.
2,Awesome Collection,"The box set contains four discs and four booklets to go along with each disc, including character art and descriptions, etc. It's a great set altogether if you are a fan of Fullmetal Alchemist."
1,this stuff gags me,Totally dissapointed with this drink. Could not give it away! Not one person could stand it! It sounded like anyone who likes coconut would love this drink. But it is really BAD!!
1,Ascension,"I used the Unbox Video Player to download this and another movie to watch while I was going to be off the grid. When I started playback I got the picture but no audio. Since I was off the grid, little I could do to resolve the issues with Amazon. This was and is the last time I will pay good money for a movie to be viewed later via the Unbox Video Player."
1,More Internet Hype!,"This book is very useful if one has a table with one short leg (place it under the short leg to stabilize the table). IF you want insightful, RELEVANT information on online dating... look some place else! Look in the mirror, because this book is page after page of cliches and observations that only the brain-dead don't already know. If your reading level is above the sixth grade, you will want to pass on this one! cheers! and good hunting!"
2,IT a good look bait And it work good,All fish bait do not cauth fish but work the bait right and it will work try all of my bait let it work for you
2,"Excellent, Everything was as advertised","The DVD was new in package and the product was well packaged for shipping, arrived in excellent condition. Transaction went through well."
1,Awful,"I don't know why this yoga DVD got such good ratings. The sound quality was so awful, i couldn't hear what she was saying. It seemed like it was filmed in her living room without proper sound equipment or something. Also, definitely not for new yoga users. While Volume 1 is for ""beginners"", her positioning went excessively fast throughout the workout. It shouldn't be noted as for ""beginners"" if it's not."
1,STUPID,The makers of this film would rather see further terrorist attacks on the United States than do whatever is necessary to interrogate TERRORISTS!Terrorists who have been taken from the BATTLEFIELD. Just plain stupid. (too bad we can't vote negative stars)
2,The Payoff of Living a Good Life,"Ms. Weber weaves subtle morality throughout this intriguing fariy tale. Aimed at both adults and children, The Riches of Rangoberra tells an entertaining and sentimental story of the timeless wisdom regarding living a good life."
2,Great Sports Gel,"The only gel with protein in it. Tastes good. Like all gels, you have to get used to the flavor but once you do you'll be fine with it. A bit more 'chalky' then the gels without protein but it doesnt hinder the taste and you really have to expect a difference because of the protein."
1,Very bad Software...,"I've just purchased this, and will be returning it.The hardware is great (I don't even mind the flashing lights, which you can't see in sunlight anyway). It will sync itself within a reasonable time, and the auto shutoff feature is great.The problem is the software simply doesn't work for me. Having set the time on my camera as instructed, it insists on thinking that the tracks are 8 hours ahead (which I suspect is GMT!)... the time on the photos is correct, and when you view the tracks they're correct as well. The issue only comes up when you try and geocode your photos (isn't that the sole purpose of this device!?). There seems no way to resolve this.Don't bother to try and contact their Tech Support. If you call them, you're told to email. If you email them, you will never get a response (1 week and counting!). Their Tech Support Forum is basically a porn site, and contains no useful information."
2,A MUST FOR STONES FANS AND ROCK N ROLL AFICIONADOS,"Some lost gems. Jiving Sister Fanny, I Don't Know Why and I'm Going Down are outstanding in their genre'. And the Stones fan will be amused by some of the questionable decisions (Much Rather Be With The Boys) .and the alternate versions."
2,Different that expected,"This DVD was not what I expected. I expected comedy, and it ended being very serious. Different story line. Not your typical super hero movie. Good ending."
2,Very good politico-military history,"Wawro succeeds again in bringing life to an often underappreciated episode in modern European history. The Franco-Prussian War is covered in textbooks, but Wawro fleshes it out in marvelous detail, fully explaining not only the military side of the war, but the politics as well. Readers will gain insight into late 19th-century warfare and its eerie foretelling of wars to come."
1,Terrible Customer Service,"I filled my house with these products thinking that it was great. The system worked okay until one day the $13 transceiver went out. I called customer service and they said that they would replace it but it would take two weeks after they received the part. A month later they still have not got the part to me... They sent it to the wrong address once and I informed them of there error and they assured me that it was fixed. Well it wasn't... Anyway not to bore you with this, my opinion is if you want a cheesy system then buy it, don't plan on using the warranty or customer service though."
1,A Disappointing conclusion,"Although the animation and storyline faithfully follow along the same timeline. This production was made without any of the original voices from the previous two series so I felt like these were strangers. Like many people, I have fond memories as a child watching this cartoon series but as I watched the Bolar Wars series, I couldn't get into it because I didn't believe I was watching the adventures of Wildstar, Venture, Sandor, Nova and the rest of the crew. END"
1,peels,"I bought 2 bottles for my car and my sons car, It looked great for about 4 days then it started peeling on both car bumpers! I am so disappointed I could just puke. Don't but this product!"
1,Do not buy this game.,EA is already making enough money off of the $50 BF2 mod that they should not be selling their customer's data. If everyone buys this game then EA will continue with this stupid practice. So please do not buy this game.
2,A Great Series!,"I bought this book basically on the title alone. I was very happy with what I found inside. This is a story of a man that awakens from a coma to find the world overrun with the undead. The story is very reminiscent of Romero's films, very character driven with the zombies as part of the background and not a goofy gorefest. Great plot, great artwork. It's highly addictive (for myself and those I've loaned it to)."
2,Punk and 1950's Rock? ...you bet!,"Punk music in general has everything to do with 1950's Rock n' Roll... and it makes sense! The Rock explosion in the 1950's was the birth of 'youth culture' as we know it. it was loud, untamed, and outrageous... Exactly what punk was in the late 70's, as a reaction to overblown arena/art rock acts.The Misfits were and always will be a mix of the following:1) 50's greaser rock2) 70's punk3) and a TON of B grade horror movies.I can't think of a more perfect way for the 'fits to pay homageto their roots than a full album of 50's classics. Pick this up if you wanna hear how it started!"
2,Christ has returned to Christmas...,"Traditional Christmas values and music have returned with this CD from Clay. He is alternately strong and reverent with Silent Night, O Holy Night, Mary Did You Know to playful and joyful with Winter Wonderland, Sleigh Ride, and Joy to the World. He has added two selections that will become traditional fare in Don't Save It All for Christmas Day and Merry Christmas With Love. The love Clay has for his Christ and for the people of this world is abundantly clear in this wonderful CD. This will certainly be a CD everyone who loves Christmas music will enjoy for years to come!!!!"
2,The Gooodyear Gatorback Eliminates Sound & Nice Design,"If you are looking for a belt that makes no sound and built to last, I recommend the Gooodyear Gatorback"
2,true Christmas spirit....,"While some of these traditional carols are about the religious aspect of Christmas, every song is about the family oriented Christmas spirit. Uplifting without being preachy."
2,MARIO PARTY FAN,"I've always loved mario party its been a classic for NGC, I will probably buy a newer one just because this one is a little repetitive and doesn't require too much skill to win. Considering I'm older than 13 lol"
1,Manufacturer error,"I received some Chopin piano music in this Sills CD case, even with the correct logo burned in.Suspicious..."
2,must have,"if you're a believer and love worship songs, this is a must have. great songs, great emotions sung and heard through the songs and words. i recommend it to everyone."
2,Das Weiße Band -- eine deutsche Kindergeschichte,. . . should get the Oscar for Best Picture in 2010. Anyone else care to predict?
2,"Finally, a complete novela","La Reina del Sur was one of the most exciting, fast paced and tightly plotted telenovelas ever aired. It has great acting, led of course by Kate del Castillo in the title role. There are no subtitles, and it's in Spanish, so you have to be fairly fluent to understand what's going on. The story is gripping, tracing the unexpected rise, fall and rebirth of a woman who never asked to be, but somehow turned out to be, a very powerful figure in the international drug trade. Even though she's a ""criminal"", the viewer has a lot of sympathy for her, as she has a strong internal moral code, and cares deeply about her friends. The original series ran 63 episodes, and all 63 are included in full on Volumes 1 and 2 (6 discs each). The picture and sound are clear, and I'm really enjoying every minute, even though I saw it originally on TV."
2,Addicted!,"I must say I have a weakness for computer games. This game is a lot of fun. Of course finding time to fit it in is not always easy, but I manage!"
1,Great monitor!,"I really like this monitor. It is extremely sensitive and doesn't have an annoying hum like some less expensive monitors. The homes in my neighborhood are pretty close, so I really appreciate the privacy feature. I highly recommend this monitor."
2,Che's adventurous journey as a man intimately revealed.,"Over 800 pages of very minute details of one man's life. Incredibly Anderson ties everything together to make every day from Cordoba north explain the enigma of Che Guevara. I felt the author emphasized the man, not the political or revolutionary. He did not moralize on the revolution, but sought to understand and explain. Who knows, Che could have missed the boat and landed somewhere else, another Argentine youth looking for some meaning. He found it in Cuba, and the rest is history."
1,Not great,Within a month of purchasing this product the CD feature stopped working. Setting the alarm is a pain - forget about changing the time once it has been set! I would not purchase this product again.
2,decent,"overall,it's a good electronic dictionary. Except I have two complains. I don't really like how the keys are arranged, it's not very comfortable to type. In addition, sometimes I feel it's a little slow to load the definition of the word. But that maybe similar in all electronic dictionaries."
1,"A bit of a mess, really.","I found Simple Aggression's 1996 album Gravity in a clearance bin recently and decided to give the band a try. I figured that since it was on David Chastain's Leviathan label that it ought to be at least halfway decent and should have the kind of guitar shredding Chastain loves so much.More often than not, these cutout bin gambles pay off, but this time I struck out. Simple Aggression's sound seems to be a jumbled mix of thrash, grunge and nu-metal, none of which are my preferred musical genres. To make matters worse, it's bad thrash, bad grunge, and bad nu-metal. Gravity is also totally devoid of melody, which kills it for me right there.I'll give the band credit for maintaining a metal sound at a time when metal was a dirty word (hence the 2-star rating), but Gravity just isn't doing anything for me, and I'm pretty open-minded. It was a struggle to make it all the way through this album, and I'm not at all surprised that this was Simple Aggression's final album."
2,One of the most addictive games you will ever play!,"These games really bring back memories. I never was really into video games until I found these games and got absolutely obsessed with them. I think that this set would be a good start if you've never played the sims games before at all.You can't beat a game and it's seven expansions on four discs for only $40. I also recommend The Sims 2,and the expansion packs The Sims 2 University,The Sims 2 Nightlife, and The Sims 2 Open for Business."
2,Atlantis DVD,"It's a good movie. It's funny. It's good entertainment for kids and adults. I like buying through amazon, as I can get the DVD used, and pay a fraction of the cost."
2,Works very well.,I had only one digital co-ax input left in the back of my Bose. I then purchased this item to hook up my Dish DVR via optical cable out from DVR to this gadget to Bose digital co-ax input. Worked perfect. Just plug this converter to an outlet and then the optical and co-ax cables to it. Done. Digital sound galore.
1,"if you like Jackie Chan, don't watch this!","i'm a big fan, but this has to be THE worst Jackie Chan movie i've seen so far... and i've seen almost all of them. it was almost painful to watch the silly situations the twins got themselves into, and beyond belief that they couldn't figure things out. i would have given it 1 star except the fight scene at the end was pretty good."
2,Comfortable and Effective,These headphones are really comfortable and block out much outside noise without even turning on noise cancellation. Bonus: they came with a great case for storage.
2,the *golden ticket* to persuasion,"Dave Lakhani's book ""Persuasion"" is simply brilliant. I've read a lot of books on persuasion and this is one of the most clear, concise and compelling of them all. I was actually surprised by this book because I expected it to trod on the well-worn ground of influence and decision-making that most books on this topic cover. Instead, Lakhani takes a unique perspective and teaches us how to become experts, how to tell persuasive stories, how to arouse curiosity, and how to position ourselves and negotiate to win. His section on story-telling alone made me rethink how I speak to others and how people are truly persuaded. If it's your job to persuade then this book is your golden ticket to doing it effectively. -- Brendon Burchard, author of Life's Golden Ticket.Life's Golden Ticket: An Inspirational Novel"
2,This is a very good book to expand your knowledge.,"In my opinion, ""The Call of the Wild"", by Jack London is a good dipiction. I would recommend this novel to intelligent readers, because London uses difficult vocabulary words. When some of the people talk it is hard to understand, because they use colloquial language. For example ""And seein' it's government money, you ain't got no kick coming, eh, Perrault?"" (London page 7). The characters represent the time period very well. They show the hardships of living near the Yukon, how dogs are important for pulling a sled while the people look for gold. Overall if you are looking for a book to expand your knowledge, and vocabulary, this is the dipiction for you."
2,"Good,Modern Political Protest Music","Well produced and uncompromising in his approach,Forrest Whitlow writes music that moves you to form your own opinion about life-I have seen him perform many times,and he is warm and intelligent(and sometimes humorous)and writes a good catchy tune when he wants to,but this album is about the troubled times in which we live,and he points the finger at those in power-Snatch this up if you can!"
1,Samsonite contour neck pillow,Not very comfortable to use. Was not able to use it at all on the airplane.
2,Even better in person,This set is one of the cutest themes for a baby girl at babiesrus today. My husband and I recently found out that we are adding another baby girl to the family and this will go great with the other theme we have (paper dolls they will be sharing a room) Please go see this in person as the set has shimering embelishments that can't be seen in photos. This is also sold at JCpenney but as with every baby bedding item they have it costs a little more for the very same item.
2,Be better if they made 25 foot,Great hose just to long. I attach these hoses to heavier duty rubber style and then put the compressor where I don't need to hear it all day long. They are really light weight and easy to keep clean and kink free. I would really like to see a 15 foot and 25 foot option for these hoses. Forget the 100 foot version I can't even imagine getting the knots out of that length.
2,Simple and accurate pedometer,"I am very pleased with this pedometer. Once programmed (easily), it quite accurately gives a reading of miles, time, calories (a little overestimated, but OK), and steps walked. I'm a personal trainer and I gave one to all my clients for the holidays."
2,LOVE THESE!!!,"I have been buying Reef flip flops and sandals for over 17 years and as usual, I am never disappointed! These are so cute & comfy & fit perfectly (I'm a size 9). I bought these because I loved the zebra print and I'm so glad I did...LOVE THEM!!"
2,A good one!!,"What a great CD. These two guys should be getting alot more credit than they are at the moment. For one, it just sounds amazing. I'll admit it, most people will buy this for ""Crazy For This Girl"", and it is a very sweet song, but I do not consider it the best. I like ""On The Bus"" and ""Make It Better"". And another thing some might find interseting, the guys wrote or co-wrote every single song on their album, I checked. Awesome, simply awesome."
2,A good way to relive my childhood. Thank you amazon.com,"Just as i remember it. It was refreshing to see something from my childhood that had family values and sustenance to the humor. Oh how times have changed. I would recomend this to anyone who remembers this tv show from their childhood.Definetly worth the money, fast shipping, brand new dvd's. What more would you want?!"
1,"Stereotyped, out of context, and simplified...","Chabon's portrayal of Native American ""little people"" truly defies belief. First, he took legends from at least ten sources and mixed them up. Then he simplifies them and gives them downright stereotyped roles.This is one of the most disturbing pieces of European colonialism of Native American ideas that I have read in years. If you liked this book, but wanted portrayals of Native American ""fairies"" that resemble realistic, I highly suggest you read the books of Canadian author Charles de Lint. While most of his stories are meant for adults, many of his short stories are understandable to children if you wish to spend a little time explaining these things to them, and several of his published books are collections of short stories."
2,Durable and functional,"Our old cutting board didn't have the ""ring"" around the outer edge. When cutting juicy items (ie: a large turkey/chicken) you would end up with a mess on the counter. Also the ""diamonds"" in the middle do a great job of holding the item in the middle where you want. We've not had it long enough to speak about durability, but it feels nice, strong and solid. And in the function we cared about most, it keeps the counter clean while being used."
2,Alanis - Live Music Doesn't Get Any Better!,"I really enjoyed watching this DVD. It is great. Alanis is an amazing artist and this DVD shows just how great she can sound without the magic of a recording studio and production. The special features are cool, too. This DVD is pretty much an outdoor ""Unplugged"" concert, but without the audience. My favorites are ""Ironic"" ""Uninvited"" and ""Heart Of The House."" I really liked also that you learn history about the Navajo Indians as well as an Alanis treat. I learned a lot about the Natives and history of the different famous places that Alanis visited. The scenery was breath-taking and the music was spectacular. I wish she would've sang ""Hands Clean"" though. Otherwise this is a great DVD, one I will probably watch over and over endlessly! It is a must have for any Alanis Morissette fan or any fan of the ""Music In High Places"" series. It's great, you'll love it. I reccomend it to anyone! Enjoy!"
2,"You CAN re-paint Resin out-door furniture! Thanks, AMAZON!","30 years ago I purchased top-of-the-line out-door furniture from Grosfillex Boutique. Mechanically they're still like new, but the looks, oh the looks...I thought ""I have nothing to lose"" so I bought Krylon Fusion For Plastic Aerosol Spray Paint and went to work. All my furniture pieces now look like new again! If your furniture is really damaged by weather, like mine were, expect to use almost a can per chair...Krylon K02320000 Fusion For Plastic Aerosol Spray Paint, 12-Ounce, Gloss White"
1,Error in text,"This devotional is not what I expected when I started reading it, but that is not why I am rating it low. This book is basically a bunch of Scriptures under a certain topic, which follows the Purpose Driven Life book. That wouldn't be a problem except that I found multiple errors which changed the meaning of the text. Some I looked up, and it was not even the correct verse. This is the Holy Word of God we are dealing with, and it should not be taken lightly!"
2,Great quality,"Awesome product! Awesome company! I already knew the cake stand was good as it was the one I used at work every day, so when I found one on line, I purchased it and I have not been disappointed, not even a little!"
2,IP Man Blu-ray,"IP Man movie was great as expected. Beware buying the blu-ray version as it does NOT work on some blu-ray players. I had an issue when it would not get to the Main DVD Menu, all the trailers played but could not get to the Menu Option (Play etc.). I thought something was wrong with the DVD and returned it for replacement (great job Amazon). But when replacement had same problem I contact Panasonic as I thought it was bad but Panasonic WAS aware of th issue with that title. To get past the menu, ie, to play the movie I had to press ""1"" on the remote to play ""2"" for Special Features, etc. Otherwise movie itself is great."
1,"Don't buy it again, Sam","A complete waste of money. The ""newly discovered additional footage"" amounts to under a minute. The outtakes are of little importance and are mildly entertaining as a curiosity only.Sadly, this set is a shining example of Hollywood trotting out old material (such as the Bacall documentary which has aired many times on TV) on DVD that isn't worthy of a deluxe 2-disc set. Stick to the original 1-disc DVD and use the $10 you saved to buy a DVD of Sharky's Machine. Burt needs the cash."
2,wonderfull colloured picturs,This book has everything for entuiastic people with interrest of the Third Reich.It is good illustrated in text and photos.
1,Nasty gameses. Blowses and [stinkses] it does.,"Am I the only one in the world who thought that this game blowed? (blew? whatever). I was expecting something a little more than a straight fighting game, which is what this is. You fight and fight and fight and fight and fight and fight. No plot. No development. Large fight scenes are dark and confusing. Worth a rent, but I was not impressed."
2,Braun Silk-Epil Eversoft Body System 2370 - 220V,Very smooth and easy to use. It doesn't hurt at all and it lasts at least 2 weeks.
2,Á¿ ÁÁÀ....,"À ÀÌ ÖÈÄÀ À ÖíÀ óÀ ÖíÀ ¡ 3¿¡ 5ÀÌ Ü¿ì Ñ''Ù ¿¡' ÚÁö '¡ ¿ó ú'Ù. À¿ÀÀÌ,'¿ÄÚ,ÀÌ¿Áö À í Í'Ùé ßÁö .. (é ',.Ù 'Ñ Áö?,É !)"
2,Excellent brakes. Worth the money.,Installed these on my 1996 ZJ Jeep Grand Cherokee. Braking performance is excellent. Went with cheap pads the first time around and they lasted barely a year. These are stout and beat the snot out of the cheap junk. Well worth a few more bucks to have top-quality brakes.
1,not worth it,the Ant is designed I guess for special peopleI found it very uncomfortible to wear and annoying to use
1,Strange thing I noticed,It was kind of strange to see a pentagram on the front of the purple van. I wondering if it a mistake or a sneaky little symbol plug.
2,Lovable Characters,"I was surprised to find recipes in a novel - first time for that and I loved it. Even tried a few. The story and the characters in this book were just wonderful. I felt so warm reading this story about a small town girl growing up with lovable friends and family. I certainly needed an uplifting story after all the depressing ones I've read lately. This book reminds me of the old black & white TV show, ""Father Knows Best"" where parents are loving and kids are normal! Good for you, Karen!"
1,Dreck with a capital D,"I cannot begin to say how much I disliked this book. If not for the fact that I had to read it to lead a book discussion group, I'd have burned this copy so it wouldn't find its way into someone else's hand. The only thing I can imagine is that Patterson had a yacht payment due and needed the money, hence this drivel. An embarrassment to anyone over the age of 13, this book has little to commend it. Sophmoric writing, telegraphed plot, namedropping, cliches left and right...I can't even recommend it as a decent beach read, unless you intend to cast it out on the ocean afterward.To paraphrase Dorothy Parker, this book should not be put aside lightly--it should be thrown against a wall with great force.I'd like some stars of my own for having survived reading this!!"
2,Wonderful memories,"I watched these movies with my father and brothers on Sunday afternoons. We were farmers and Sunday afternoons were our only day of rest and these films and other ""old"" movies were an anticipated treat. These DVD's are clear, complete and have scenes I do not recall from my childhood! Watching these movies floods my mind with wonderful memories of a simpler, less complicated life."
1,Not working with my card reader,"I had bought a Kingston 2GB flash card before and it has worked quite well. For some reason, when I inserted the 4GB card in my card reader that I have been using, my Sony VAIO computer just freezed up. I had to pull it out and restore the desktop. I also inserted the card directly in the SD drive of the computer. The computer couldn't recognize it."
1,This is called revisionism,"First of all, let me say that I have a deep respect for the catholic faith, even though I'm agnostic. That said, there's one deeply disturbing fact about this book : it's manipulating old and recent history to prove a theory, which is that Marian apparitions have had an impact on the course of our world. Just a couple of examples : Marian apparitions shortened the 2nd World War (weather on D Day could have been really bad, you see), prevented France from suffering from a civil war in 1947 (never heard about it before) and accelerated the fall of Communism. My advice : if you want to read an OBJECTIVE book about Marian apparitions (if such a thing can simply exist !), just don't buy this one..."
2,A surprisingly deep childrens book,"Please read this book. One November, assorted misfits (the neurotic Fillyjonk, rebellious Mymble, senile Grandpa Grumble, freewheeling Snufkin, mundane Hemulen and Toft, an imaginitive child who has lived under a tarpaulin for as long as he can remember), try to fill the gaping voids in their lives by visiting the Moominhouse. Unfortunately the Moomins are all at sea, and so they find each other instead."
2,A must to keep a high torque car from flipping,A must to keep a high torque car from flipping; the product is also durable. A little harder to install but works great
1,Suspect Counterfeit,I suspect I was shipped a counterfeit product via Amazon of this product. The packaging is not as high quality as the VW Princess bottles I've had in the past and it doesn't smell right and is not the right color. I would not purchase from this website again.
2,Great for road trips or family get togethers,You can't go wrong with this series. We enjoy getting the family together and reading them outloud. Gets the kids away from the video games and TV. Many are really challenging but someone usually figures them out in the end.
2,Truly a great read,I find the Philly gangs one of the most interesting in a sense that they survived as they did for many years with violence as a priority and leadership lacking at all levels.This book is hard to put down.I never got bored reading it.Truly a well written book I believe because there was total honesty in the story telling.Many mob books are left with untold facts.I believe this is a story of the facts.Very entertaining if you are a mob story enthusiast.
1,"Ok Movie, terrible DVD","The movie itself is alright, a little too manufactured and even quite ridiculous at some points (especially the ending). Though still entertaining.The main problem is that the movie is spaced into 2 discs, very reminiscent of a Laser Disc flipping sides. Everyone knows that DVDs can hold more than one movie easily, however the moron who edited this movie decided to place bonus materials on both discs, not leaving room for the entire movie on one, IDIOT!!!!Rent it, its not worth owning like this, might as well end the movie half way through."
2,Works perfectly,"Did exactly what it was supposed to do perfectly! I was having trouble with my Firewire 800 and 400 hard drives crashing with my iMac when on at the same time. Using this cable, they now work in harmony."
1,Very disappointed!,"I can not believe how many dog toy manufacturers get away with calling their products durable! Every bit of advertising for this product is directed toward how tough it is. In fact it is not at all, my Boxer had both ends chewed off and the stuffing pulled out in less than 30 minutes. I know toys aren't indestructible, but if I am going to spend this kind of money on a dog toy I expect it to last considerably longer than the ones priced much less. In short, do not waste your money if you have a large dog!"
1,Can you say leech?,"Leeches are trying to suck out the profit for each of these, they filmed it digitally and are still stretching out the releases..."
1,WE WANT SEASON BOX SETS! STOP PLAYING WARNER!,Fans wants SEASON BOX SETS now! Stop playing with us and making more $ at our expenses....bring out SEASON BOX SETS NOW! This 3 DVD Pack a.k.a JUSTICE LEAGUE COLLECTION are the 3 first single DVDs releases in 1!!!! No way! How can you call it a JL COLLECTION?? OMG! WARNER BROS. PLEASE LISTEN TO THE FANS FOR GOD'S SAKE.
1,a book for background,"The world is interesting, but the character might be more interesting. Unfortunately he travels across the world and among several different elements of society somewhat passively. We start with him gambling, see a few of his observational insights, and we end with him leaving a gambling table (though not as interesting as the first scene), but the rest of the time our hero is more of a reluctant fighter and sexual opportunist than a gambler. His travels become the excuse to put the world on display. Tension between the classes of society are built up but unresolved. In what passes for adventure our hero keeps pulling off snap shots and escaping, traveling once again to another part of the world until some crisis moves him on. The conclusion of this book must be in the sequel because it was not in this one... but I don't care to finish it."
1,Blender Nightmare,"I currently have the white 7 speed blender. The little black piece on the base, split it two one night, rendering the product useless. I called Cuisinart and they sold me a replacement part that cost almost as much as the blender with shipping and handling. I get the part and it's the wrong part and now their unavailable for help and don't make the part to fix it. One of my friends owns a Cuisinart blender and the same thing happened to her. I was getting ready to buy a replacement and saw all the other reviews. . seems every blender they make is defective and we're all suffering from this. . guess my next blender will be a Kitchen Aid."
1,I see the Artistry Now let me Barf!,"As a fairly serious cineast, I am most patient with many films. I sat through over 2 hours of this movie hoping that it would find a way to remedy its illogical plot. If this were a comedy, I would probably be able to suspend my disbelief longer. But comedy this certainly is not! Between the documentary-like camera handling (which leaves you dizzy) and the implausible premise (Bess' husband is paralyzed neck down and all he can think of is getting his wife laid by someone else? Hello?!?!?) I don't know who is dumber, Bess or her husband! Don't waste your time with this film unless you really are into a die-hard ""art to the death"" fan."
2,Great toaster,The lever that lifts the bagel out of the toaster is worth the extra money alone. No problems with toasting speed. In fact it is much faster than my other toaster.
2,Sanctuary,I believe that Dr. Jeremiah is truly a man of God. I have almost every book he has written and have learned so much from is ministry. This devotional not only teaches but it also encourages and lifts you up on a day to day basis.
2,A great acessory,"I jst got one in the mail, and it is awesome. It has enough space for 200RAW pictures, or 120 RAW+JPEGs. It has reasonably fast Read/Write times, and is faster than many competing cards. 2GB is a good size to have because larger drives, when corrupted make you lose a lot of shots. also, it is a great buy for the price, considering that you are getting professional quality cards. If you buy a no-name card, then you might be getting a rebadged high quality card, or a PRAM card, good for maybe 50-75 Write cycles (fully filled then fully emptied) PRAM is used for BIOS information for computers and is written to maybe 2 times in a computer's lifetime. Many companies are buying it because it is cheap and passing it off as regular memory. With a card like this it is assured to be a good solid card. Friends of mine have been using them for years."
2,Hilarious!!!,"This novel is so great the main character georgia is such a fantastic character she represents most all young teenage girls she is funny and fresh. this novel is sure to have you on the floor laughing, a great pick me up novel!"
2,Best watched PROJECTED ON THE SIDE OF A TOTER HOME!!,"I borrowed this from Netflix, I probably would not purchase it, but... maybe.It would make a great father's day gift.It's funny to me how you can still tell the formula vee drivers -- they're wearing the same clothes they were in this video.The computer effects were probably done on an Apple II GS... we're frankly very spoiled these days. In cultural context (1980-1982 copyright date?) it's pretty damned cool. Watching amateur racers unloading their pride and joy at the Bahamanian race made me very jealous.It's vintage racing, you're not going to get Jerry Bruckheimer quality, you're basically watching the 1980's version of youtube videos. Go into it expecting some really amateur production of amateur racing and you will enjoy."
1,Learning to use your fingers is more effective,"I had a fear of touching my eyes after first getting my contacts. After taking two and a half hours to take them out one night I decided to break down and get this. (The price was around 8 dollars when I got it)It didn't really do much, I could never get a good grip on my contact lens with it and had to resort to pinching with my fingers. (Got over my fear of touching my eyes by just doing it once an hour with no contacts in)The only reason I can see someone using this if if they have long fingernails. It also seems like using this would reduce tearing on contacts. It's just too much of a hassle to use."
2,canon kp-361PPaper pack,I was very pleased with my purchase. I used to be able to buy the canon paper pack here in town but no one has it anymore so I was pleased to find it on line. The time from order to delivery was great. I will be buying more in the future from amazon.com thanks so much Lynda Holland from Baker city OR
2,HOUSE BRAVE HEART,SEASON SIX I THINK IS ONE OF MY FAV SEASON THE SHOW IS IS GREAT I CAN WATCH IT OVER AN OVER AGAIN HUGH LAURIE IS THE SEXIEST ACTOR IN HOLLYWOOD AND I LUV 13
2,The Vision of the Anointed,Dr. Thomas Sowell does not write a bad book; he is an excellent writer. He epitomizes excellence. I enjoy reading his books.
2,easel companion set review,Very convenient to be able to purchase the accompanying essentials to complete the easel set.
2,Death Of Richie,this dvd is very serious and sad it about a teenager who get involed with druges and then later fines out that it is just a waste of life for him when reality kick in then it is too later too save himself or the parents can't I will neve forget about this movie for as long as I live it ia a must but for someone who does not no what they are getting into.
2,Easy to use with the hood on,"Well, I lost my lens cap down a sewer, so I just purchased a cheap generic 72mm cap. That was a mistake, the generic cap is difficult to put on and off, especially with the hood on the lens.My new rule, buy genuine replacement caps :-)"
1,Defective,"This didn't work well. You can play your IPod (sometimes) but it will not charge it. I called the seller and they were very good about me returning the item. I didn't get my return shipping paid and I haven't received my credit yet, though I should in a few days, hopefully. I would not buy this item. Its too bad because I wanted a small I Pod dock with a clock radio."
2,Meter,Had a technician that had this meter and it got water in it. Amazon is the first place I looked. Reasonable price and seller shipped fast. Easy work...Good Job
1,great performance rendered useless,"The performances on these recordings are wonderful. Truly treasures. It's really unfortunate, though, that the transfer is so incredibly poor. Here's the worst part: the mastering engineer is proud of it. There's a disclaimer about the mastering in the liner notes: the original 78-rpm record was transfered to tape then digitized for the CD with all care taken to preserve the quality of the original platter. I appreciate the care in concept but the hiss is infuriating and it really rendered this collection almost unlistenable.Definitely preview this collection before you buy it."
1,Beware of good reviews,"A good review written soon after purchase is not a good indication of what is in store. Like another buyer, my decision was made on good reviews. The unit worked great for 18 months, but then the drawer refused to open. Not much to be done except get a new one.On checking the reviews, found a number of people had problems after the honeymoon."
1,Mildly Funny Teenage Hijinks,"I must say that I was very disappointed in the film, ""American Pie"". Why? Because we've seen the formula done before and done better than it is here. For example: ""Fast Time At Ridgemont High"" and ""Porky's"".Don't get me wrong. I don't completely hate the movie. The actors are very good with the material that they are given. Plus, it is well-directed. Also, there are several very funny scenes in this movie, but as a whole the film just desn't work.Eugene Levy steals every scene he is in as the father who tries to deal with his pastry-porking son.The DVD is nicely done. The picture is good, as is the sound. The film is available in an R-Rated and Unrated version. There is little difference between the two. Apart from the pie scene and a few snippets of dialogue, they are the same."
2,Spence wants to buck the system,"Im a fan of Mr. Spence and have owned all but one of his books. This is an interesting book, but your showing your lack of resonableness if you go along with it whole-heartedly. In fact it's probably what Mcviegh read before making his bomb. We can't change the system overnight(nor would we want to if we had to replace it with Gerry's ideas). He's much like Nader(except anybody takes a better picture than Ralphy) in the sense that he could get alot farther if he only focused on changing part of the world at a time. Still it's worth reading just to think of it all in a different way."
1,can't hear,"My husband seems to go through these phone headsets about yearly. We have been buying a panasonic which has been ok, but we wanted to try the plantronics to see if it would last longer. I am sure it will, because he rarely uses it! He tried it for several days, but said he just couldn't hear the person on the other end. They could hear him ok, but he was sick of asking everyone to repeat what they said. This one isn't a good one."
2,Good for Light Label Use,"This works great. However, there are 2 things I don't like about it. 1) too much waste of label before and after printing and these cartridges are not cheap. 2) it always tells me the battery needs to be replaced even with new batteries in it. I just keep using it until it actually dies then replace the batteries.This is great for light labeling. Buy something better for heavy use."
2,Clear Answers yes but....,"I've seen this author on TV several times and I like what she has to say. This book has great tid-bits and is also very easy to read BUT it does lack a little something. However, for less than $12.00 it's definatly worth picking up and having some peace of mind."
2,True Blood First season..,"I already watch the show.>I find it to be very entertaining and some what addicting. I was very pleased with the price on this item. For this Item, I can honestly say that there is nothing that I would have liked to know before making my purchase."
2,Perfect for Me!,"I have fairly big/wide fingers, and everyone noticed this immediately the next day. I have other rings and they hardly ever notice them. But they sure marveled at this one! I loved how it made my fingers look slimmer, and longer too. The shipping was fast and quick, so don't expect to wait long to have your friends and neighbors marvel over you and your new ring."
1,Junk,"This product does not live up to expectations; it does not clean the car, the head has very low torque. Additionally the product broke on the first use."
2,great cd,k i gatta keep this short cause i gatta go soon but this album is great...not as good as his first but still good. and y would i listen to someone's review that says bunk instead of junk....lol i just got to laugh people say this is bad...lol
2,Truly enjoyed this book,"Truly enjoyed this bookIt was fast paced, full of action, suspense, and the allure of historical mystery to boot. Can't beat that combination. Smith is completely unique in his concept and characters. Although sometimes things worked out a little too perfectly for the main characters this is an action packed thriller that will keep you guessing. The end was completely unexpected."
2,Off the HoOk!,This CD is slammin~ just like the movie! and the songs are great for dancing! this CD is one of my favorites and i consider it a MUST BUY!
1,Terrible Durability,"Good sound but after very little use, the left ear bud stopped working. I used them seldom and only on airplanes but after just about 20 hours of use, the left ear bud is no longer working. I took excellent care of these, never left them in a hot car, always kept them in the protective carrying case, and they still broke. Even the hinge on the protective carrying case broke so I had to scotch tape it. Terrible durability!"
1,Hardest series I've ever tried to watch.,"Yeah, one star in the face of 5 star ratings. I really hate giving anything one star, but this series was one of the most painful I've ever tried to watch; and it wasn't from a lack of trying.To be sure that it wasn't me, I subjected several other friends / coworkers to it. But we all had the same reaction, even after the first 3 episodes.Don't get me wrong, on paper, the summaries sound hilarious. I'm just guessing the problem is with the delivery. I don't know if it is the handheld camera, the lack of a laugh track, or the fact that 100% of all acting in a cubed environment. It could even be that much of the humor is physical, buried in gestures and not so much in the dialog.Maybe if you don't work in a cubed environment it might be funny to you (hit too close to home for me), but just a warning that I've yet to find anyone I know who can tollerate it."
1,omgomgomg!!!! AWZUMM!!!!!!!,"omgomgomomg lyk OK!?!?! ok lyk mee nd my frendz wur n da rekkurd stor lukin 4 da noo hillary duff albimm win lyk my 1 frend wuz al lyk ""omgomg! lyk GC haz a noo albimm out!!"" OMGOMGOMGOMG!!!! i almost fayntd!!!! i lyk bawt da albimmm nd lyk playd it on my momm's cee dee playr. OMGOMGOMGOMG!!! it iz lyk SOOOOOO KEWL!!!thizz tym arond, da boyz in gc (naptown wurdwyd!!!!) wur seeriyiss!!! they r lyk repsectable moosishuns!!!! they ryt ballids now!!!!!!! :-) omgomgomg dey be soooo talented... so mutch moor talented den dat greeeen day band dat dis kid in my bio clazz lizzens 2. OMGOMGOMGOMG!!! GC rulz!!! WALDORPH WURLDWYD!!!!! if u dont lyk GC u r JELISS?!?!?!? u r a LOOOOOOZR!?!? GET A LYF!?!?!?!?!?!?!?!?!?!??!?!If you believed that for a second... this album's for you.(And I shouldn't have to say this, but Green Day are far beyond what these posers will ever be.)"
1,Lotsa Stuff,"I would have liked to see a better description of the contents of the kit. Several things were not needed. As an old man buying a present for a grandson I feel like I got a lot of filler and little useful articles. Honestly, I felt misled."
1,I like cult movies.. but this?,"Maybe it's just me, but I just can't get into this movie. It took me a week to get though this movie 15 mins at a time, it was that bad.Some of my friends love this movie and I just can't figure out why, it's not funny, slow paced and the acting (except for John Lithcow (sp?)) is horrible. I gave this movie a second star just because I think ""Laugh while you can monkey boy!"", is a really funny line.Unless your a hardcore Peter Weller fan, or a fan of everything ""cult"" stay away from this movie."
2,I'M NOT WORTHY!,"Me, being an essential night fan, and a true Iced Earth maniac, deided to give this a try. EXCELLENT! Lots of great songs, and of course, the NIGHT songs! Stormrider, Pure Evil, Desert Rain, and Travel In Stygian. All of them mention NIGHT. Jon Schaffer's riffs are grat, and John's singing is really good (I really love the scream in ""Mystical End""). The only song that i can't stand is ""Mystical End."" It takes place in the day. Eck. Also, the long interlude thing annoys me. Still, great singing though. Perfect album."
1,This product is not made in Spain as described,"Bought this item specifically because it was advertised as made in Spain and not China. However, when the product arrived the box had made in China printed on it. The Fagor Futuro line is still made in Spain if you're looking to by a product made in Spain."
1,"Thankfully, a fading memory.","To the fan from USA - this not an ""awesome"" CD, rather it was a display of some of the worst music and behavior ever forced on the American public. Great music stands the test of time. These recordings, thankfully, are finally fading into the past. In my opinion, they can't disappear fast enough."
2,HOLES,"HOLES IS A VERY GREAT BOOK. THIS BOOK IS ABOUT A BOY WHO HAS ALWAYS BEEN IN THE WRONG PLACE AT THE WRONG TIME. SO ONE DAY HE WAS WALKING DOWN THE STREET WHEN HE WAS GIVEN A PAIR OF SHOES THAT WERE A FAMOUS BASKETBALL PLAYERS AND WAS ARRESTED FOR IT . THE JUDGE SENTENCED HIM TO CAMP GREEN LAKE WHERE HE HAD TO DIG HOLES EVERY DAY . STANLY DID THIS FOR THE LONGEST OF TIME UNTUKK HE MADE FRIENDS WITH AN MATE FROM THE CAMP HIS NAME WAS ""ZERO"". STANLY AND HIS FRIEND ZERO RAN AWAY FROM THE DESERT CAMP AND ALMOST DIED THOUGH THE ADVENTURE. SO THE NEXT TIME U SEE A HOLE IN THE GROUND THINK OF THE BOOK ""HOLES"" AND READ IT BECAUSE IT IS AN EXCELENT AND EXCITING BOOK ! I HIGHLY RECEMAND THIS BOOK BECAUSE IT KEEPS YOU ON THE EDGE OF YOUR SEAT EVERY SECOND OF IT ."
1,A Boring Series,"Alba spends most of her time building plastic models. One day, after her Grandmother dies, she is kidnapped by a cross-dressing man. He takes her to a base where she becomes the pilot of a mecha called a Jinki. Alba fights to save humanity.This anime is pretty boring. I realized about 7 episodes into the series that all these battles that took place for no reason. There is no clear enemy. It's like a child playing with with toy soldiers. There is no point to anything that happens in this series. The good guys and bad guys have no goals or allegiances. It seems like they have a simple code: ""Wow! Another mecha, lets blow it up!"" They simply fight for the hell of it. The animation is average, the voice acting is pretty good, and the soundtrack is okay. Nothing important happens in this series. It just kinda exists. I can't recommend it. It's a serious bore."
2,Great Item!,We ordered two of these and they were a big hit with the kids! The color was a lot more pleasing in person too! We'll probably end up getting more since everyone liked them!
2,Excellent,"Since I have not read Steinbeck's book of which this movie was made from, I can't attest to its accuracy. From what accounts I have read of the depression and from Steinbecks other book ""The Grapes of Wrath"", this book also accurately depicts the hardscrabble existence that many poor people went through. All the actors played their parts very well. It is an excellent film, and I'd rate it right up there with ""The Shawshank Redemption""."
2,from Ohio,i LOVE the stone. it's large enough to make Pizza for 4. it's thicker than others which i've broken in the past. BUY this one!
2,This is the only book you need to buy.,"If you need to learn MS Project quickly and efficiently, this is the only book you need. It's easy to follow and the structuring of the chapters makes it perfect for the beginner to intermediate user. I am only on Chapter 4 and I already have a solid working knowledge of the software."
1,"great plot, extremely confusing","Lord Jim had all the key elements for an extremely interesting story, love/ murder/ adventure, but quickly loses the reader with the confusing writing style. It is hard to know who is talking and Jim's personality or looks are only discussed in the first two senetences of the story. I believe that if Conrad had lightened his style a little bit it could have been a much better novel."
1,good for entertainment,Wanted to watch something to pass the time and this succeeded. I'm very much into Anime but this didn't hold my attention at all. Will give to someone else for free or a yard sale. Definitely wouldn't watch it again...
2,patient instruction,this is an excellent group of instructions for patients and should be used more often by physicians what more could be said
2,Inspirational,WOW! This is a moving and inspirational story of a family determined to survive. Told simply and concisely. While the Oufkirs' experience was horrific and unthinkable the book left me with a surprising feeling of warmth and inspiration about their survival and courage the simple closeness and support that got them through years of torture and imprisonment.
1,"Great, but don't drop it",Slipped out of my hand about 6 inches from concrete and it died. Bought a $18 replacement bulb (with shipping) and that lasted a split second as I watched it short out. PO'ed.
2,The Matchmaker,"An excellent comedy - love story for all the family , typically Irish , love the songs and it is just so easy to watch over & over again. A good clean fun filled flick without all the usual outlandish swearing and violence. Well done to all , a big 5 Star from Oz We would all love to vist an Irish town like the one in the movie. Not available in DVD in Australia as far as I know but as soon as it is we will ad it to our library.Tony"
2,Cooking with Coconut Flour,"Coconut flour is BY FAR the best gluten-free flour I've tried, and all the recipes I've tried from this book have been successful and a superior product. The taste and mouth feel are excellent, which is a thankful surprize with gluten-free products. As a bonus, coconut flour is lower-carb than other gf flours. I bought one for myself and one for my daughter, and we couldn't be more pleased."
2,"good work, too descriptive though","Very nice work. She really covered some interesting aspects of his life, especially with his wife.The only thing that brings it down from 5 stars is the incredible use of descriptive adjectives.In almost every paragraph in the book, she uses overly embellished adjectives. This may seem like not a big thing...but interestingly, she rarely, if ever, repeats a single one.Literally must have used every single adjective in the english language in this book. It seems almost humanly impossible to do such a thing. But she did it.That made it a harder read, at least the first 1/4 of the book until you get used to such an overly descriptive way of writing. All in all, a very good book though. Just be prepared, might want to get a dictionary just in case too.I would say to fully enjoy the period you should read Roosevelt and taft right after this one...so much going on with the new imperialism the US decided to take...and the fight for worker's rights."
